solid OpenSCAD_Model
  facet normal 0 0 -1
    outer loop
      vertex -9 -15.588457268119894 0
      vertex -9.13877802483748 -9.800139601696884 0
      vertex -8.9663501252087 -9.958140661397083 0
    endloop
  endfacet
  facet normal 0 0 -1
    outer loop
      vertex -9 -15.588457268119894 0
      vertex -12.424263651194952 -5.019728351773221 0
      vertex -12.334765036262702 -5.235797121756269 0
    endloop
  endfacet
  facet normal 0 0 -1
    outer loop
      vertex -9 -15.588457268119894 0
      vertex -12.509977715062504 -4.8021305239070236 0
      vertex -12.424263651194952 -5.019728351773221 0
    endloop
  endfacet
  facet normal 0 0 -1
    outer loop
      vertex -9 -15.588457268119894 0
      vertex -10.840827724624296 -7.87632238071914 0
      vertex -10.701715834633724 -8.064321310237448 0
    endloop
  endfacet
  facet normal 0 0 -1
    outer loop
      vertex -9 -15.588457268119894 0
      vertex -10.97663739347249 -7.685924247104017 0
      vertex -10.840827724624296 -7.87632238071914 0
    endloop
  endfacet
  facet normal 0 0 -1
    outer loop
      vertex -9 -15.588457268119894 0
      vertex -11.109103472237559 -7.4931849065080085 0
      vertex -10.97663739347249 -7.685924247104017 0
    endloop
  endfacet
  facet normal 0 0 -1
    outer loop
      vertex -9 -15.588457268119894 0
      vertex -11.238185610468683 -7.2981630692013635 0
      vertex -11.109103472237559 -7.4931849065080085 0
    endloop
  endfacet
  facet normal 0 0 -1
    outer loop
      vertex -9 -15.588457268119894 0
      vertex -11.363844488496108 -7.1009181407249455 0
      vertex -11.238185610468683 -7.2981630692013635 0
    endloop
  endfacet
  facet normal 0 0 -1
    outer loop
      vertex -9 -15.588457268119894 0
      vertex -11.486041829408306 -6.901510203794726 0
      vertex -11.363844488496108 -7.1009181407249455 0
    endloop
  endfacet
  facet normal 0 0 -1
    outer loop
      vertex -9 -15.588457268119894 0
      vertex -9.958140661397083 -8.9663501252087 0
      vertex -9.800139601696884 -9.13877802483748 0
    endloop
  endfacet
  facet normal 0 0 -1
    outer loop
      vertex -9 -15.588457268119894 0
      vertex -10.559344098330074 -8.249863769363822 0
      vertex -10.413755883523411 -8.432893240067822 0
    endloop
  endfacet
  facet normal 0 0 -1
    outer loop
      vertex -9 -15.588457268119894 0
      vertex -10.413755883523411 -8.432893240067822 0
      vertex -10.264995537794306 -8.613353969799626 0
    endloop
  endfacet
  facet normal 0 0 -1
    outer loop
      vertex -9 -15.588457268119894 0
      vertex -10.264995537794306 -8.613353969799626 0
      vertex -10.113108374985146 -8.791190988472797 0
    endloop
  endfacet
  facet normal 0 0 -1
    outer loop
      vertex -9 -15.588457268119894 0
      vertex -10.113108374985146 -8.791190988472797 0
      vertex -9.958140661397083 -8.9663501252087 0
    endloop
  endfacet
  facet normal 0 0 -1
    outer loop
      vertex -9 -15.588457268119894 0
      vertex -9.639153324537926 -9.308422164150564 0
      vertex -9.475230867899738 -9.475230867899738 0
    endloop
  endfacet
  facet normal 0 0 -1
    outer loop
      vertex -9 -15.588457268119894 0
      vertex -9.800139601696884 -9.13877802483748 0
      vertex -9.639153324537926 -9.308422164150564 0
    endloop
  endfacet
  facet normal 0 0 -1
    outer loop
      vertex -9 -15.588457268119894 0
      vertex -9.308422164150564 -9.639153324537926 0
      vertex -9.13877802483748 -9.800139601696884 0
    endloop
  endfacet
  facet normal 0 0 -1
    outer loop
      vertex -9 -15.588457268119894 0
      vertex -9.475230867899738 -9.475230867899738 0
      vertex -9.308422164150564 -9.639153324537926 0
    endloop
  endfacet
  facet normal 0 0 -1
    outer loop
      vertex -9 -15.588457268119894 0
      vertex -10.701715834633724 -8.064321310237448 0
      vertex -10.559344098330074 -8.249863769363822 0
    endloop
  endfacet
  facet normal 0 0 -1
    outer loop
      vertex -9 -15.588457268119894 0
      vertex -11.604740410711477 -6.7 0
      vertex -11.486041829408306 -6.901510203794726 0
    endloop
  endfacet
  facet normal 0 0 -1
    outer loop
      vertex -9 -15.588457268119894 0
      vertex -11.719904075667904 -6.4964489113009165 0
      vertex -11.604740410711477 -6.7 0
    endloop
  endfacet
  facet normal 0 0 -1
    outer loop
      vertex -9 -15.588457268119894 0
      vertex -11.831497744309623 -6.290918941330937 0
      vertex -11.719904075667904 -6.4964489113009165 0
    endloop
  endfacet
  facet normal 0 0 -1
    outer loop
      vertex -9 -15.588457268119894 0
      vertex -11.93948742412413 -6.083472696509927 0
      vertex -11.831497744309623 -6.290918941330937 0
    endloop
  endfacet
  facet normal 0 0 -1
    outer loop
      vertex -9 -15.588457268119894 0
      vertex -12.043840220408839 -5.874173366973637 0
      vertex -11.93948742412413 -6.083472696509927 0
    endloop
  endfacet
  facet normal 0 0 -1
    outer loop
      vertex -9 -15.588457268119894 0
      vertex -12.14452434629111 -5.663084707325373 0
      vertex -12.043840220408839 -5.874173366973637 0
    endloop
  endfacet
  facet normal 0 0 -1
    outer loop
      vertex -9 -15.588457268119894 0
      vertex -12.241509132410853 -5.450271017215723 0
      vertex -12.14452434629111 -5.663084707325373 0
    endloop
  endfacet
  facet normal 0 0 -1
    outer loop
      vertex -9 -15.588457268119894 0
      vertex -12.334765036262702 -5.235797121756269 0
      vertex -12.241509132410853 -5.450271017215723 0
    endloop
  endfacet
  facet normal 0 0 -1
    outer loop
      vertex -18 0 0
      vertex -13.001962732098352 -3.2417534010355475 0
      vertex -12.943406072273516 -3.468175204373778 0
    endloop
  endfacet
  facet normal 0 0 -1
    outer loop
      vertex -18 0 0
      vertex -13.056558868122153 -3.014344128207791 0
      vertex -13.001962732098352 -3.2417534010355475 0
    endloop
  endfacet
  facet normal 0 0 -1
    outer loop
      vertex -18 0 0
      vertex -12.591881118531173 -4.583069920563961 0
      vertex -12.509977715062504 -4.8021305239070236 0
    endloop
  endfacet
  facet normal 0 0 -1
    outer loop
      vertex -18 0 0
      vertex -12.669948913030845 -4.3626132697259 0
      vertex -12.591881118531173 -4.583069920563961 0
    endloop
  endfacet
  facet normal 0 0 -1
    outer loop
      vertex -18 0 0
      vertex -12.814483729904675 -3.917780843284673 0
      vertex -12.744157318355057 -4.1408277246242955 0
    endloop
  endfacet
  facet normal 0 0 -1
    outer loop
      vertex -18 0 0
      vertex -12.744157318355057 -4.1408277246242955 0
      vertex -12.669948913030845 -4.3626132697259 0
    endloop
  endfacet
  facet normal 0 0 -1
    outer loop
      vertex -18 0 0
      vertex -12.880906725573473 -3.693540567947789 0
      vertex -12.814483729904675 -3.917780843284673 0
    endloop
  endfacet
  facet normal 0 0 -1
    outer loop
      vertex -18 0 0
      vertex -12.943406072273516 -3.468175204373778 0
      vertex -12.880906725573473 -3.693540567947789 0
    endloop
  endfacet
  facet normal 0 0 -1
    outer loop
      vertex -18 0 0
      vertex -13.107177849832997 -2.786016656957975 0
      vertex -13.056558868122153 -3.014344128207791 0
    endloop
  endfacet
  facet normal 0 0 -1
    outer loop
      vertex -18 0 0
      vertex -13.153804258198697 -2.5568405380457007 0
      vertex -13.107177849832997 -2.786016656957975 0
    endloop
  endfacet
  facet normal 0 0 -1
    outer loop
      vertex -18 0 0
      vertex -13.196423890363588 -2.3268855807368665 0
      vertex -13.153804258198697 -2.5568405380457007 0
    endloop
  endfacet
  facet normal 0 0 -1
    outer loop
      vertex -18 0 0
      vertex -13.235023763974846 -2.096221831539094 0
      vertex -13.196423890363588 -2.3268855807368665 0
    endloop
  endfacet
  facet normal 0 0 -1
    outer loop
      vertex -18 0 0
      vertex -13.269592121137043 -1.864919552864877 0
      vertex -13.235023763974846 -2.096221831539094 0
    endloop
  endfacet
  facet normal 0 0 -1
    outer loop
      vertex -18 0 0
      vertex -13.300118431993715 -1.6330492016289762 0
      vertex -13.269592121137043 -1.864919552864877 0
    endloop
  endfacet
  facet normal 0 0 -1
    outer loop
      vertex -18 0 0
      vertex -13.326593397934863 -1.4006814077865566 0
      vertex -13.300118431993715 -1.6330492016289762 0
    endloop
  endfacet
  facet normal 0 0 -1
    outer loop
      vertex -18 0 0
      vertex -13.38163576571129 -0.7013018136554474 0
      vertex -13.367358273481644 -0.934736748171279 0
    endloop
  endfacet
  facet normal 0 0 -1
    outer loop
      vertex -18 0 0
      vertex -13.34900895442939 -1.1678869528186195 0
      vertex -13.326593397934863 -1.4006814077865566 0
    endloop
  endfacet
  facet normal 0 0 -1
    outer loop
      vertex -18 0 0
      vertex -13.367358273481644 -0.934736748171279 0
      vertex -13.34900895442939 -1.1678869528186195 0
    endloop
  endfacet
  facet normal 0 0 -1
    outer loop
      vertex -18 0 0
      vertex -13.391837082055883 -0.467653255813513 0
      vertex -13.38163576571129 -0.7013018136554474 0
    endloop
  endfacet
  facet normal 0 0 -1
    outer loop
      vertex -18 0 0
      vertex -13.397959115095643 -0.23386224625959906 0
      vertex -13.391837082055883 -0.467653255813513 0
    endloop
  endfacet
  facet normal 0 0 -1
    outer loop
      vertex -18 0 0
      vertex -13.4 0 0
      vertex -13.397959115095643 -0.23386224625959906 0
    endloop
  endfacet
  facet normal 0 0 -1
    outer loop
      vertex -9 -15.588457268119894 0
      vertex -18 0 0
      vertex -12.509977715062504 -4.8021305239070236 0
    endloop
  endfacet
  facet normal -0.8660254037844387 -0.5000000000000001 0
    outer loop
      vertex -9 -15.588457268119894 0
      vertex -18 0 100
      vertex -18 0 0
    endloop
  endfacet
  facet normal 0 0 -1
    outer loop
      vertex -9 -15.588457268119894 0
      vertex -8.432893240067822 -10.413755883523411 0
      vertex -8.249863769363822 -10.559344098330074 0
    endloop
  endfacet
  facet normal 0 0 -1
    outer loop
      vertex -9 -15.588457268119894 0
      vertex -8.249863769363822 -10.559344098330074 0
      vertex -8.064321310237448 -10.701715834633724 0
    endloop
  endfacet
  facet normal 0 0 -1
    outer loop
      vertex -9 -15.588457268119894 0
      vertex -8.791190988472797 -10.113108374985146 0
      vertex -8.613353969799626 -10.264995537794306 0
    endloop
  endfacet
  facet normal 0 0 -1
    outer loop
      vertex -9 -15.588457268119894 0
      vertex -8.9663501252087 -9.958140661397083 0
      vertex -8.791190988472797 -10.113108374985146 0
    endloop
  endfacet
  facet normal 0 0 -1
    outer loop
      vertex -9 -15.588457268119894 0
      vertex -8.613353969799626 -10.264995537794306 0
      vertex -8.432893240067822 -10.413755883523411 0
    endloop
  endfacet
  facet normal 0 0 -1
    outer loop
      vertex -9 -15.588457268119894 0
      vertex -7.87632238071914 -10.840827724624296 0
      vertex -7.685924247104017 -10.97663739347249 0
    endloop
  endfacet
  facet normal 0 0 -1
    outer loop
      vertex -9 -15.588457268119894 0
      vertex -8.064321310237448 -10.701715834633724 0
      vertex -7.87632238071914 -10.840827724624296 0
    endloop
  endfacet
  facet normal 0 0 -1
    outer loop
      vertex -9 -15.588457268119894 0
      vertex -7.685924247104017 -10.97663739347249 0
      vertex -7.4931849065080085 -11.109103472237559 0
    endloop
  endfacet
  facet normal 0 0 -1
    outer loop
      vertex -9 -15.588457268119894 0
      vertex -7.4931849065080085 -11.109103472237559 0
      vertex -7.2981630692013635 -11.238185610468683 0
    endloop
  endfacet
  facet normal 0 0 -1
    outer loop
      vertex -9 -15.588457268119894 0
      vertex -7.2981630692013635 -11.238185610468683 0
      vertex -7.1009181407249455 -11.363844488496108 0
    endloop
  endfacet
  facet normal 0 0 -1
    outer loop
      vertex -9 -15.588457268119894 0
      vertex -7.1009181407249455 -11.363844488496108 0
      vertex -6.901510203794726 -11.486041829408306 0
    endloop
  endfacet
  facet normal 0 0 -1
    outer loop
      vertex -9 -15.588457268119894 0
      vertex -6.7 -11.604740410711477 0
      vertex -6.4964489113009165 -11.719904075667904 0
    endloop
  endfacet
  facet normal 0 0 -1
    outer loop
      vertex -9 -15.588457268119894 0
      vertex -6.901510203794726 -11.486041829408306 0
      vertex -6.7 -11.604740410711477 0
    endloop
  endfacet
  facet normal 0 0 -1
    outer loop
      vertex -9 -15.588457268119894 0
      vertex -6.083472696509927 -11.93948742412413 0
      vertex -5.874173366973637 -12.043840220408839 0
    endloop
  endfacet
  facet normal 0 0 -1
    outer loop
      vertex -9 -15.588457268119894 0
      vertex -5.874173366973637 -12.043840220408839 0
      vertex -5.663084707325373 -12.14452434629111 0
    endloop
  endfacet
  facet normal 0 0 -1
    outer loop
      vertex -9 -15.588457268119894 0
      vertex -6.4964489113009165 -11.719904075667904 0
      vertex -6.290918941330937 -11.831497744309623 0
    endloop
  endfacet
  facet normal 0 0 -1
    outer loop
      vertex -9 -15.588457268119894 0
      vertex -6.290918941330937 -11.831497744309623 0
      vertex -6.083472696509927 -11.93948742412413 0
    endloop
  endfacet
  facet normal 0 0 -1
    outer loop
      vertex -9 -15.588457268119894 0
      vertex -4.3626132697259 -12.669948913030845 0
      vertex -4.1408277246242955 -12.744157318355057 0
    endloop
  endfacet
  facet normal 0 0 -1
    outer loop
      vertex -9 -15.588457268119894 0
      vertex -4.1408277246242955 -12.744157318355057 0
      vertex -3.917780843284673 -12.814483729904675 0
    endloop
  endfacet
  facet normal 0 0 -1
    outer loop
      vertex -9 -15.588457268119894 0
      vertex -3.917780843284673 -12.814483729904675 0
      vertex -3.693540567947789 -12.880906725573473 0
    endloop
  endfacet
  facet normal 0 0 -1
    outer loop
      vertex -9 -15.588457268119894 0
      vertex -3.693540567947789 -12.880906725573473 0
      vertex -3.468175204373778 -12.943406072273516 0
    endloop
  endfacet
  facet normal 0 0 -1
    outer loop
      vertex -9 -15.588457268119894 0
      vertex -3.468175204373778 -12.943406072273516 0
      vertex -3.2417534010355475 -13.001962732098352 0
    endloop
  endfacet
  facet normal 0 0 -1
    outer loop
      vertex -9 -15.588457268119894 0
      vertex -3.2417534010355475 -13.001962732098352 0
      vertex -3.014344128207791 -13.056558868122153 0
    endloop
  endfacet
  facet normal 0 0 -1
    outer loop
      vertex -9 -15.588457268119894 0
      vertex -3.014344128207791 -13.056558868122153 0
      vertex -2.786016656957975 -13.107177849832997 0
    endloop
  endfacet
  facet normal 0 0 -1
    outer loop
      vertex -9 -15.588457268119894 0
      vertex -5.663084707325373 -12.14452434629111 0
      vertex -5.450271017215723 -12.241509132410853 0
    endloop
  endfacet
  facet normal 0 0 -1
    outer loop
      vertex -9 -15.588457268119894 0
      vertex -5.450271017215723 -12.241509132410853 0
      vertex -5.235797121756269 -12.334765036262702 0
    endloop
  endfacet
  facet normal 0 0 -1
    outer loop
      vertex -9 -15.588457268119894 0
      vertex -5.235797121756269 -12.334765036262702 0
      vertex -5.019728351773221 -12.424263651194952 0
    endloop
  endfacet
  facet normal 0 0 -1
    outer loop
      vertex -9 -15.588457268119894 0
      vertex -5.019728351773221 -12.424263651194952 0
      vertex -4.8021305239070236 -12.509977715062504 0
    endloop
  endfacet
  facet normal 0 0 -1
    outer loop
      vertex -9 -15.588457268119894 0
      vertex -4.8021305239070236 -12.509977715062504 0
      vertex -4.583069920563961 -12.591881118531173 0
    endloop
  endfacet
  facet normal 0 0 -1
    outer loop
      vertex -9 -15.588457268119894 0
      vertex -4.583069920563961 -12.591881118531173 0
      vertex -4.3626132697259 -12.669948913030845 0
    endloop
  endfacet
  facet normal 0 0 -1
    outer loop
      vertex -9 -15.588457268119894 0
      vertex -2.786016656957975 -13.107177849832997 0
      vertex 9 -15.588457268119894 0
    endloop
  endfacet
  facet normal -0.8660254037844387 -0.5000000000000001 0
    outer loop
      vertex -9 -15.588457268119894 0
      vertex -9 -15.588457268119894 100
      vertex -18 0 100
    endloop
  endfacet
  facet normal 0 0 1
    outer loop
      vertex -9 -15.588457268119894 100
      vertex -8.98794046299167 -4.383711467890774 100
      vertex -9.063077870366499 -4.2261826174069945 100
    endloop
  endfacet
  facet normal 0 0 1
    outer loop
      vertex -9 -15.588457268119894 100
      vertex -9.063077870366499 -4.2261826174069945 100
      vertex -18 0 100
    endloop
  endfacet
  facet normal 0 0 1
    outer loop
      vertex -18 0 100
      vertex -9.135454576426008 -4.067366430758002 100
      vertex -9.205048534524403 -3.907311284892738 100
    endloop
  endfacet
  facet normal 0 0 1
    outer loop
      vertex -18 0 100
      vertex -9.271838545667874 -3.74606593415912 100
      vertex -9.335804264972017 -3.5836794954530027 100
    endloop
  endfacet
  facet normal 0 0 1
    outer loop
      vertex -18 0 100
      vertex -9.205048534524403 -3.907311284892738 100
      vertex -9.271838545667874 -3.74606593415912 100
    endloop
  endfacet
  facet normal 0 0 1
    outer loop
      vertex -18 0 100
      vertex -9.063077870366499 -4.2261826174069945 100
      vertex -9.135454576426008 -4.067366430758002 100
    endloop
  endfacet
  facet normal 0 0 1
    outer loop
      vertex -18 0 100
      vertex -9.335804264972017 -3.5836794954530027 100
      vertex -9.396926207859085 -3.420201433256687 100
    endloop
  endfacet
  facet normal 0 0 1
    outer loop
      vertex -18 0 100
      vertex -9.396926207859085 -3.420201433256687 100
      vertex -9.455185755993169 -3.255681544571567 100
    endloop
  endfacet
  facet normal 0 0 1
    outer loop
      vertex -18 0 100
      vertex -9.455185755993169 -3.255681544571567 100
      vertex -9.510565162951535 -3.090169943749474 100
    endloop
  endfacet
  facet normal 0 0 1
    outer loop
      vertex -18 0 100
      vertex -9.510565162951535 -3.090169943749474 100
      vertex -9.563047559630354 -2.9237170472273677 100
    endloop
  endfacet
  facet normal 0 0 1
    outer loop
      vertex -18 0 100
      vertex -9.563047559630354 -2.9237170472273677 100
      vertex -9.612616959383189 -2.7563735581699915 100
    endloop
  endfacet
  facet normal 0 0 1
    outer loop
      vertex -18 0 100
      vertex -9.612616959383189 -2.7563735581699915 100
      vertex -9.659258262890683 -2.5881904510252074 100
    endloop
  endfacet
  facet normal 0 0 1
    outer loop
      vertex -18 0 100
      vertex -9.659258262890683 -2.5881904510252074 100
      vertex -9.702957262759965 -2.4192189559966772 100
    endloop
  endfacet
  facet normal 0 0 1
    outer loop
      vertex -18 0 100
      vertex -9.702957262759965 -2.4192189559966772 100
      vertex -9.743700647852352 -2.24951054343865 100
    endloop
  endfacet
  facet normal 0 0 1
    outer loop
      vertex -18 0 100
      vertex -9.781476007338057 -2.0791169081775935 100
      vertex -9.81627183447664 -1.908089953765448 100
    endloop
  endfacet
  facet normal 0 0 1
    outer loop
      vertex -18 0 100
      vertex -9.743700647852352 -2.24951054343865 100
      vertex -9.781476007338057 -2.0791169081775935 100
    endloop
  endfacet
  facet normal 0 0 1
    outer loop
      vertex -18 0 100
      vertex -9.81627183447664 -1.908089953765448 100
      vertex -9.84807753012208 -1.7364817766693033 100
    endloop
  endfacet
  facet normal 0 0 1
    outer loop
      vertex -18 0 100
      vertex -9.84807753012208 -1.7364817766693033 100
      vertex -9.876883405951379 -1.5643446504023086 100
    endloop
  endfacet
  facet normal 0 0 1
    outer loop
      vertex -18 0 100
      vertex -9.876883405951379 -1.5643446504023086 100
      vertex -9.902680687415703 -1.3917310096006543 100
    endloop
  endfacet
  facet normal 0 0 1
    outer loop
      vertex -18 0 100
      vertex -9.902680687415703 -1.3917310096006543 100
      vertex -9.92546151641322 -1.2186934340514748 100
    endloop
  endfacet
  facet normal 0 0 1
    outer loop
      vertex -18 0 100
      vertex -9.92546151641322 -1.2186934340514748 100
      vertex -9.945218953682733 -1.0452846326765348 100
    endloop
  endfacet
  facet normal 0 0 1
    outer loop
      vertex -18 0 100
      vertex -9.945218953682733 -1.0452846326765348 100
      vertex -9.961946980917455 -0.8715574274765816 100
    endloop
  endfacet
  facet normal 0 0 1
    outer loop
      vertex -18 0 100
      vertex -9.961946980917455 -0.8715574274765816 100
      vertex -9.975640502598242 -0.697564737441253 100
    endloop
  endfacet
  facet normal 0 0 1
    outer loop
      vertex -18 0 100
      vertex -9.986295347545738 -0.5233595624294384 100
      vertex -9.993908270190957 -0.3489949670250097 100
    endloop
  endfacet
  facet normal 0 0 1
    outer loop
      vertex -18 0 100
      vertex -9.993908270190957 -0.3489949670250097 100
      vertex -9.998476951563912 -0.17452406437283513 100
    endloop
  endfacet
  facet normal 0 0 1
    outer loop
      vertex -18 0 100
      vertex -9.998476951563912 -0.17452406437283513 100
      vertex -10 0 100
    endloop
  endfacet
  facet normal 0 0 1
    outer loop
      vertex -18 0 100
      vertex -9.975640502598242 -0.697564737441253 100
      vertex -9.986295347545738 -0.5233595624294384 100
    endloop
  endfacet
  facet normal 0 -1 0
    outer loop
      vertex -9 -15.588457268119894 0
      vertex 9 -15.588457268119894 100
      vertex -9 -15.588457268119894 100
    endloop
  endfacet
  facet normal 0 0 1
    outer loop
      vertex -9 -15.588457268119894 100
      vertex -6.4278760968653925 -7.66044443118978 100
      vertex -6.560590289905073 -7.54709580222772 100
    endloop
  endfacet
  facet normal 0 0 1
    outer loop
      vertex -9 -15.588457268119894 100
      vertex -7.0710678118654755 -7.0710678118654755 100
      vertex -7.193398003386512 -6.9465837045899725 100
    endloop
  endfacet
  facet normal 0 0 1
    outer loop
      vertex -9 -15.588457268119894 100
      vertex -7.193398003386512 -6.9465837045899725 100
      vertex -7.313537016191704 -6.819983600624985 100
    endloop
  endfacet
  facet normal 0 0 1
    outer loop
      vertex -9 -15.588457268119894 100
      vertex -6.9465837045899725 -7.193398003386512 100
      vertex -7.0710678118654755 -7.0710678118654755 100
    endloop
  endfacet
  facet normal 0 0 1
    outer loop
      vertex -9 -15.588457268119894 100
      vertex -6.691306063588582 -7.431448254773942 100
      vertex -6.819983600624985 -7.313537016191704 100
    endloop
  endfacet
  facet normal 0 0 1
    outer loop
      vertex -9 -15.588457268119894 100
      vertex -6.819983600624985 -7.313537016191704 100
      vertex -6.9465837045899725 -7.193398003386512 100
    endloop
  endfacet
  facet normal 0 0 1
    outer loop
      vertex -9 -15.588457268119894 100
      vertex -6.560590289905073 -7.54709580222772 100
      vertex -6.691306063588582 -7.431448254773942 100
    endloop
  endfacet
  facet normal 0 0 1
    outer loop
      vertex -9 -15.588457268119894 100
      vertex -6.018150231520483 -7.986355100472928 100
      vertex -6.156614753256583 -7.880107536067219 100
    endloop
  endfacet
  facet normal 0 0 1
    outer loop
      vertex -9 -15.588457268119894 100
      vertex -6.293203910498374 -7.771459614569709 100
      vertex -6.4278760968653925 -7.66044443118978 100
    endloop
  endfacet
  facet normal 0 0 1
    outer loop
      vertex -9 -15.588457268119894 100
      vertex -6.156614753256583 -7.880107536067219 100
      vertex -6.293203910498374 -7.771459614569709 100
    endloop
  endfacet
  facet normal 0 0 1
    outer loop
      vertex -9 -15.588457268119894 100
      vertex -5.877852522924732 -8.090169943749475 100
      vertex -6.018150231520483 -7.986355100472928 100
    endloop
  endfacet
  facet normal 0 0 1
    outer loop
      vertex -9 -15.588457268119894 100
      vertex -5.7357643635104605 -8.191520442889917 100
      vertex -5.877852522924732 -8.090169943749475 100
    endloop
  endfacet
  facet normal 0 0 1
    outer loop
      vertex -9 -15.588457268119894 100
      vertex -5.591929034707469 -8.290375725550415 100
      vertex -5.7357643635104605 -8.191520442889917 100
    endloop
  endfacet
  facet normal 0 0 1
    outer loop
      vertex -9 -15.588457268119894 100
      vertex -8.386705679454241 -5.446390350150271 100
      vertex -8.48048096156426 -5.299192642332049 100
    endloop
  endfacet
  facet normal 0 0 1
    outer loop
      vertex -9 -15.588457268119894 100
      vertex -8.191520442889917 -5.7357643635104605 100
      vertex -8.290375725550415 -5.591929034707469 100
    endloop
  endfacet
  facet normal 0 0 1
    outer loop
      vertex -9 -15.588457268119894 100
      vertex -8.290375725550415 -5.591929034707469 100
      vertex -8.386705679454241 -5.446390350150271 100
    endloop
  endfacet
  facet normal 0 0 1
    outer loop
      vertex -9 -15.588457268119894 100
      vertex -7.771459614569709 -6.293203910498374 100
      vertex -7.880107536067219 -6.156614753256583 100
    endloop
  endfacet
  facet normal 0 0 1
    outer loop
      vertex -9 -15.588457268119894 100
      vertex -7.54709580222772 -6.560590289905073 100
      vertex -7.66044443118978 -6.4278760968653925 100
    endloop
  endfacet
  facet normal 0 0 1
    outer loop
      vertex -9 -15.588457268119894 100
      vertex -7.313537016191704 -6.819983600624985 100
      vertex -7.431448254773942 -6.691306063588582 100
    endloop
  endfacet
  facet normal 0 0 1
    outer loop
      vertex -9 -15.588457268119894 100
      vertex -7.431448254773942 -6.691306063588582 100
      vertex -7.54709580222772 -6.560590289905073 100
    endloop
  endfacet
  facet normal 0 0 1
    outer loop
      vertex -9 -15.588457268119894 100
      vertex -7.66044443118978 -6.4278760968653925 100
      vertex -7.771459614569709 -6.293203910498374 100
    endloop
  endfacet
  facet normal 0 0 1
    outer loop
      vertex -9 -15.588457268119894 100
      vertex -7.986355100472928 -6.018150231520483 100
      vertex -8.090169943749475 -5.877852522924732 100
    endloop
  endfacet
  facet normal 0 0 1
    outer loop
      vertex -9 -15.588457268119894 100
      vertex -8.090169943749475 -5.877852522924732 100
      vertex -8.191520442889917 -5.7357643635104605 100
    endloop
  endfacet
  facet normal 0 0 1
    outer loop
      vertex -9 -15.588457268119894 100
      vertex -7.880107536067219 -6.156614753256583 100
      vertex -7.986355100472928 -6.018150231520483 100
    endloop
  endfacet
  facet normal 0 0 1
    outer loop
      vertex -9 -15.588457268119894 100
      vertex -8.571673007021124 -5.150380749100542 100
      vertex -8.660254037844386 -5 100
    endloop
  endfacet
  facet normal 0 0 1
    outer loop
      vertex -9 -15.588457268119894 100
      vertex -8.660254037844386 -5 100
      vertex -8.746197071393958 -4.8480962024633705 100
    endloop
  endfacet
  facet normal 0 0 1
    outer loop
      vertex -9 -15.588457268119894 100
      vertex -8.746197071393958 -4.8480962024633705 100
      vertex -8.82947592858927 -4.694715627858908 100
    endloop
  endfacet
  facet normal 0 0 1
    outer loop
      vertex -9 -15.588457268119894 100
      vertex -8.48048096156426 -5.299192642332049 100
      vertex -8.571673007021124 -5.150380749100542 100
    endloop
  endfacet
  facet normal 0 0 1
    outer loop
      vertex -9 -15.588457268119894 100
      vertex -8.910065241883679 -4.5399049973954675 100
      vertex -8.98794046299167 -4.383711467890774 100
    endloop
  endfacet
  facet normal 0 0 1
    outer loop
      vertex -9 -15.588457268119894 100
      vertex -8.82947592858927 -4.694715627858908 100
      vertex -8.910065241883679 -4.5399049973954675 100
    endloop
  endfacet
  facet normal 0 0 1
    outer loop
      vertex -9 -15.588457268119894 100
      vertex -5.446390350150271 -8.386705679454241 100
      vertex -5.591929034707469 -8.290375725550415 100
    endloop
  endfacet
  facet normal 0 0 1
    outer loop
      vertex -9 -15.588457268119894 100
      vertex -5.150380749100542 -8.571673007021124 100
      vertex -5.299192642332049 -8.48048096156426 100
    endloop
  endfacet
  facet normal 0 0 1
    outer loop
      vertex -9 -15.588457268119894 100
      vertex -5.299192642332049 -8.48048096156426 100
      vertex -5.446390350150271 -8.386705679454241 100
    endloop
  endfacet
  facet normal 0 0 1
    outer loop
      vertex -9 -15.588457268119894 100
      vertex -4.8480962024633705 -8.746197071393958 100
      vertex -5 -8.660254037844386 100
    endloop
  endfacet
  facet normal 0 0 1
    outer loop
      vertex -9 -15.588457268119894 100
      vertex -5 -8.660254037844386 100
      vertex -5.150380749100542 -8.571673007021124 100
    endloop
  endfacet
  facet normal 0 0 1
    outer loop
      vertex -9 -15.588457268119894 100
      vertex -4.2261826174069945 -9.063077870366499 100
      vertex -4.383711467890774 -8.98794046299167 100
    endloop
  endfacet
  facet normal 0 0 1
    outer loop
      vertex -9 -15.588457268119894 100
      vertex -4.067366430758002 -9.135454576426008 100
      vertex -4.2261826174069945 -9.063077870366499 100
    endloop
  endfacet
  facet normal 0 0 1
    outer loop
      vertex -9 -15.588457268119894 100
      vertex -3.907311284892738 -9.205048534524403 100
      vertex -4.067366430758002 -9.135454576426008 100
    endloop
  endfacet
  facet normal 0 0 1
    outer loop
      vertex -9 -15.588457268119894 100
      vertex -4.5399049973954675 -8.910065241883679 100
      vertex -4.694715627858908 -8.82947592858927 100
    endloop
  endfacet
  facet normal 0 0 1
    outer loop
      vertex -9 -15.588457268119894 100
      vertex -4.694715627858908 -8.82947592858927 100
      vertex -4.8480962024633705 -8.746197071393958 100
    endloop
  endfacet
  facet normal 0 0 1
    outer loop
      vertex -9 -15.588457268119894 100
      vertex -4.383711467890774 -8.98794046299167 100
      vertex -4.5399049973954675 -8.910065241883679 100
    endloop
  endfacet
  facet normal 0 0 1
    outer loop
      vertex -9 -15.588457268119894 100
      vertex -3.74606593415912 -9.271838545667874 100
      vertex -3.907311284892738 -9.205048534524403 100
    endloop
  endfacet
  facet normal 0 0 1
    outer loop
      vertex -9 -15.588457268119894 100
      vertex -3.5836794954530027 -9.335804264972017 100
      vertex -3.74606593415912 -9.271838545667874 100
    endloop
  endfacet
  facet normal 0 0 1
    outer loop
      vertex -9 -15.588457268119894 100
      vertex -3.255681544571567 -9.455185755993169 100
      vertex -3.420201433256687 -9.396926207859085 100
    endloop
  endfacet
  facet normal 0 0 1
    outer loop
      vertex -9 -15.588457268119894 100
      vertex -3.090169943749474 -9.510565162951535 100
      vertex -3.255681544571567 -9.455185755993169 100
    endloop
  endfacet
  facet normal 0 0 1
    outer loop
      vertex -9 -15.588457268119894 100
      vertex -3.420201433256687 -9.396926207859085 100
      vertex -3.5836794954530027 -9.335804264972017 100
    endloop
  endfacet
  facet normal 0 0 1
    outer loop
      vertex -9 -15.588457268119894 100
      vertex -2.9237170472273677 -9.563047559630354 100
      vertex -3.090169943749474 -9.510565162951535 100
    endloop
  endfacet
  facet normal 0 0 1
    outer loop
      vertex -9 -15.588457268119894 100
      vertex -2.7563735581699915 -9.612616959383189 100
      vertex -2.9237170472273677 -9.563047559630354 100
    endloop
  endfacet
  facet normal 0 0 1
    outer loop
      vertex -9 -15.588457268119894 100
      vertex -2.5881904510252074 -9.659258262890683 100
      vertex -2.7563735581699915 -9.612616959383189 100
    endloop
  endfacet
  facet normal 0 0 1
    outer loop
      vertex -9 -15.588457268119894 100
      vertex -2.4192189559966772 -9.702957262759965 100
      vertex -2.5881904510252074 -9.659258262890683 100
    endloop
  endfacet
  facet normal 0 0 1
    outer loop
      vertex -9 -15.588457268119894 100
      vertex -2.24951054343865 -9.743700647852352 100
      vertex -2.4192189559966772 -9.702957262759965 100
    endloop
  endfacet
  facet normal 0 0 1
    outer loop
      vertex -9 -15.588457268119894 100
      vertex -2.0791169081775935 -9.781476007338057 100
      vertex -2.24951054343865 -9.743700647852352 100
    endloop
  endfacet
  facet normal 0 0 1
    outer loop
      vertex -9 -15.588457268119894 100
      vertex -1.908089953765448 -9.81627183447664 100
      vertex -2.0791169081775935 -9.781476007338057 100
    endloop
  endfacet
  facet normal 0 0 1
    outer loop
      vertex -9 -15.588457268119894 100
      vertex -1.7364817766693033 -9.84807753012208 100
      vertex -1.908089953765448 -9.81627183447664 100
    endloop
  endfacet
  facet normal 0 0 1
    outer loop
      vertex -9 -15.588457268119894 100
      vertex -1.5643446504023086 -9.876883405951379 100
      vertex -1.7364817766693033 -9.84807753012208 100
    endloop
  endfacet
  facet normal 0 0 1
    outer loop
      vertex -9 -15.588457268119894 100
      vertex -1.3917310096006543 -9.902680687415703 100
      vertex -1.5643446504023086 -9.876883405951379 100
    endloop
  endfacet
  facet normal 0 0 1
    outer loop
      vertex -9 -15.588457268119894 100
      vertex -1.2186934340514748 -9.92546151641322 100
      vertex -1.3917310096006543 -9.902680687415703 100
    endloop
  endfacet
  facet normal 0 0 1
    outer loop
      vertex -9 -15.588457268119894 100
      vertex -1.0452846326765348 -9.945218953682733 100
      vertex -1.2186934340514748 -9.92546151641322 100
    endloop
  endfacet
  facet normal 0 0 1
    outer loop
      vertex -9 -15.588457268119894 100
      vertex -0.8715574274765816 -9.961946980917455 100
      vertex -1.0452846326765348 -9.945218953682733 100
    endloop
  endfacet
  facet normal 0 0 1
    outer loop
      vertex -9 -15.588457268119894 100
      vertex -0.697564737441253 -9.975640502598242 100
      vertex -0.8715574274765816 -9.961946980917455 100
    endloop
  endfacet
  facet normal 0 0 1
    outer loop
      vertex -9 -15.588457268119894 100
      vertex -0.5233595624294384 -9.986295347545738 100
      vertex -0.697564737441253 -9.975640502598242 100
    endloop
  endfacet
  facet normal 0 0 1
    outer loop
      vertex -9 -15.588457268119894 100
      vertex -0.3489949670250097 -9.993908270190957 100
      vertex -0.5233595624294384 -9.986295347545738 100
    endloop
  endfacet
  facet normal 0 0 1
    outer loop
      vertex -9 -15.588457268119894 100
      vertex -0.17452406437283513 -9.998476951563912 100
      vertex -0.3489949670250097 -9.993908270190957 100
    endloop
  endfacet
  facet normal 0 0 1
    outer loop
      vertex -9 -15.588457268119894 100
      vertex 0 -10 100
      vertex -0.17452406437283513 -9.998476951563912 100
    endloop
  endfacet
  facet normal 0 0 1
    outer loop
      vertex -9 -15.588457268119894 100
      vertex 0.17452406437283513 -9.998476951563912 100
      vertex 0 -10 100
    endloop
  endfacet
  facet normal 0 0 1
    outer loop
      vertex -9 -15.588457268119894 100
      vertex 0.3489949670250097 -9.993908270190957 100
      vertex 0.17452406437283513 -9.998476951563912 100
    endloop
  endfacet
  facet normal 0 0 1
    outer loop
      vertex -9 -15.588457268119894 100
      vertex 0.5233595624294384 -9.986295347545738 100
      vertex 0.3489949670250097 -9.993908270190957 100
    endloop
  endfacet
  facet normal 0 0 1
    outer loop
      vertex -9 -15.588457268119894 100
      vertex 0.697564737441253 -9.975640502598242 100
      vertex 0.5233595624294384 -9.986295347545738 100
    endloop
  endfacet
  facet normal 0 0 1
    outer loop
      vertex -9 -15.588457268119894 100
      vertex 0.8715574274765816 -9.961946980917455 100
      vertex 0.697564737441253 -9.975640502598242 100
    endloop
  endfacet
  facet normal 0 0 1
    outer loop
      vertex -9 -15.588457268119894 100
      vertex 1.0452846326765348 -9.945218953682733 100
      vertex 0.8715574274765816 -9.961946980917455 100
    endloop
  endfacet
  facet normal 0 0 1
    outer loop
      vertex -9 -15.588457268119894 100
      vertex 1.2186934340514748 -9.92546151641322 100
      vertex 1.0452846326765348 -9.945218953682733 100
    endloop
  endfacet
  facet normal 0 0 1
    outer loop
      vertex -9 -15.588457268119894 100
      vertex 1.3917310096006543 -9.902680687415703 100
      vertex 1.2186934340514748 -9.92546151641322 100
    endloop
  endfacet
  facet normal 0 0 1
    outer loop
      vertex -9 -15.588457268119894 100
      vertex 1.5643446504023086 -9.876883405951379 100
      vertex 1.3917310096006543 -9.902680687415703 100
    endloop
  endfacet
  facet normal 0 0 -1
    outer loop
      vertex -18 0 0
      vertex -13.397959115095643 0.23386224625959906 0
      vertex -13.4 0 0
    endloop
  endfacet
  facet normal 0 0 -1
    outer loop
      vertex -18 0 0
      vertex -13.391837082055883 0.467653255813513 0
      vertex -13.397959115095643 0.23386224625959906 0
    endloop
  endfacet
  facet normal 0 0 -1
    outer loop
      vertex -18 0 0
      vertex -13.38163576571129 0.7013018136554474 0
      vertex -13.391837082055883 0.467653255813513 0
    endloop
  endfacet
  facet normal 0 0 -1
    outer loop
      vertex -18 0 0
      vertex -13.367358273481644 0.934736748171279 0
      vertex -13.38163576571129 0.7013018136554474 0
    endloop
  endfacet
  facet normal 0 0 -1
    outer loop
      vertex -18 0 0
      vertex -13.34900895442939 1.1678869528186195 0
      vertex -13.367358273481644 0.934736748171279 0
    endloop
  endfacet
  facet normal 0 0 -1
    outer loop
      vertex -18 0 0
      vertex -13.326593397934863 1.4006814077865566 0
      vertex -13.34900895442939 1.1678869528186195 0
    endloop
  endfacet
  facet normal 0 0 -1
    outer loop
      vertex -18 0 0
      vertex -13.300118431993715 1.6330492016289762 0
      vertex -13.326593397934863 1.4006814077865566 0
    endloop
  endfacet
  facet normal 0 0 -1
    outer loop
      vertex -18 0 0
      vertex -13.269592121137043 1.864919552864877 0
      vertex -13.300118431993715 1.6330492016289762 0
    endloop
  endfacet
  facet normal 0 0 -1
    outer loop
      vertex -18 0 0
      vertex -13.235023763974846 2.096221831539094 0
      vertex -13.269592121137043 1.864919552864877 0
    endloop
  endfacet
  facet normal 0 0 -1
    outer loop
      vertex -18 0 0
      vertex -13.196423890363588 2.3268855807368665 0
      vertex -13.235023763974846 2.096221831539094 0
    endloop
  endfacet
  facet normal 0 0 -1
    outer loop
      vertex -18 0 0
      vertex -13.153804258198697 2.5568405380457007 0
      vertex -13.196423890363588 2.3268855807368665 0
    endloop
  endfacet
  facet normal 0 0 -1
    outer loop
      vertex -18 0 0
      vertex -13.107177849832997 2.786016656957975 0
      vertex -13.153804258198697 2.5568405380457007 0
    endloop
  endfacet
  facet normal 0 0 -1
    outer loop
      vertex -18 0 0
      vertex -13.056558868122153 3.014344128207791 0
      vertex -13.107177849832997 2.786016656957975 0
    endloop
  endfacet
  facet normal 0 0 -1
    outer loop
      vertex -18 0 0
      vertex -13.001962732098352 3.2417534010355475 0
      vertex -13.056558868122153 3.014344128207791 0
    endloop
  endfacet
  facet normal 0 0 -1
    outer loop
      vertex -18 0 0
      vertex -12.943406072273516 3.468175204373778 0
      vertex -13.001962732098352 3.2417534010355475 0
    endloop
  endfacet
  facet normal 0 0 -1
    outer loop
      vertex -18 0 0
      vertex -12.880906725573473 3.693540567947789 0
      vertex -12.943406072273516 3.468175204373778 0
    endloop
  endfacet
  facet normal 0 0 -1
    outer loop
      vertex -18 0 0
      vertex -12.814483729904675 3.917780843284673 0
      vertex -12.880906725573473 3.693540567947789 0
    endloop
  endfacet
  facet normal 0 0 -1
    outer loop
      vertex -18 0 0
      vertex -12.744157318355057 4.1408277246242955 0
      vertex -12.814483729904675 3.917780843284673 0
    endloop
  endfacet
  facet normal 0 0 -1
    outer loop
      vertex -18 0 0
      vertex -12.669948913030845 4.3626132697259 0
      vertex -12.744157318355057 4.1408277246242955 0
    endloop
  endfacet
  facet normal 0 0 -1
    outer loop
      vertex -18 0 0
      vertex -12.591881118531173 4.583069920563961 0
      vertex -12.669948913030845 4.3626132697259 0
    endloop
  endfacet
  facet normal 0 0 -1
    outer loop
      vertex -18 0 0
      vertex -12.509977715062504 4.8021305239070236 0
      vertex -12.591881118531173 4.583069920563961 0
    endloop
  endfacet
  facet normal 0 0 -1
    outer loop
      vertex -18 0 0
      vertex -12.424263651194952 5.019728351773221 0
      vertex -12.509977715062504 4.8021305239070236 0
    endloop
  endfacet
  facet normal 0 0 -1
    outer loop
      vertex -18 0 0
      vertex -12.334765036262702 5.235797121756269 0
      vertex -12.424263651194952 5.019728351773221 0
    endloop
  endfacet
  facet normal 0 0 -1
    outer loop
      vertex -18 0 0
      vertex -12.241509132410853 5.450271017215723 0
      vertex -12.334765036262702 5.235797121756269 0
    endloop
  endfacet
  facet normal 0 0 -1
    outer loop
      vertex -18 0 0
      vertex -12.14452434629111 5.663084707325373 0
      vertex -12.241509132410853 5.450271017215723 0
    endloop
  endfacet
  facet normal 0 0 -1
    outer loop
      vertex -18 0 0
      vertex -12.043840220408839 5.874173366973637 0
      vertex -12.14452434629111 5.663084707325373 0
    endloop
  endfacet
  facet normal 0 0 -1
    outer loop
      vertex -18 0 0
      vertex -11.93948742412413 6.083472696509927 0
      vertex -12.043840220408839 5.874173366973637 0
    endloop
  endfacet
  facet normal 0 0 -1
    outer loop
      vertex -18 0 0
      vertex -11.831497744309623 6.290918941330937 0
      vertex -11.93948742412413 6.083472696509927 0
    endloop
  endfacet
  facet normal 0 0 -1
    outer loop
      vertex -18 0 0
      vertex -11.719904075667904 6.4964489113009165 0
      vertex -11.831497744309623 6.290918941330937 0
    endloop
  endfacet
  facet normal 0 0 -1
    outer loop
      vertex -18 0 0
      vertex -11.604740410711477 6.7 0
      vertex -11.719904075667904 6.4964489113009165 0
    endloop
  endfacet
  facet normal 0 0 -1
    outer loop
      vertex -18 0 0
      vertex -11.486041829408306 6.901510203794726 0
      vertex -11.604740410711477 6.7 0
    endloop
  endfacet
  facet normal 0 0 -1
    outer loop
      vertex -18 0 0
      vertex -11.363844488496108 7.1009181407249455 0
      vertex -11.486041829408306 6.901510203794726 0
    endloop
  endfacet
  facet normal 0 0 -1
    outer loop
      vertex -18 0 0
      vertex -11.238185610468683 7.2981630692013635 0
      vertex -11.363844488496108 7.1009181407249455 0
    endloop
  endfacet
  facet normal 0 0 -1
    outer loop
      vertex -18 0 0
      vertex -11.109103472237559 7.4931849065080085 0
      vertex -11.238185610468683 7.2981630692013635 0
    endloop
  endfacet
  facet normal 0 0 -1
    outer loop
      vertex -18 0 0
      vertex -10.97663739347249 7.685924247104017 0
      vertex -11.109103472237559 7.4931849065080085 0
    endloop
  endfacet
  facet normal 0 0 -1
    outer loop
      vertex -18 0 0
      vertex -10.840827724624296 7.87632238071914 0
      vertex -10.97663739347249 7.685924247104017 0
    endloop
  endfacet
  facet normal 0 0 -1
    outer loop
      vertex -18 0 0
      vertex -9 15.588457268119894 0
      vertex -10.840827724624296 7.87632238071914 0
    endloop
  endfacet
  facet normal 0 0 -1
    outer loop
      vertex -9 15.588457268119894 0
      vertex -10.701715834633724 8.064321310237448 0
      vertex -10.840827724624296 7.87632238071914 0
    endloop
  endfacet
  facet normal 0 0 -1
    outer loop
      vertex -9 15.588457268119894 0
      vertex -10.559344098330074 8.249863769363822 0
      vertex -10.701715834633724 8.064321310237448 0
    endloop
  endfacet
  facet normal 0 0 -1
    outer loop
      vertex -9 15.588457268119894 0
      vertex -10.413755883523411 8.432893240067822 0
      vertex -10.559344098330074 8.249863769363822 0
    endloop
  endfacet
  facet normal 0 0 -1
    outer loop
      vertex -9 15.588457268119894 0
      vertex -10.264995537794306 8.613353969799626 0
      vertex -10.413755883523411 8.432893240067822 0
    endloop
  endfacet
  facet normal 0 0 -1
    outer loop
      vertex -9 15.588457268119894 0
      vertex -10.113108374985146 8.791190988472797 0
      vertex -10.264995537794306 8.613353969799626 0
    endloop
  endfacet
  facet normal 0 0 -1
    outer loop
      vertex -9 15.588457268119894 0
      vertex -9.958140661397083 8.9663501252087 0
      vertex -10.113108374985146 8.791190988472797 0
    endloop
  endfacet
  facet normal 0 0 -1
    outer loop
      vertex -9 15.588457268119894 0
      vertex -9.800139601696884 9.13877802483748 0
      vertex -9.958140661397083 8.9663501252087 0
    endloop
  endfacet
  facet normal 0 0 -1
    outer loop
      vertex -9 15.588457268119894 0
      vertex -9.639153324537926 9.308422164150564 0
      vertex -9.800139601696884 9.13877802483748 0
    endloop
  endfacet
  facet normal 0 0 -1
    outer loop
      vertex -9 15.588457268119894 0
      vertex -9.475230867899738 9.475230867899738 0
      vertex -9.639153324537926 9.308422164150564 0
    endloop
  endfacet
  facet normal 0 0 -1
    outer loop
      vertex -9 15.588457268119894 0
      vertex -9.308422164150564 9.639153324537926 0
      vertex -9.475230867899738 9.475230867899738 0
    endloop
  endfacet
  facet normal 0 0 -1
    outer loop
      vertex -9 15.588457268119894 0
      vertex -9.13877802483748 9.800139601696884 0
      vertex -9.308422164150564 9.639153324537926 0
    endloop
  endfacet
  facet normal 0 0 -1
    outer loop
      vertex -9 15.588457268119894 0
      vertex -8.9663501252087 9.958140661397083 0
      vertex -9.13877802483748 9.800139601696884 0
    endloop
  endfacet
  facet normal -0.8660254037844387 0.5000000000000001 0
    outer loop
      vertex -18 0 0
      vertex -9 15.588457268119894 100
      vertex -9 15.588457268119894 0
    endloop
  endfacet
  facet normal 0 0 -1
    outer loop
      vertex -9 15.588457268119894 0
      vertex -8.791190988472797 10.113108374985146 0
      vertex -8.9663501252087 9.958140661397083 0
    endloop
  endfacet
  facet normal 0 0 -1
    outer loop
      vertex -9 15.588457268119894 0
      vertex -8.613353969799626 10.264995537794306 0
      vertex -8.791190988472797 10.113108374985146 0
    endloop
  endfacet
  facet normal 0 0 -1
    outer loop
      vertex -9 15.588457268119894 0
      vertex -8.432893240067822 10.413755883523411 0
      vertex -8.613353969799626 10.264995537794306 0
    endloop
  endfacet
  facet normal 0 0 -1
    outer loop
      vertex -9 15.588457268119894 0
      vertex -8.249863769363822 10.559344098330074 0
      vertex -8.432893240067822 10.413755883523411 0
    endloop
  endfacet
  facet normal 0 0 -1
    outer loop
      vertex -9 15.588457268119894 0
      vertex -8.064321310237448 10.701715834633724 0
      vertex -8.249863769363822 10.559344098330074 0
    endloop
  endfacet
  facet normal 0 0 -1
    outer loop
      vertex -9 15.588457268119894 0
      vertex -7.87632238071914 10.840827724624296 0
      vertex -8.064321310237448 10.701715834633724 0
    endloop
  endfacet
  facet normal 0 0 -1
    outer loop
      vertex -9 15.588457268119894 0
      vertex -7.685924247104017 10.97663739347249 0
      vertex -7.87632238071914 10.840827724624296 0
    endloop
  endfacet
  facet normal 0 0 -1
    outer loop
      vertex -9 15.588457268119894 0
      vertex -7.4931849065080085 11.109103472237559 0
      vertex -7.685924247104017 10.97663739347249 0
    endloop
  endfacet
  facet normal 0 0 -1
    outer loop
      vertex -9 15.588457268119894 0
      vertex -7.2981630692013635 11.238185610468683 0
      vertex -7.4931849065080085 11.109103472237559 0
    endloop
  endfacet
  facet normal 0 0 -1
    outer loop
      vertex -9 15.588457268119894 0
      vertex -7.1009181407249455 11.363844488496108 0
      vertex -7.2981630692013635 11.238185610468683 0
    endloop
  endfacet
  facet normal 0 0 -1
    outer loop
      vertex -9 15.588457268119894 0
      vertex -6.901510203794726 11.486041829408306 0
      vertex -7.1009181407249455 11.363844488496108 0
    endloop
  endfacet
  facet normal 0 0 -1
    outer loop
      vertex -9 15.588457268119894 0
      vertex -6.7 11.604740410711477 0
      vertex -6.901510203794726 11.486041829408306 0
    endloop
  endfacet
  facet normal 0 0 -1
    outer loop
      vertex -9 15.588457268119894 0
      vertex -6.4964489113009165 11.719904075667904 0
      vertex -6.7 11.604740410711477 0
    endloop
  endfacet
  facet normal 0 0 -1
    outer loop
      vertex -9 15.588457268119894 0
      vertex -6.290918941330937 11.831497744309623 0
      vertex -6.4964489113009165 11.719904075667904 0
    endloop
  endfacet
  facet normal 0 0 -1
    outer loop
      vertex -9 15.588457268119894 0
      vertex -6.083472696509927 11.93948742412413 0
      vertex -6.290918941330937 11.831497744309623 0
    endloop
  endfacet
  facet normal 0 0 -1
    outer loop
      vertex -9 15.588457268119894 0
      vertex -5.874173366973637 12.043840220408839 0
      vertex -6.083472696509927 11.93948742412413 0
    endloop
  endfacet
  facet normal 0 0 -1
    outer loop
      vertex -9 15.588457268119894 0
      vertex -5.663084707325373 12.14452434629111 0
      vertex -5.874173366973637 12.043840220408839 0
    endloop
  endfacet
  facet normal 0 0 -1
    outer loop
      vertex -9 15.588457268119894 0
      vertex -5.450271017215723 12.241509132410853 0
      vertex -5.663084707325373 12.14452434629111 0
    endloop
  endfacet
  facet normal 0 0 -1
    outer loop
      vertex -9 15.588457268119894 0
      vertex -5.235797121756269 12.334765036262702 0
      vertex -5.450271017215723 12.241509132410853 0
    endloop
  endfacet
  facet normal 0 0 -1
    outer loop
      vertex -9 15.588457268119894 0
      vertex -5.019728351773221 12.424263651194952 0
      vertex -5.235797121756269 12.334765036262702 0
    endloop
  endfacet
  facet normal 0 0 -1
    outer loop
      vertex -9 15.588457268119894 0
      vertex -4.8021305239070236 12.509977715062504 0
      vertex -5.019728351773221 12.424263651194952 0
    endloop
  endfacet
  facet normal 0 0 -1
    outer loop
      vertex -9 15.588457268119894 0
      vertex -4.583069920563961 12.591881118531173 0
      vertex -4.8021305239070236 12.509977715062504 0
    endloop
  endfacet
  facet normal 0 0 -1
    outer loop
      vertex -9 15.588457268119894 0
      vertex -4.3626132697259 12.669948913030845 0
      vertex -4.583069920563961 12.591881118531173 0
    endloop
  endfacet
  facet normal 0 0 -1
    outer loop
      vertex -9 15.588457268119894 0
      vertex -4.1408277246242955 12.744157318355057 0
      vertex -4.3626132697259 12.669948913030845 0
    endloop
  endfacet
  facet normal 0 0 -1
    outer loop
      vertex -9 15.588457268119894 0
      vertex -3.917780843284673 12.814483729904675 0
      vertex -4.1408277246242955 12.744157318355057 0
    endloop
  endfacet
  facet normal 0 0 -1
    outer loop
      vertex -9 15.588457268119894 0
      vertex -3.693540567947789 12.880906725573473 0
      vertex -3.917780843284673 12.814483729904675 0
    endloop
  endfacet
  facet normal 0 0 -1
    outer loop
      vertex -9 15.588457268119894 0
      vertex -3.468175204373778 12.943406072273516 0
      vertex -3.693540567947789 12.880906725573473 0
    endloop
  endfacet
  facet normal 0 0 -1
    outer loop
      vertex -9 15.588457268119894 0
      vertex -3.2417534010355475 13.001962732098352 0
      vertex -3.468175204373778 12.943406072273516 0
    endloop
  endfacet
  facet normal 0 0 -1
    outer loop
      vertex -9 15.588457268119894 0
      vertex -3.014344128207791 13.056558868122153 0
      vertex -3.2417534010355475 13.001962732098352 0
    endloop
  endfacet
  facet normal 0 0 -1
    outer loop
      vertex -9 15.588457268119894 0
      vertex -2.786016656957975 13.107177849832997 0
      vertex -3.014344128207791 13.056558868122153 0
    endloop
  endfacet
  facet normal 0 0 -1
    outer loop
      vertex -9 15.588457268119894 0
      vertex 9 15.588457268119894 0
      vertex -2.786016656957975 13.107177849832997 0
    endloop
  endfacet
  facet normal 0 1 0
    outer loop
      vertex -9 15.588457268119894 0
      vertex -9 15.588457268119894 100
      vertex 9 15.588457268119894 0
    endloop
  endfacet
  facet normal -0.8660254037844387 0.5000000000000001 0
    outer loop
      vertex -18 0 0
      vertex -18 0 100
      vertex -9 15.588457268119894 100
    endloop
  endfacet
  facet normal 0 0 1
    outer loop
      vertex -18 0 100
      vertex -10 0 100
      vertex -9.998476951563912 0.17452406437283513 100
    endloop
  endfacet
  facet normal 0 0 1
    outer loop
      vertex -18 0 100
      vertex -9.998476951563912 0.17452406437283513 100
      vertex -9.993908270190957 0.3489949670250097 100
    endloop
  endfacet
  facet normal 0 0 1
    outer loop
      vertex -18 0 100
      vertex -9.993908270190957 0.3489949670250097 100
      vertex -9.986295347545738 0.5233595624294384 100
    endloop
  endfacet
  facet normal 0 0 1
    outer loop
      vertex -18 0 100
      vertex -9.986295347545738 0.5233595624294384 100
      vertex -9.975640502598242 0.697564737441253 100
    endloop
  endfacet
  facet normal 0 0 1
    outer loop
      vertex -18 0 100
      vertex -9.975640502598242 0.697564737441253 100
      vertex -9.961946980917455 0.8715574274765816 100
    endloop
  endfacet
  facet normal 0 0 1
    outer loop
      vertex -18 0 100
      vertex -9.961946980917455 0.8715574274765816 100
      vertex -9.945218953682733 1.0452846326765348 100
    endloop
  endfacet
  facet normal 0 0 1
    outer loop
      vertex -18 0 100
      vertex -9.945218953682733 1.0452846326765348 100
      vertex -9.92546151641322 1.2186934340514748 100
    endloop
  endfacet
  facet normal 0 0 1
    outer loop
      vertex -18 0 100
      vertex -9.92546151641322 1.2186934340514748 100
      vertex -9.902680687415703 1.3917310096006543 100
    endloop
  endfacet
  facet normal 0 0 1
    outer loop
      vertex -18 0 100
      vertex -9.902680687415703 1.3917310096006543 100
      vertex -9.876883405951379 1.5643446504023086 100
    endloop
  endfacet
  facet normal 0 0 1
    outer loop
      vertex -18 0 100
      vertex -9.876883405951379 1.5643446504023086 100
      vertex -9.84807753012208 1.7364817766693033 100
    endloop
  endfacet
  facet normal 0 0 1
    outer loop
      vertex -18 0 100
      vertex -9.84807753012208 1.7364817766693033 100
      vertex -9.81627183447664 1.908089953765448 100
    endloop
  endfacet
  facet normal 0 0 1
    outer loop
      vertex -18 0 100
      vertex -9.81627183447664 1.908089953765448 100
      vertex -9.781476007338057 2.0791169081775935 100
    endloop
  endfacet
  facet normal 0 0 1
    outer loop
      vertex -18 0 100
      vertex -9.781476007338057 2.0791169081775935 100
      vertex -9.743700647852352 2.24951054343865 100
    endloop
  endfacet
  facet normal 0 0 1
    outer loop
      vertex -18 0 100
      vertex -9.743700647852352 2.24951054343865 100
      vertex -9.702957262759965 2.4192189559966772 100
    endloop
  endfacet
  facet normal 0 0 1
    outer loop
      vertex -18 0 100
      vertex -9.702957262759965 2.4192189559966772 100
      vertex -9.659258262890683 2.5881904510252074 100
    endloop
  endfacet
  facet normal 0 0 1
    outer loop
      vertex -18 0 100
      vertex -9.659258262890683 2.5881904510252074 100
      vertex -9.612616959383189 2.7563735581699915 100
    endloop
  endfacet
  facet normal 0 0 1
    outer loop
      vertex -18 0 100
      vertex -9.612616959383189 2.7563735581699915 100
      vertex -9.563047559630354 2.9237170472273677 100
    endloop
  endfacet
  facet normal 0 0 1
    outer loop
      vertex -18 0 100
      vertex -9.563047559630354 2.9237170472273677 100
      vertex -9.510565162951535 3.090169943749474 100
    endloop
  endfacet
  facet normal 0 0 1
    outer loop
      vertex -18 0 100
      vertex -9.510565162951535 3.090169943749474 100
      vertex -9.455185755993169 3.255681544571567 100
    endloop
  endfacet
  facet normal 0 0 1
    outer loop
      vertex -18 0 100
      vertex -9.455185755993169 3.255681544571567 100
      vertex -9.396926207859085 3.420201433256687 100
    endloop
  endfacet
  facet normal 0 0 1
    outer loop
      vertex -18 0 100
      vertex -9.396926207859085 3.420201433256687 100
      vertex -9.335804264972017 3.5836794954530027 100
    endloop
  endfacet
  facet normal 0 0 1
    outer loop
      vertex -18 0 100
      vertex -9.335804264972017 3.5836794954530027 100
      vertex -9.271838545667874 3.74606593415912 100
    endloop
  endfacet
  facet normal 0 0 1
    outer loop
      vertex -18 0 100
      vertex -9.271838545667874 3.74606593415912 100
      vertex -9.205048534524403 3.907311284892738 100
    endloop
  endfacet
  facet normal 0 0 1
    outer loop
      vertex -18 0 100
      vertex -9.205048534524403 3.907311284892738 100
      vertex -9.135454576426008 4.067366430758002 100
    endloop
  endfacet
  facet normal 0 0 1
    outer loop
      vertex -18 0 100
      vertex -9.135454576426008 4.067366430758002 100
      vertex -9.063077870366499 4.2261826174069945 100
    endloop
  endfacet
  facet normal 0 0 1
    outer loop
      vertex -18 0 100
      vertex -9.063077870366499 4.2261826174069945 100
      vertex -8.98794046299167 4.383711467890774 100
    endloop
  endfacet
  facet normal 0 0 1
    outer loop
      vertex -18 0 100
      vertex -8.98794046299167 4.383711467890774 100
      vertex -9 15.588457268119894 100
    endloop
  endfacet
  facet normal 0 0 1
    outer loop
      vertex -9 15.588457268119894 100
      vertex -8.98794046299167 4.383711467890774 100
      vertex -8.910065241883679 4.5399049973954675 100
    endloop
  endfacet
  facet normal 0 0 1
    outer loop
      vertex -9 15.588457268119894 100
      vertex -8.910065241883679 4.5399049973954675 100
      vertex -8.82947592858927 4.694715627858908 100
    endloop
  endfacet
  facet normal 0 0 1
    outer loop
      vertex -9 15.588457268119894 100
      vertex -8.82947592858927 4.694715627858908 100
      vertex -8.746197071393958 4.8480962024633705 100
    endloop
  endfacet
  facet normal 0 0 1
    outer loop
      vertex -9 15.588457268119894 100
      vertex -8.746197071393958 4.8480962024633705 100
      vertex -8.660254037844386 5 100
    endloop
  endfacet
  facet normal 0 0 1
    outer loop
      vertex -9 15.588457268119894 100
      vertex -8.660254037844386 5 100
      vertex -8.571673007021124 5.150380749100542 100
    endloop
  endfacet
  facet normal 0 0 1
    outer loop
      vertex -9 15.588457268119894 100
      vertex -8.571673007021124 5.150380749100542 100
      vertex -8.48048096156426 5.299192642332049 100
    endloop
  endfacet
  facet normal 0 0 1
    outer loop
      vertex -9 15.588457268119894 100
      vertex -8.48048096156426 5.299192642332049 100
      vertex -8.386705679454241 5.446390350150271 100
    endloop
  endfacet
  facet normal 0 0 1
    outer loop
      vertex -9 15.588457268119894 100
      vertex -8.386705679454241 5.446390350150271 100
      vertex -8.290375725550415 5.591929034707469 100
    endloop
  endfacet
  facet normal 0 0 1
    outer loop
      vertex -9 15.588457268119894 100
      vertex -8.290375725550415 5.591929034707469 100
      vertex -8.191520442889917 5.7357643635104605 100
    endloop
  endfacet
  facet normal 0 0 1
    outer loop
      vertex -9 15.588457268119894 100
      vertex -8.191520442889917 5.7357643635104605 100
      vertex -8.090169943749475 5.877852522924732 100
    endloop
  endfacet
  facet normal 0 0 1
    outer loop
      vertex -9 15.588457268119894 100
      vertex -8.090169943749475 5.877852522924732 100
      vertex -7.986355100472928 6.018150231520483 100
    endloop
  endfacet
  facet normal 0 0 1
    outer loop
      vertex -9 15.588457268119894 100
      vertex -7.986355100472928 6.018150231520483 100
      vertex -7.880107536067219 6.156614753256583 100
    endloop
  endfacet
  facet normal 0 0 1
    outer loop
      vertex -9 15.588457268119894 100
      vertex -7.880107536067219 6.156614753256583 100
      vertex -7.771459614569709 6.293203910498374 100
    endloop
  endfacet
  facet normal 0 0 1
    outer loop
      vertex -9 15.588457268119894 100
      vertex -7.771459614569709 6.293203910498374 100
      vertex -7.66044443118978 6.4278760968653925 100
    endloop
  endfacet
  facet normal 0 0 1
    outer loop
      vertex -9 15.588457268119894 100
      vertex -7.66044443118978 6.4278760968653925 100
      vertex -7.54709580222772 6.560590289905073 100
    endloop
  endfacet
  facet normal 0 0 1
    outer loop
      vertex -9 15.588457268119894 100
      vertex -7.54709580222772 6.560590289905073 100
      vertex -7.431448254773942 6.691306063588582 100
    endloop
  endfacet
  facet normal 0 0 1
    outer loop
      vertex -9 15.588457268119894 100
      vertex -7.431448254773942 6.691306063588582 100
      vertex -7.313537016191704 6.819983600624985 100
    endloop
  endfacet
  facet normal 0 0 1
    outer loop
      vertex -9 15.588457268119894 100
      vertex -7.313537016191704 6.819983600624985 100
      vertex -7.193398003386512 6.9465837045899725 100
    endloop
  endfacet
  facet normal 0 0 1
    outer loop
      vertex -9 15.588457268119894 100
      vertex -7.193398003386512 6.9465837045899725 100
      vertex -7.0710678118654755 7.0710678118654755 100
    endloop
  endfacet
  facet normal 0 0 1
    outer loop
      vertex -9 15.588457268119894 100
      vertex -7.0710678118654755 7.0710678118654755 100
      vertex -6.9465837045899725 7.193398003386512 100
    endloop
  endfacet
  facet normal 0 0 1
    outer loop
      vertex -9 15.588457268119894 100
      vertex -6.9465837045899725 7.193398003386512 100
      vertex -6.819983600624985 7.313537016191704 100
    endloop
  endfacet
  facet normal 0 0 1
    outer loop
      vertex -9 15.588457268119894 100
      vertex -6.819983600624985 7.313537016191704 100
      vertex -6.691306063588582 7.431448254773942 100
    endloop
  endfacet
  facet normal 0 0 1
    outer loop
      vertex -9 15.588457268119894 100
      vertex -6.691306063588582 7.431448254773942 100
      vertex -6.560590289905073 7.54709580222772 100
    endloop
  endfacet
  facet normal 0 0 1
    outer loop
      vertex -9 15.588457268119894 100
      vertex -6.560590289905073 7.54709580222772 100
      vertex -6.4278760968653925 7.66044443118978 100
    endloop
  endfacet
  facet normal 0 0 1
    outer loop
      vertex -9 15.588457268119894 100
      vertex -6.4278760968653925 7.66044443118978 100
      vertex -6.293203910498374 7.771459614569709 100
    endloop
  endfacet
  facet normal 0 0 1
    outer loop
      vertex -9 15.588457268119894 100
      vertex -6.293203910498374 7.771459614569709 100
      vertex -6.156614753256583 7.880107536067219 100
    endloop
  endfacet
  facet normal 0 0 1
    outer loop
      vertex -9 15.588457268119894 100
      vertex -6.156614753256583 7.880107536067219 100
      vertex -6.018150231520483 7.986355100472928 100
    endloop
  endfacet
  facet normal 0 0 1
    outer loop
      vertex -9 15.588457268119894 100
      vertex -6.018150231520483 7.986355100472928 100
      vertex -5.877852522924732 8.090169943749475 100
    endloop
  endfacet
  facet normal 0 0 1
    outer loop
      vertex -9 15.588457268119894 100
      vertex -5.877852522924732 8.090169943749475 100
      vertex -5.7357643635104605 8.191520442889917 100
    endloop
  endfacet
  facet normal 0 0 1
    outer loop
      vertex -9 15.588457268119894 100
      vertex -5.7357643635104605 8.191520442889917 100
      vertex -5.591929034707469 8.290375725550415 100
    endloop
  endfacet
  facet normal 0 0 1
    outer loop
      vertex -9 15.588457268119894 100
      vertex -5.591929034707469 8.290375725550415 100
      vertex -5.446390350150271 8.386705679454241 100
    endloop
  endfacet
  facet normal 0 0 1
    outer loop
      vertex -9 15.588457268119894 100
      vertex -5.446390350150271 8.386705679454241 100
      vertex -5.299192642332049 8.48048096156426 100
    endloop
  endfacet
  facet normal 0 0 1
    outer loop
      vertex -9 15.588457268119894 100
      vertex -5.299192642332049 8.48048096156426 100
      vertex -5.150380749100542 8.571673007021124 100
    endloop
  endfacet
  facet normal 0 0 1
    outer loop
      vertex -9 15.588457268119894 100
      vertex -5.150380749100542 8.571673007021124 100
      vertex -5 8.660254037844386 100
    endloop
  endfacet
  facet normal 0 0 1
    outer loop
      vertex -9 15.588457268119894 100
      vertex -5 8.660254037844386 100
      vertex -4.8480962024633705 8.746197071393958 100
    endloop
  endfacet
  facet normal 0 0 1
    outer loop
      vertex -9 15.588457268119894 100
      vertex -4.8480962024633705 8.746197071393958 100
      vertex -4.694715627858908 8.82947592858927 100
    endloop
  endfacet
  facet normal 0 0 1
    outer loop
      vertex -9 15.588457268119894 100
      vertex -4.694715627858908 8.82947592858927 100
      vertex -4.5399049973954675 8.910065241883679 100
    endloop
  endfacet
  facet normal 0 0 1
    outer loop
      vertex -9 15.588457268119894 100
      vertex -4.5399049973954675 8.910065241883679 100
      vertex -4.383711467890774 8.98794046299167 100
    endloop
  endfacet
  facet normal 0 0 1
    outer loop
      vertex -9 15.588457268119894 100
      vertex -4.383711467890774 8.98794046299167 100
      vertex -4.2261826174069945 9.063077870366499 100
    endloop
  endfacet
  facet normal 0 0 1
    outer loop
      vertex -9 15.588457268119894 100
      vertex -4.2261826174069945 9.063077870366499 100
      vertex -4.067366430758002 9.135454576426008 100
    endloop
  endfacet
  facet normal 0 0 1
    outer loop
      vertex -9 15.588457268119894 100
      vertex -4.067366430758002 9.135454576426008 100
      vertex -3.907311284892738 9.205048534524403 100
    endloop
  endfacet
  facet normal 0 0 1
    outer loop
      vertex -9 15.588457268119894 100
      vertex -3.907311284892738 9.205048534524403 100
      vertex -3.74606593415912 9.271838545667874 100
    endloop
  endfacet
  facet normal 0 0 1
    outer loop
      vertex -9 15.588457268119894 100
      vertex -3.74606593415912 9.271838545667874 100
      vertex -3.5836794954530027 9.335804264972017 100
    endloop
  endfacet
  facet normal 0 0 1
    outer loop
      vertex -9 15.588457268119894 100
      vertex -3.5836794954530027 9.335804264972017 100
      vertex -3.420201433256687 9.396926207859085 100
    endloop
  endfacet
  facet normal 0 0 1
    outer loop
      vertex -9 15.588457268119894 100
      vertex -3.420201433256687 9.396926207859085 100
      vertex -3.255681544571567 9.455185755993169 100
    endloop
  endfacet
  facet normal 0 0 1
    outer loop
      vertex -9 15.588457268119894 100
      vertex -3.255681544571567 9.455185755993169 100
      vertex -3.090169943749474 9.510565162951535 100
    endloop
  endfacet
  facet normal 0 0 1
    outer loop
      vertex -9 15.588457268119894 100
      vertex -3.090169943749474 9.510565162951535 100
      vertex -2.9237170472273677 9.563047559630354 100
    endloop
  endfacet
  facet normal 0 0 1
    outer loop
      vertex -9 15.588457268119894 100
      vertex -2.9237170472273677 9.563047559630354 100
      vertex -2.7563735581699915 9.612616959383189 100
    endloop
  endfacet
  facet normal 0 0 1
    outer loop
      vertex -9 15.588457268119894 100
      vertex -2.7563735581699915 9.612616959383189 100
      vertex -2.5881904510252074 9.659258262890683 100
    endloop
  endfacet
  facet normal 0 0 1
    outer loop
      vertex -9 15.588457268119894 100
      vertex -2.5881904510252074 9.659258262890683 100
      vertex -2.4192189559966772 9.702957262759965 100
    endloop
  endfacet
  facet normal 0 0 1
    outer loop
      vertex -9 15.588457268119894 100
      vertex -2.4192189559966772 9.702957262759965 100
      vertex -2.24951054343865 9.743700647852352 100
    endloop
  endfacet
  facet normal 0 0 1
    outer loop
      vertex -9 15.588457268119894 100
      vertex -2.24951054343865 9.743700647852352 100
      vertex -2.0791169081775935 9.781476007338057 100
    endloop
  endfacet
  facet normal 0 0 1
    outer loop
      vertex -9 15.588457268119894 100
      vertex -2.0791169081775935 9.781476007338057 100
      vertex -1.908089953765448 9.81627183447664 100
    endloop
  endfacet
  facet normal 0 0 1
    outer loop
      vertex -9 15.588457268119894 100
      vertex -1.908089953765448 9.81627183447664 100
      vertex -1.7364817766693033 9.84807753012208 100
    endloop
  endfacet
  facet normal 0 0 1
    outer loop
      vertex -9 15.588457268119894 100
      vertex -1.7364817766693033 9.84807753012208 100
      vertex -1.5643446504023086 9.876883405951379 100
    endloop
  endfacet
  facet normal 0 0 1
    outer loop
      vertex -9 15.588457268119894 100
      vertex -1.5643446504023086 9.876883405951379 100
      vertex 9 15.588457268119894 100
    endloop
  endfacet
  facet normal 0 0 -1
    outer loop
      vertex 9 -15.588457268119894 0
      vertex -2.786016656957975 -13.107177849832997 0
      vertex -2.5568405380457007 -13.153804258198697 0
    endloop
  endfacet
  facet normal 0 0 -1
    outer loop
      vertex 9 -15.588457268119894 0
      vertex -2.5568405380457007 -13.153804258198697 0
      vertex -2.3268855807368665 -13.196423890363588 0
    endloop
  endfacet
  facet normal 0 0 -1
    outer loop
      vertex 9 -15.588457268119894 0
      vertex -2.3268855807368665 -13.196423890363588 0
      vertex -2.096221831539094 -13.235023763974846 0
    endloop
  endfacet
  facet normal 0 0 -1
    outer loop
      vertex 9 -15.588457268119894 0
      vertex -2.096221831539094 -13.235023763974846 0
      vertex -1.864919552864877 -13.269592121137043 0
    endloop
  endfacet
  facet normal 0 0 -1
    outer loop
      vertex 9 -15.588457268119894 0
      vertex -1.864919552864877 -13.269592121137043 0
      vertex -1.6330492016289762 -13.300118431993715 0
    endloop
  endfacet
  facet normal 0 0 -1
    outer loop
      vertex 9 -15.588457268119894 0
      vertex -1.6330492016289762 -13.300118431993715 0
      vertex -1.4006814077865566 -13.326593397934863 0
    endloop
  endfacet
  facet normal 0 0 -1
    outer loop
      vertex 9 -15.588457268119894 0
      vertex -1.4006814077865566 -13.326593397934863 0
      vertex -1.1678869528186195 -13.34900895442939 0
    endloop
  endfacet
  facet normal 0 0 -1
    outer loop
      vertex 9 -15.588457268119894 0
      vertex -1.1678869528186195 -13.34900895442939 0
      vertex -0.934736748171279 -13.367358273481644 0
    endloop
  endfacet
  facet normal 0 0 -1
    outer loop
      vertex 9 -15.588457268119894 0
      vertex -0.934736748171279 -13.367358273481644 0
      vertex -0.7013018136554474 -13.38163576571129 0
    endloop
  endfacet
  facet normal 0 0 -1
    outer loop
      vertex 9 -15.588457268119894 0
      vertex -0.7013018136554474 -13.38163576571129 0
      vertex -0.467653255813513 -13.391837082055883 0
    endloop
  endfacet
  facet normal 0 0 -1
    outer loop
      vertex 9 -15.588457268119894 0
      vertex -0.467653255813513 -13.391837082055883 0
      vertex -0.23386224625959906 -13.397959115095643 0
    endloop
  endfacet
  facet normal 0 0 -1
    outer loop
      vertex 9 -15.588457268119894 0
      vertex -0.23386224625959906 -13.397959115095643 0
      vertex 0 -13.4 0
    endloop
  endfacet
  facet normal 0 0 -1
    outer loop
      vertex 9 -15.588457268119894 0
      vertex 0 -13.4 0
      vertex 10 -13.4 0
    endloop
  endfacet
  facet normal 0 -1 0
    outer loop
      vertex -9 -15.588457268119894 0
      vertex 9 -15.588457268119894 0
      vertex 9 -15.588457268119894 100
    endloop
  endfacet
  facet normal 0 0 -1
    outer loop
      vertex 9 -15.588457268119894 0
      vertex 10 -13.4 0
      vertex 10.2338622462596 -13.397959115095643 0
    endloop
  endfacet
  facet normal 0 0 -1
    outer loop
      vertex 9 -15.588457268119894 0
      vertex 10.2338622462596 -13.397959115095643 0
      vertex 10.265157839128479 -13.397139611155318 0
    endloop
  endfacet
  facet normal 0.8660254037844385 -0.5000000000000002 0
    outer loop
      vertex 9 -15.588457268119894 0
      vertex 10.265157839128479 -13.397139611155318 0
      vertex 10.265157839128479 -13.397139611155318 2
    endloop
  endfacet
  facet normal 0.8660254037844377 -0.5000000000000016 2.859268393467349e-15
    outer loop
      vertex 9 -15.588457268119894 0
      vertex 10.265157839128479 -13.397139611155318 2
      vertex 10.1875 -13.531646934131853 2
    endloop
  endfacet
  facet normal 0.8660254037844387 -0.5 0
    outer loop
      vertex 10.1875 -13.531646934131853 7
      vertex 12.394579788884824 -9.708872603424945 7
      vertex 12.394579788884824 -9.708872603424945 12
    endloop
  endfacet
  facet normal 0.8660254037844386 -0.5000000000000001 0
    outer loop
      vertex 9 -15.588457268119894 0
      vertex 10.1875 -13.531646934131853 2
      vertex 9 -15.588457268119894 100
    endloop
  endfacet
  facet normal 0.8660254037844384 -0.5000000000000003 0
    outer loop
      vertex 9 -15.588457268119894 100
      vertex 10.1875 -13.531646934131853 2
      vertex 10.1875 -13.531646934131853 7
    endloop
  endfacet
  facet normal 0.8660254037844388 -0.49999999999999994 6.308207219341941e-18
    outer loop
      vertex 9 -15.588457268119894 100
      vertex 10.1875 -13.531646934131853 7
      vertex 12.394579788884824 -9.708872603424945 12
    endloop
  endfacet
  facet normal 0.8660254037844386 -0.5000000000000001 0
    outer loop
      vertex 18 0 100
      vertex 12.394579788884824 -9.708872603424945 12
      vertex 18 0 12
    endloop
  endfacet
  facet normal 0 0 1
    outer loop
      vertex -9 -15.588457268119894 100
      vertex 9 -15.588457268119894 100
      vertex 1.5643446504023086 -9.876883405951379 100
    endloop
  endfacet
  facet normal 0 0 1
    outer loop
      vertex 9 -15.588457268119894 100
      vertex 1.7364817766693033 -9.84807753012208 100
      vertex 1.5643446504023086 -9.876883405951379 100
    endloop
  endfacet
  facet normal 0 0 1
    outer loop
      vertex 9 -15.588457268119894 100
      vertex 1.908089953765448 -9.81627183447664 100
      vertex 1.7364817766693033 -9.84807753012208 100
    endloop
  endfacet
  facet normal 0 0 1
    outer loop
      vertex 9 -15.588457268119894 100
      vertex 2.0791169081775935 -9.781476007338057 100
      vertex 1.908089953765448 -9.81627183447664 100
    endloop
  endfacet
  facet normal 0 0 1
    outer loop
      vertex 9 -15.588457268119894 100
      vertex 2.24951054343865 -9.743700647852352 100
      vertex 2.0791169081775935 -9.781476007338057 100
    endloop
  endfacet
  facet normal 0 0 1
    outer loop
      vertex 9 -15.588457268119894 100
      vertex 2.4192189559966772 -9.702957262759965 100
      vertex 2.24951054343865 -9.743700647852352 100
    endloop
  endfacet
  facet normal 0 0 1
    outer loop
      vertex 9 -15.588457268119894 100
      vertex 2.5881904510252074 -9.659258262890683 100
      vertex 2.4192189559966772 -9.702957262759965 100
    endloop
  endfacet
  facet normal 0 0 1
    outer loop
      vertex 9 -15.588457268119894 100
      vertex 2.7563735581699915 -9.612616959383189 100
      vertex 2.5881904510252074 -9.659258262890683 100
    endloop
  endfacet
  facet normal 0 0 1
    outer loop
      vertex 9 -15.588457268119894 100
      vertex 2.9237170472273677 -9.563047559630354 100
      vertex 2.7563735581699915 -9.612616959383189 100
    endloop
  endfacet
  facet normal 0 0 1
    outer loop
      vertex 9 -15.588457268119894 100
      vertex 3.090169943749474 -9.510565162951535 100
      vertex 2.9237170472273677 -9.563047559630354 100
    endloop
  endfacet
  facet normal 0 0 1
    outer loop
      vertex 9 -15.588457268119894 100
      vertex 3.255681544571567 -9.455185755993169 100
      vertex 3.090169943749474 -9.510565162951535 100
    endloop
  endfacet
  facet normal 0 0 1
    outer loop
      vertex 9 -15.588457268119894 100
      vertex 3.420201433256687 -9.396926207859085 100
      vertex 3.255681544571567 -9.455185755993169 100
    endloop
  endfacet
  facet normal 0 0 1
    outer loop
      vertex 9 -15.588457268119894 100
      vertex 3.5836794954530027 -9.335804264972017 100
      vertex 3.420201433256687 -9.396926207859085 100
    endloop
  endfacet
  facet normal 0 0 1
    outer loop
      vertex 9 -15.588457268119894 100
      vertex 3.74606593415912 -9.271838545667874 100
      vertex 3.5836794954530027 -9.335804264972017 100
    endloop
  endfacet
  facet normal 0 0 1
    outer loop
      vertex 9 -15.588457268119894 100
      vertex 3.907311284892738 -9.205048534524403 100
      vertex 3.74606593415912 -9.271838545667874 100
    endloop
  endfacet
  facet normal 0 0 1
    outer loop
      vertex 9 -15.588457268119894 100
      vertex 4.067366430758002 -9.135454576426008 100
      vertex 3.907311284892738 -9.205048534524403 100
    endloop
  endfacet
  facet normal 0 0 1
    outer loop
      vertex 9 -15.588457268119894 100
      vertex 4.2261826174069945 -9.063077870366499 100
      vertex 4.067366430758002 -9.135454576426008 100
    endloop
  endfacet
  facet normal 0 0 1
    outer loop
      vertex 9 -15.588457268119894 100
      vertex 4.383711467890774 -8.98794046299167 100
      vertex 4.2261826174069945 -9.063077870366499 100
    endloop
  endfacet
  facet normal 0 0 1
    outer loop
      vertex 9 -15.588457268119894 100
      vertex 4.5399049973954675 -8.910065241883679 100
      vertex 4.383711467890774 -8.98794046299167 100
    endloop
  endfacet
  facet normal 0 0 1
    outer loop
      vertex 9 -15.588457268119894 100
      vertex 4.694715627858908 -8.82947592858927 100
      vertex 4.5399049973954675 -8.910065241883679 100
    endloop
  endfacet
  facet normal 0 0 1
    outer loop
      vertex 9 -15.588457268119894 100
      vertex 4.8480962024633705 -8.746197071393958 100
      vertex 4.694715627858908 -8.82947592858927 100
    endloop
  endfacet
  facet normal 0 0 1
    outer loop
      vertex 9 -15.588457268119894 100
      vertex 5 -8.660254037844386 100
      vertex 4.8480962024633705 -8.746197071393958 100
    endloop
  endfacet
  facet normal 0 0 1
    outer loop
      vertex 9 -15.588457268119894 100
      vertex 5.150380749100542 -8.571673007021124 100
      vertex 5 -8.660254037844386 100
    endloop
  endfacet
  facet normal 0 0 1
    outer loop
      vertex 9 -15.588457268119894 100
      vertex 5.299192642332049 -8.48048096156426 100
      vertex 5.150380749100542 -8.571673007021124 100
    endloop
  endfacet
  facet normal 0 0 1
    outer loop
      vertex 9 -15.588457268119894 100
      vertex 5.446390350150271 -8.386705679454241 100
      vertex 5.299192642332049 -8.48048096156426 100
    endloop
  endfacet
  facet normal 0 0 1
    outer loop
      vertex 9 -15.588457268119894 100
      vertex 5.591929034707469 -8.290375725550415 100
      vertex 5.446390350150271 -8.386705679454241 100
    endloop
  endfacet
  facet normal 0 0 1
    outer loop
      vertex 9 -15.588457268119894 100
      vertex 5.7357643635104605 -8.191520442889917 100
      vertex 5.591929034707469 -8.290375725550415 100
    endloop
  endfacet
  facet normal 0 0 1
    outer loop
      vertex 9 -15.588457268119894 100
      vertex 5.877852522924732 -8.090169943749475 100
      vertex 5.7357643635104605 -8.191520442889917 100
    endloop
  endfacet
  facet normal 0 0 1
    outer loop
      vertex 9 -15.588457268119894 100
      vertex 6.018150231520483 -7.986355100472928 100
      vertex 5.877852522924732 -8.090169943749475 100
    endloop
  endfacet
  facet normal 0 0 1
    outer loop
      vertex 9 -15.588457268119894 100
      vertex 6.156614753256583 -7.880107536067219 100
      vertex 6.018150231520483 -7.986355100472928 100
    endloop
  endfacet
  facet normal 0 0 1
    outer loop
      vertex 9 -15.588457268119894 100
      vertex 6.293203910498374 -7.771459614569709 100
      vertex 6.156614753256583 -7.880107536067219 100
    endloop
  endfacet
  facet normal 0 0 1
    outer loop
      vertex 9 -15.588457268119894 100
      vertex 6.4278760968653925 -7.66044443118978 100
      vertex 6.293203910498374 -7.771459614569709 100
    endloop
  endfacet
  facet normal 0 0 1
    outer loop
      vertex 9 -15.588457268119894 100
      vertex 6.560590289905073 -7.54709580222772 100
      vertex 6.4278760968653925 -7.66044443118978 100
    endloop
  endfacet
  facet normal 0 0 1
    outer loop
      vertex 9 -15.588457268119894 100
      vertex 6.691306063588582 -7.431448254773942 100
      vertex 6.560590289905073 -7.54709580222772 100
    endloop
  endfacet
  facet normal 0 0 1
    outer loop
      vertex 9 -15.588457268119894 100
      vertex 6.819983600624985 -7.313537016191704 100
      vertex 6.691306063588582 -7.431448254773942 100
    endloop
  endfacet
  facet normal 0 0 1
    outer loop
      vertex 9 -15.588457268119894 100
      vertex 6.9465837045899725 -7.193398003386512 100
      vertex 6.819983600624985 -7.313537016191704 100
    endloop
  endfacet
  facet normal 0 0 1
    outer loop
      vertex 9 -15.588457268119894 100
      vertex 7.0710678118654755 -7.0710678118654755 100
      vertex 6.9465837045899725 -7.193398003386512 100
    endloop
  endfacet
  facet normal 0 0 1
    outer loop
      vertex 9 -15.588457268119894 100
      vertex 7.193398003386512 -6.9465837045899725 100
      vertex 7.0710678118654755 -7.0710678118654755 100
    endloop
  endfacet
  facet normal 0 0 1
    outer loop
      vertex 9 -15.588457268119894 100
      vertex 7.313537016191704 -6.819983600624985 100
      vertex 7.193398003386512 -6.9465837045899725 100
    endloop
  endfacet
  facet normal 0 0 1
    outer loop
      vertex 9 -15.588457268119894 100
      vertex 7.431448254773942 -6.691306063588582 100
      vertex 7.313537016191704 -6.819983600624985 100
    endloop
  endfacet
  facet normal 0 0 1
    outer loop
      vertex 9 -15.588457268119894 100
      vertex 7.54709580222772 -6.560590289905073 100
      vertex 7.431448254773942 -6.691306063588582 100
    endloop
  endfacet
  facet normal 0 0 1
    outer loop
      vertex 9 -15.588457268119894 100
      vertex 7.66044443118978 -6.4278760968653925 100
      vertex 7.54709580222772 -6.560590289905073 100
    endloop
  endfacet
  facet normal 0 0 1
    outer loop
      vertex 9 -15.588457268119894 100
      vertex 7.771459614569709 -6.293203910498374 100
      vertex 7.66044443118978 -6.4278760968653925 100
    endloop
  endfacet
  facet normal 0 0 1
    outer loop
      vertex 9 -15.588457268119894 100
      vertex 7.880107536067219 -6.156614753256583 100
      vertex 7.771459614569709 -6.293203910498374 100
    endloop
  endfacet
  facet normal 0 0 1
    outer loop
      vertex 9 -15.588457268119894 100
      vertex 7.986355100472928 -6.018150231520483 100
      vertex 7.880107536067219 -6.156614753256583 100
    endloop
  endfacet
  facet normal 0 0 1
    outer loop
      vertex 9 -15.588457268119894 100
      vertex 8.090169943749475 -5.877852522924732 100
      vertex 7.986355100472928 -6.018150231520483 100
    endloop
  endfacet
  facet normal 0 0 1
    outer loop
      vertex 9 -15.588457268119894 100
      vertex 8.191520442889917 -5.7357643635104605 100
      vertex 8.090169943749475 -5.877852522924732 100
    endloop
  endfacet
  facet normal 0 0 1
    outer loop
      vertex 9 -15.588457268119894 100
      vertex 8.290375725550415 -5.591929034707469 100
      vertex 8.191520442889917 -5.7357643635104605 100
    endloop
  endfacet
  facet normal 0 0 1
    outer loop
      vertex 9 -15.588457268119894 100
      vertex 8.386705679454241 -5.446390350150271 100
      vertex 8.290375725550415 -5.591929034707469 100
    endloop
  endfacet
  facet normal 0 0 1
    outer loop
      vertex 9 -15.588457268119894 100
      vertex 8.48048096156426 -5.299192642332049 100
      vertex 8.386705679454241 -5.446390350150271 100
    endloop
  endfacet
  facet normal 0 0 1
    outer loop
      vertex 9 -15.588457268119894 100
      vertex 8.571673007021124 -5.150380749100542 100
      vertex 8.48048096156426 -5.299192642332049 100
    endloop
  endfacet
  facet normal 0 0 1
    outer loop
      vertex 9 -15.588457268119894 100
      vertex 8.660254037844386 -5 100
      vertex 8.571673007021124 -5.150380749100542 100
    endloop
  endfacet
  facet normal 0 0 1
    outer loop
      vertex 9 -15.588457268119894 100
      vertex 8.746197071393958 -4.8480962024633705 100
      vertex 8.660254037844386 -5 100
    endloop
  endfacet
  facet normal 0 0 1
    outer loop
      vertex 9 -15.588457268119894 100
      vertex 8.82947592858927 -4.694715627858908 100
      vertex 8.746197071393958 -4.8480962024633705 100
    endloop
  endfacet
  facet normal 0 0 1
    outer loop
      vertex 9 -15.588457268119894 100
      vertex 8.910065241883679 -4.5399049973954675 100
      vertex 8.82947592858927 -4.694715627858908 100
    endloop
  endfacet
  facet normal 0 0 1
    outer loop
      vertex 9 -15.588457268119894 100
      vertex 8.98794046299167 -4.383711467890774 100
      vertex 8.910065241883679 -4.5399049973954675 100
    endloop
  endfacet
  facet normal 0.8660254037844386 -0.5000000000000001 0
    outer loop
      vertex 9 -15.588457268119894 100
      vertex 12.394579788884824 -9.708872603424945 12
      vertex 18 0 100
    endloop
  endfacet
  facet normal 0 0 1
    outer loop
      vertex 9 -15.588457268119894 100
      vertex 18 0 100
      vertex 8.98794046299167 -4.383711467890774 100
    endloop
  endfacet
  facet normal 0 0 1
    outer loop
      vertex 18 0 100
      vertex 9.063077870366499 -4.2261826174069945 100
      vertex 8.98794046299167 -4.383711467890774 100
    endloop
  endfacet
  facet normal 0 0 1
    outer loop
      vertex 18 0 100
      vertex 9.135454576426008 -4.067366430758002 100
      vertex 9.063077870366499 -4.2261826174069945 100
    endloop
  endfacet
  facet normal 0 0 1
    outer loop
      vertex 18 0 100
      vertex 9.205048534524403 -3.907311284892738 100
      vertex 9.135454576426008 -4.067366430758002 100
    endloop
  endfacet
  facet normal 0 0 1
    outer loop
      vertex 18 0 100
      vertex 9.271838545667874 -3.74606593415912 100
      vertex 9.205048534524403 -3.907311284892738 100
    endloop
  endfacet
  facet normal 0 0 1
    outer loop
      vertex 18 0 100
      vertex 9.335804264972017 -3.5836794954530027 100
      vertex 9.271838545667874 -3.74606593415912 100
    endloop
  endfacet
  facet normal 0 0 1
    outer loop
      vertex 18 0 100
      vertex 9.396926207859085 -3.420201433256687 100
      vertex 9.335804264972017 -3.5836794954530027 100
    endloop
  endfacet
  facet normal 0 0 1
    outer loop
      vertex 18 0 100
      vertex 9.455185755993169 -3.255681544571567 100
      vertex 9.396926207859085 -3.420201433256687 100
    endloop
  endfacet
  facet normal 0 0 1
    outer loop
      vertex 18 0 100
      vertex 9.510565162951535 -3.090169943749474 100
      vertex 9.455185755993169 -3.255681544571567 100
    endloop
  endfacet
  facet normal 0 0 1
    outer loop
      vertex 18 0 100
      vertex 9.563047559630354 -2.9237170472273677 100
      vertex 9.510565162951535 -3.090169943749474 100
    endloop
  endfacet
  facet normal 0 0 1
    outer loop
      vertex 18 0 100
      vertex 9.612616959383189 -2.7563735581699915 100
      vertex 9.563047559630354 -2.9237170472273677 100
    endloop
  endfacet
  facet normal 0 0 1
    outer loop
      vertex 18 0 100
      vertex 9.659258262890683 -2.5881904510252074 100
      vertex 9.612616959383189 -2.7563735581699915 100
    endloop
  endfacet
  facet normal 0 0 1
    outer loop
      vertex 18 0 100
      vertex 9.702957262759965 -2.4192189559966772 100
      vertex 9.659258262890683 -2.5881904510252074 100
    endloop
  endfacet
  facet normal 0 0 1
    outer loop
      vertex 18 0 100
      vertex 9.743700647852352 -2.24951054343865 100
      vertex 9.702957262759965 -2.4192189559966772 100
    endloop
  endfacet
  facet normal 0 0 1
    outer loop
      vertex 18 0 100
      vertex 9.781476007338057 -2.0791169081775935 100
      vertex 9.743700647852352 -2.24951054343865 100
    endloop
  endfacet
  facet normal 0 0 1
    outer loop
      vertex 18 0 100
      vertex 9.81627183447664 -1.908089953765448 100
      vertex 9.781476007338057 -2.0791169081775935 100
    endloop
  endfacet
  facet normal 0 0 1
    outer loop
      vertex 18 0 100
      vertex 9.84807753012208 -1.7364817766693033 100
      vertex 9.81627183447664 -1.908089953765448 100
    endloop
  endfacet
  facet normal 0 0 1
    outer loop
      vertex 18 0 100
      vertex 9.876883405951379 -1.5643446504023086 100
      vertex 9.84807753012208 -1.7364817766693033 100
    endloop
  endfacet
  facet normal 0 0 1
    outer loop
      vertex 18 0 100
      vertex 9.902680687415703 -1.3917310096006543 100
      vertex 9.876883405951379 -1.5643446504023086 100
    endloop
  endfacet
  facet normal 0 0 1
    outer loop
      vertex 18 0 100
      vertex 9.92546151641322 -1.2186934340514748 100
      vertex 9.902680687415703 -1.3917310096006543 100
    endloop
  endfacet
  facet normal 0 0 1
    outer loop
      vertex 18 0 100
      vertex 9.945218953682733 -1.0452846326765348 100
      vertex 9.92546151641322 -1.2186934340514748 100
    endloop
  endfacet
  facet normal 0 0 1
    outer loop
      vertex 18 0 100
      vertex 9.961946980917455 -0.8715574274765816 100
      vertex 9.945218953682733 -1.0452846326765348 100
    endloop
  endfacet
  facet normal 0 0 1
    outer loop
      vertex 18 0 100
      vertex 9.975640502598242 -0.697564737441253 100
      vertex 9.961946980917455 -0.8715574274765816 100
    endloop
  endfacet
  facet normal 0 0 1
    outer loop
      vertex 18 0 100
      vertex 9.986295347545738 -0.5233595624294384 100
      vertex 9.975640502598242 -0.697564737441253 100
    endloop
  endfacet
  facet normal 0 0 1
    outer loop
      vertex 18 0 100
      vertex 9.993908270190957 -0.3489949670250097 100
      vertex 9.986295347545738 -0.5233595624294384 100
    endloop
  endfacet
  facet normal 0 0 1
    outer loop
      vertex 18 0 100
      vertex 9.998476951563912 -0.17452406437283513 100
      vertex 9.993908270190957 -0.3489949670250097 100
    endloop
  endfacet
  facet normal 0 0 1
    outer loop
      vertex 18 0 100
      vertex 10 0 100
      vertex 9.998476951563912 -0.17452406437283513 100
    endloop
  endfacet
  facet normal 0 0 -1
    outer loop
      vertex 9 15.588457268119894 0
      vertex -2.5568405380457007 13.153804258198697 0
      vertex -2.786016656957975 13.107177849832997 0
    endloop
  endfacet
  facet normal 0 0 -1
    outer loop
      vertex 9 15.588457268119894 0
      vertex -2.3268855807368665 13.196423890363588 0
      vertex -2.5568405380457007 13.153804258198697 0
    endloop
  endfacet
  facet normal 0 0 -1
    outer loop
      vertex 9 15.588457268119894 0
      vertex -2.096221831539094 13.235023763974846 0
      vertex -2.3268855807368665 13.196423890363588 0
    endloop
  endfacet
  facet normal 0 0 -1
    outer loop
      vertex 9 15.588457268119894 0
      vertex -1.864919552864877 13.269592121137043 0
      vertex -2.096221831539094 13.235023763974846 0
    endloop
  endfacet
  facet normal 0 0 -1
    outer loop
      vertex 9 15.588457268119894 0
      vertex -1.6330492016289762 13.300118431993715 0
      vertex -1.864919552864877 13.269592121137043 0
    endloop
  endfacet
  facet normal 0 0 -1
    outer loop
      vertex 9 15.588457268119894 0
      vertex -1.4006814077865566 13.326593397934863 0
      vertex -1.6330492016289762 13.300118431993715 0
    endloop
  endfacet
  facet normal 0 0 -1
    outer loop
      vertex 9 15.588457268119894 0
      vertex -1.1678869528186195 13.34900895442939 0
      vertex -1.4006814077865566 13.326593397934863 0
    endloop
  endfacet
  facet normal 0 0 -1
    outer loop
      vertex 9 15.588457268119894 0
      vertex -0.934736748171279 13.367358273481644 0
      vertex -1.1678869528186195 13.34900895442939 0
    endloop
  endfacet
  facet normal 0 0 -1
    outer loop
      vertex 9 15.588457268119894 0
      vertex -0.7013018136554474 13.38163576571129 0
      vertex -0.934736748171279 13.367358273481644 0
    endloop
  endfacet
  facet normal 0 0 -1
    outer loop
      vertex 9 15.588457268119894 0
      vertex -0.467653255813513 13.391837082055883 0
      vertex -0.7013018136554474 13.38163576571129 0
    endloop
  endfacet
  facet normal 0 0 -1
    outer loop
      vertex 9 15.588457268119894 0
      vertex -0.23386224625959906 13.397959115095643 0
      vertex -0.467653255813513 13.391837082055883 0
    endloop
  endfacet
  facet normal 0 0 -1
    outer loop
      vertex 9 15.588457268119894 0
      vertex 0 13.4 0
      vertex -0.23386224625959906 13.397959115095643 0
    endloop
  endfacet
  facet normal 0 0 -1
    outer loop
      vertex 9 15.588457268119894 0
      vertex 10 13.4 0
      vertex 0 13.4 0
    endloop
  endfacet
  facet normal 0.8660254037844386 0.5000000000000001 0
    outer loop
      vertex 18 0 100
      vertex 18 0 12
      vertex 12.394579788884824 9.708872603424945 12
    endloop
  endfacet
  facet normal 0.8660254037844387 0.4999999999999997 -4.275331994877457e-17
    outer loop
      vertex 18 0 100
      vertex 12.394579788884824 9.708872603424945 12
      vertex 10.1875 13.531646934131853 7
    endloop
  endfacet
  facet normal 0.8660254037844387 0.5 0
    outer loop
      vertex 12.394579788884824 9.708872603424945 12
      vertex 12.394579788884824 9.708872603424945 7
      vertex 10.1875 13.531646934131853 7
    endloop
  endfacet
  facet normal 0.8660254037844377 0.5000000000000016 0
    outer loop
      vertex 10.265157839128479 13.397139611155318 0
      vertex 10.1875 13.531646934131853 2
      vertex 10.265157839128479 13.397139611155318 2
    endloop
  endfacet
  facet normal 0 0 -1
    outer loop
      vertex 9 15.588457268119894 0
      vertex 10.2338622462596 13.397959115095643 0
      vertex 10 13.4 0
    endloop
  endfacet
  facet normal 0 0 -1
    outer loop
      vertex 9 15.588457268119894 0
      vertex 10.265157839128479 13.397139611155318 0
      vertex 10.2338622462596 13.397959115095643 0
    endloop
  endfacet
  facet normal 0.8660254037844385 0.5000000000000002 1.7550743318951397e-16
    outer loop
      vertex 9 15.588457268119894 0
      vertex 10.1875 13.531646934131853 2
      vertex 10.265157839128479 13.397139611155318 0
    endloop
  endfacet
  facet normal 0.8660254037844386 0.5000000000000001 0
    outer loop
      vertex 9 15.588457268119894 0
      vertex 10.1875 13.531646934131853 7
      vertex 10.1875 13.531646934131853 2
    endloop
  endfacet
  facet normal 0.8660254037844385 0.5000000000000002 3.186290294888343e-17
    outer loop
      vertex 9 15.588457268119894 0
      vertex 18 0 100
      vertex 10.1875 13.531646934131853 7
    endloop
  endfacet
  facet normal 0 1 0
    outer loop
      vertex -9 15.588457268119894 100
      vertex 9 15.588457268119894 100
      vertex 9 15.588457268119894 0
    endloop
  endfacet
  facet normal 0 0 1
    outer loop
      vertex 9 15.588457268119894 100
      vertex -1.5643446504023086 9.876883405951379 100
      vertex -1.3917310096006543 9.902680687415703 100
    endloop
  endfacet
  facet normal 0 0 1
    outer loop
      vertex 9 15.588457268119894 100
      vertex -1.3917310096006543 9.902680687415703 100
      vertex -1.2186934340514748 9.92546151641322 100
    endloop
  endfacet
  facet normal 0 0 1
    outer loop
      vertex 9 15.588457268119894 100
      vertex -1.2186934340514748 9.92546151641322 100
      vertex -1.0452846326765348 9.945218953682733 100
    endloop
  endfacet
  facet normal 0 0 1
    outer loop
      vertex 9 15.588457268119894 100
      vertex -1.0452846326765348 9.945218953682733 100
      vertex -0.8715574274765816 9.961946980917455 100
    endloop
  endfacet
  facet normal 0 0 1
    outer loop
      vertex 9 15.588457268119894 100
      vertex -0.8715574274765816 9.961946980917455 100
      vertex -0.697564737441253 9.975640502598242 100
    endloop
  endfacet
  facet normal 0 0 1
    outer loop
      vertex 9 15.588457268119894 100
      vertex -0.697564737441253 9.975640502598242 100
      vertex -0.5233595624294384 9.986295347545738 100
    endloop
  endfacet
  facet normal 0 0 1
    outer loop
      vertex 9 15.588457268119894 100
      vertex -0.5233595624294384 9.986295347545738 100
      vertex -0.3489949670250097 9.993908270190957 100
    endloop
  endfacet
  facet normal 0 0 1
    outer loop
      vertex 9 15.588457268119894 100
      vertex -0.3489949670250097 9.993908270190957 100
      vertex -0.17452406437283513 9.998476951563912 100
    endloop
  endfacet
  facet normal 0 0 1
    outer loop
      vertex 9 15.588457268119894 100
      vertex -0.17452406437283513 9.998476951563912 100
      vertex 0 10 100
    endloop
  endfacet
  facet normal 0 0 1
    outer loop
      vertex 9 15.588457268119894 100
      vertex 0 10 100
      vertex 0.17452406437283513 9.998476951563912 100
    endloop
  endfacet
  facet normal 0 0 1
    outer loop
      vertex 9 15.588457268119894 100
      vertex 0.17452406437283513 9.998476951563912 100
      vertex 0.3489949670250097 9.993908270190957 100
    endloop
  endfacet
  facet normal 0 0 1
    outer loop
      vertex 9 15.588457268119894 100
      vertex 0.3489949670250097 9.993908270190957 100
      vertex 0.5233595624294384 9.986295347545738 100
    endloop
  endfacet
  facet normal 0 0 1
    outer loop
      vertex 9 15.588457268119894 100
      vertex 0.5233595624294384 9.986295347545738 100
      vertex 0.697564737441253 9.975640502598242 100
    endloop
  endfacet
  facet normal 0 0 1
    outer loop
      vertex 9 15.588457268119894 100
      vertex 0.697564737441253 9.975640502598242 100
      vertex 0.8715574274765816 9.961946980917455 100
    endloop
  endfacet
  facet normal 0 0 1
    outer loop
      vertex 9 15.588457268119894 100
      vertex 0.8715574274765816 9.961946980917455 100
      vertex 1.0452846326765348 9.945218953682733 100
    endloop
  endfacet
  facet normal 0 0 1
    outer loop
      vertex 9 15.588457268119894 100
      vertex 1.0452846326765348 9.945218953682733 100
      vertex 1.2186934340514748 9.92546151641322 100
    endloop
  endfacet
  facet normal 0 0 1
    outer loop
      vertex 9 15.588457268119894 100
      vertex 1.2186934340514748 9.92546151641322 100
      vertex 1.3917310096006543 9.902680687415703 100
    endloop
  endfacet
  facet normal 0 0 1
    outer loop
      vertex 9 15.588457268119894 100
      vertex 1.3917310096006543 9.902680687415703 100
      vertex 1.5643446504023086 9.876883405951379 100
    endloop
  endfacet
  facet normal 0 0 1
    outer loop
      vertex 9 15.588457268119894 100
      vertex 1.5643446504023086 9.876883405951379 100
      vertex 1.7364817766693033 9.84807753012208 100
    endloop
  endfacet
  facet normal 0 0 1
    outer loop
      vertex 9 15.588457268119894 100
      vertex 1.7364817766693033 9.84807753012208 100
      vertex 1.908089953765448 9.81627183447664 100
    endloop
  endfacet
  facet normal 0 0 1
    outer loop
      vertex 9 15.588457268119894 100
      vertex 1.908089953765448 9.81627183447664 100
      vertex 2.0791169081775935 9.781476007338057 100
    endloop
  endfacet
  facet normal 0 0 1
    outer loop
      vertex 9 15.588457268119894 100
      vertex 2.0791169081775935 9.781476007338057 100
      vertex 2.24951054343865 9.743700647852352 100
    endloop
  endfacet
  facet normal 0 0 1
    outer loop
      vertex 9 15.588457268119894 100
      vertex 2.24951054343865 9.743700647852352 100
      vertex 2.4192189559966772 9.702957262759965 100
    endloop
  endfacet
  facet normal 0 0 1
    outer loop
      vertex 9 15.588457268119894 100
      vertex 2.4192189559966772 9.702957262759965 100
      vertex 2.5881904510252074 9.659258262890683 100
    endloop
  endfacet
  facet normal 0 0 1
    outer loop
      vertex 9 15.588457268119894 100
      vertex 2.5881904510252074 9.659258262890683 100
      vertex 2.7563735581699915 9.612616959383189 100
    endloop
  endfacet
  facet normal 0 0 1
    outer loop
      vertex 9 15.588457268119894 100
      vertex 2.7563735581699915 9.612616959383189 100
      vertex 2.9237170472273677 9.563047559630354 100
    endloop
  endfacet
  facet normal 0 0 1
    outer loop
      vertex 9 15.588457268119894 100
      vertex 2.9237170472273677 9.563047559630354 100
      vertex 3.090169943749474 9.510565162951535 100
    endloop
  endfacet
  facet normal 0 0 1
    outer loop
      vertex 9 15.588457268119894 100
      vertex 3.420201433256687 9.396926207859085 100
      vertex 3.5836794954530027 9.335804264972017 100
    endloop
  endfacet
  facet normal 0 0 1
    outer loop
      vertex 9 15.588457268119894 100
      vertex 3.090169943749474 9.510565162951535 100
      vertex 3.255681544571567 9.455185755993169 100
    endloop
  endfacet
  facet normal 0 0 1
    outer loop
      vertex 9 15.588457268119894 100
      vertex 3.255681544571567 9.455185755993169 100
      vertex 3.420201433256687 9.396926207859085 100
    endloop
  endfacet
  facet normal 0 0 1
    outer loop
      vertex 9 15.588457268119894 100
      vertex 3.5836794954530027 9.335804264972017 100
      vertex 3.74606593415912 9.271838545667874 100
    endloop
  endfacet
  facet normal 0 0 1
    outer loop
      vertex 9 15.588457268119894 100
      vertex 3.74606593415912 9.271838545667874 100
      vertex 3.907311284892738 9.205048534524403 100
    endloop
  endfacet
  facet normal 0 0 1
    outer loop
      vertex 9 15.588457268119894 100
      vertex 4.383711467890774 8.98794046299167 100
      vertex 4.5399049973954675 8.910065241883679 100
    endloop
  endfacet
  facet normal 0 0 1
    outer loop
      vertex 9 15.588457268119894 100
      vertex 4.694715627858908 8.82947592858927 100
      vertex 4.8480962024633705 8.746197071393958 100
    endloop
  endfacet
  facet normal 0 0 1
    outer loop
      vertex 9 15.588457268119894 100
      vertex 4.5399049973954675 8.910065241883679 100
      vertex 4.694715627858908 8.82947592858927 100
    endloop
  endfacet
  facet normal 0 0 1
    outer loop
      vertex 9 15.588457268119894 100
      vertex 3.907311284892738 9.205048534524403 100
      vertex 4.067366430758002 9.135454576426008 100
    endloop
  endfacet
  facet normal 0 0 1
    outer loop
      vertex 9 15.588457268119894 100
      vertex 4.067366430758002 9.135454576426008 100
      vertex 4.2261826174069945 9.063077870366499 100
    endloop
  endfacet
  facet normal 0 0 1
    outer loop
      vertex 9 15.588457268119894 100
      vertex 4.2261826174069945 9.063077870366499 100
      vertex 4.383711467890774 8.98794046299167 100
    endloop
  endfacet
  facet normal 0 0 1
    outer loop
      vertex 9 15.588457268119894 100
      vertex 5 8.660254037844386 100
      vertex 5.150380749100542 8.571673007021124 100
    endloop
  endfacet
  facet normal 0 0 1
    outer loop
      vertex 9 15.588457268119894 100
      vertex 4.8480962024633705 8.746197071393958 100
      vertex 5 8.660254037844386 100
    endloop
  endfacet
  facet normal 0 0 1
    outer loop
      vertex 9 15.588457268119894 100
      vertex 5.299192642332049 8.48048096156426 100
      vertex 5.446390350150271 8.386705679454241 100
    endloop
  endfacet
  facet normal 0 0 1
    outer loop
      vertex 9 15.588457268119894 100
      vertex 5.150380749100542 8.571673007021124 100
      vertex 5.299192642332049 8.48048096156426 100
    endloop
  endfacet
  facet normal 0 0 1
    outer loop
      vertex 9 15.588457268119894 100
      vertex 5.446390350150271 8.386705679454241 100
      vertex 5.591929034707469 8.290375725550415 100
    endloop
  endfacet
  facet normal 0 0 1
    outer loop
      vertex 9 15.588457268119894 100
      vertex 8.82947592858927 4.694715627858908 100
      vertex 8.910065241883679 4.5399049973954675 100
    endloop
  endfacet
  facet normal 0 0 1
    outer loop
      vertex 9 15.588457268119894 100
      vertex 8.910065241883679 4.5399049973954675 100
      vertex 8.98794046299167 4.383711467890774 100
    endloop
  endfacet
  facet normal 0 0 1
    outer loop
      vertex 9 15.588457268119894 100
      vertex 8.48048096156426 5.299192642332049 100
      vertex 8.571673007021124 5.150380749100542 100
    endloop
  endfacet
  facet normal 0 0 1
    outer loop
      vertex 9 15.588457268119894 100
      vertex 8.746197071393958 4.8480962024633705 100
      vertex 8.82947592858927 4.694715627858908 100
    endloop
  endfacet
  facet normal 0 0 1
    outer loop
      vertex 9 15.588457268119894 100
      vertex 8.660254037844386 5 100
      vertex 8.746197071393958 4.8480962024633705 100
    endloop
  endfacet
  facet normal 0 0 1
    outer loop
      vertex 9 15.588457268119894 100
      vertex 8.571673007021124 5.150380749100542 100
      vertex 8.660254037844386 5 100
    endloop
  endfacet
  facet normal 0 0 1
    outer loop
      vertex 9 15.588457268119894 100
      vertex 7.880107536067219 6.156614753256583 100
      vertex 7.986355100472928 6.018150231520483 100
    endloop
  endfacet
  facet normal 0 0 1
    outer loop
      vertex 9 15.588457268119894 100
      vertex 8.090169943749475 5.877852522924732 100
      vertex 8.191520442889917 5.7357643635104605 100
    endloop
  endfacet
  facet normal 0 0 1
    outer loop
      vertex 9 15.588457268119894 100
      vertex 7.986355100472928 6.018150231520483 100
      vertex 8.090169943749475 5.877852522924732 100
    endloop
  endfacet
  facet normal 0 0 1
    outer loop
      vertex 9 15.588457268119894 100
      vertex 7.66044443118978 6.4278760968653925 100
      vertex 7.771459614569709 6.293203910498374 100
    endloop
  endfacet
  facet normal 0 0 1
    outer loop
      vertex 9 15.588457268119894 100
      vertex 7.431448254773942 6.691306063588582 100
      vertex 7.54709580222772 6.560590289905073 100
    endloop
  endfacet
  facet normal 0 0 1
    outer loop
      vertex 9 15.588457268119894 100
      vertex 7.313537016191704 6.819983600624985 100
      vertex 7.431448254773942 6.691306063588582 100
    endloop
  endfacet
  facet normal 0 0 1
    outer loop
      vertex 9 15.588457268119894 100
      vertex 7.54709580222772 6.560590289905073 100
      vertex 7.66044443118978 6.4278760968653925 100
    endloop
  endfacet
  facet normal 0 0 1
    outer loop
      vertex 9 15.588457268119894 100
      vertex 7.771459614569709 6.293203910498374 100
      vertex 7.880107536067219 6.156614753256583 100
    endloop
  endfacet
  facet normal 0 0 1
    outer loop
      vertex 9 15.588457268119894 100
      vertex 8.290375725550415 5.591929034707469 100
      vertex 8.386705679454241 5.446390350150271 100
    endloop
  endfacet
  facet normal 0 0 1
    outer loop
      vertex 9 15.588457268119894 100
      vertex 8.191520442889917 5.7357643635104605 100
      vertex 8.290375725550415 5.591929034707469 100
    endloop
  endfacet
  facet normal 0 0 1
    outer loop
      vertex 9 15.588457268119894 100
      vertex 8.386705679454241 5.446390350150271 100
      vertex 8.48048096156426 5.299192642332049 100
    endloop
  endfacet
  facet normal 0 0 1
    outer loop
      vertex 9 15.588457268119894 100
      vertex 5.591929034707469 8.290375725550415 100
      vertex 5.7357643635104605 8.191520442889917 100
    endloop
  endfacet
  facet normal 0 0 1
    outer loop
      vertex 9 15.588457268119894 100
      vertex 5.7357643635104605 8.191520442889917 100
      vertex 5.877852522924732 8.090169943749475 100
    endloop
  endfacet
  facet normal 0 0 1
    outer loop
      vertex 9 15.588457268119894 100
      vertex 5.877852522924732 8.090169943749475 100
      vertex 6.018150231520483 7.986355100472928 100
    endloop
  endfacet
  facet normal 0 0 1
    outer loop
      vertex 9 15.588457268119894 100
      vertex 6.156614753256583 7.880107536067219 100
      vertex 6.293203910498374 7.771459614569709 100
    endloop
  endfacet
  facet normal 0 0 1
    outer loop
      vertex 9 15.588457268119894 100
      vertex 6.293203910498374 7.771459614569709 100
      vertex 6.4278760968653925 7.66044443118978 100
    endloop
  endfacet
  facet normal 0 0 1
    outer loop
      vertex 9 15.588457268119894 100
      vertex 6.018150231520483 7.986355100472928 100
      vertex 6.156614753256583 7.880107536067219 100
    endloop
  endfacet
  facet normal 0 0 1
    outer loop
      vertex 9 15.588457268119894 100
      vertex 6.560590289905073 7.54709580222772 100
      vertex 6.691306063588582 7.431448254773942 100
    endloop
  endfacet
  facet normal 0 0 1
    outer loop
      vertex 9 15.588457268119894 100
      vertex 6.819983600624985 7.313537016191704 100
      vertex 6.9465837045899725 7.193398003386512 100
    endloop
  endfacet
  facet normal 0 0 1
    outer loop
      vertex 9 15.588457268119894 100
      vertex 6.691306063588582 7.431448254773942 100
      vertex 6.819983600624985 7.313537016191704 100
    endloop
  endfacet
  facet normal 0 0 1
    outer loop
      vertex 9 15.588457268119894 100
      vertex 6.9465837045899725 7.193398003386512 100
      vertex 7.0710678118654755 7.0710678118654755 100
    endloop
  endfacet
  facet normal 0 0 1
    outer loop
      vertex 9 15.588457268119894 100
      vertex 7.193398003386512 6.9465837045899725 100
      vertex 7.313537016191704 6.819983600624985 100
    endloop
  endfacet
  facet normal 0 0 1
    outer loop
      vertex 9 15.588457268119894 100
      vertex 7.0710678118654755 7.0710678118654755 100
      vertex 7.193398003386512 6.9465837045899725 100
    endloop
  endfacet
  facet normal 0 0 1
    outer loop
      vertex 9 15.588457268119894 100
      vertex 6.4278760968653925 7.66044443118978 100
      vertex 6.560590289905073 7.54709580222772 100
    endloop
  endfacet
  facet normal 0 0 1
    outer loop
      vertex 18 0 100
      vertex 9.975640502598242 0.697564737441253 100
      vertex 9.986295347545738 0.5233595624294384 100
    endloop
  endfacet
  facet normal 0 0 1
    outer loop
      vertex 18 0 100
      vertex 9.998476951563912 0.17452406437283513 100
      vertex 10 0 100
    endloop
  endfacet
  facet normal 0 0 1
    outer loop
      vertex 18 0 100
      vertex 9.993908270190957 0.3489949670250097 100
      vertex 9.998476951563912 0.17452406437283513 100
    endloop
  endfacet
  facet normal 0 0 1
    outer loop
      vertex 18 0 100
      vertex 9.986295347545738 0.5233595624294384 100
      vertex 9.993908270190957 0.3489949670250097 100
    endloop
  endfacet
  facet normal 0 0 1
    outer loop
      vertex 18 0 100
      vertex 9.961946980917455 0.8715574274765816 100
      vertex 9.975640502598242 0.697564737441253 100
    endloop
  endfacet
  facet normal 0 0 1
    outer loop
      vertex 18 0 100
      vertex 9.945218953682733 1.0452846326765348 100
      vertex 9.961946980917455 0.8715574274765816 100
    endloop
  endfacet
  facet normal 0 0 1
    outer loop
      vertex 18 0 100
      vertex 9.92546151641322 1.2186934340514748 100
      vertex 9.945218953682733 1.0452846326765348 100
    endloop
  endfacet
  facet normal 0 0 1
    outer loop
      vertex 18 0 100
      vertex 9.902680687415703 1.3917310096006543 100
      vertex 9.92546151641322 1.2186934340514748 100
    endloop
  endfacet
  facet normal 0 0 1
    outer loop
      vertex 18 0 100
      vertex 9.876883405951379 1.5643446504023086 100
      vertex 9.902680687415703 1.3917310096006543 100
    endloop
  endfacet
  facet normal 0 0 1
    outer loop
      vertex 18 0 100
      vertex 9.84807753012208 1.7364817766693033 100
      vertex 9.876883405951379 1.5643446504023086 100
    endloop
  endfacet
  facet normal 0 0 1
    outer loop
      vertex 18 0 100
      vertex 9.81627183447664 1.908089953765448 100
      vertex 9.84807753012208 1.7364817766693033 100
    endloop
  endfacet
  facet normal 0 0 1
    outer loop
      vertex 18 0 100
      vertex 9.743700647852352 2.24951054343865 100
      vertex 9.781476007338057 2.0791169081775935 100
    endloop
  endfacet
  facet normal 0 0 1
    outer loop
      vertex 18 0 100
      vertex 9.781476007338057 2.0791169081775935 100
      vertex 9.81627183447664 1.908089953765448 100
    endloop
  endfacet
  facet normal 0 0 1
    outer loop
      vertex 18 0 100
      vertex 9.702957262759965 2.4192189559966772 100
      vertex 9.743700647852352 2.24951054343865 100
    endloop
  endfacet
  facet normal 0 0 1
    outer loop
      vertex 18 0 100
      vertex 9.659258262890683 2.5881904510252074 100
      vertex 9.702957262759965 2.4192189559966772 100
    endloop
  endfacet
  facet normal 0 0 1
    outer loop
      vertex 18 0 100
      vertex 9.612616959383189 2.7563735581699915 100
      vertex 9.659258262890683 2.5881904510252074 100
    endloop
  endfacet
  facet normal 0 0 1
    outer loop
      vertex 18 0 100
      vertex 9.563047559630354 2.9237170472273677 100
      vertex 9.612616959383189 2.7563735581699915 100
    endloop
  endfacet
  facet normal 0 0 1
    outer loop
      vertex 18 0 100
      vertex 9.510565162951535 3.090169943749474 100
      vertex 9.563047559630354 2.9237170472273677 100
    endloop
  endfacet
  facet normal 0 0 1
    outer loop
      vertex 18 0 100
      vertex 9.455185755993169 3.255681544571567 100
      vertex 9.510565162951535 3.090169943749474 100
    endloop
  endfacet
  facet normal 0 0 1
    outer loop
      vertex 18 0 100
      vertex 9.396926207859085 3.420201433256687 100
      vertex 9.455185755993169 3.255681544571567 100
    endloop
  endfacet
  facet normal 0 0 1
    outer loop
      vertex 18 0 100
      vertex 9.335804264972017 3.5836794954530027 100
      vertex 9.396926207859085 3.420201433256687 100
    endloop
  endfacet
  facet normal 0 0 1
    outer loop
      vertex 18 0 100
      vertex 9.063077870366499 4.2261826174069945 100
      vertex 9.135454576426008 4.067366430758002 100
    endloop
  endfacet
  facet normal 0 0 1
    outer loop
      vertex 18 0 100
      vertex 9.205048534524403 3.907311284892738 100
      vertex 9.271838545667874 3.74606593415912 100
    endloop
  endfacet
  facet normal 0 0 1
    outer loop
      vertex 18 0 100
      vertex 9.271838545667874 3.74606593415912 100
      vertex 9.335804264972017 3.5836794954530027 100
    endloop
  endfacet
  facet normal 0 0 1
    outer loop
      vertex 18 0 100
      vertex 9.135454576426008 4.067366430758002 100
      vertex 9.205048534524403 3.907311284892738 100
    endloop
  endfacet
  facet normal 0 0 1
    outer loop
      vertex 18 0 100
      vertex 9 15.588457268119894 100
      vertex 9.063077870366499 4.2261826174069945 100
    endloop
  endfacet
  facet normal 0.8660254037844387 0.5000000000000001 0
    outer loop
      vertex 9 15.588457268119894 0
      vertex 9 15.588457268119894 100
      vertex 18 0 100
    endloop
  endfacet
  facet normal 0 0 1
    outer loop
      vertex 9 15.588457268119894 100
      vertex 8.98794046299167 4.383711467890774 100
      vertex 9.063077870366499 4.2261826174069945 100
    endloop
  endfacet
  facet normal 0.9025852843498623 0.4305110968082914 0
    outer loop
      vertex -8.98794046299167 -4.383711467890774 12
      vertex -9.063077870366499 -4.2261826174069945 12
      vertex -8.98794046299167 -4.383711467890774 100
    endloop
  endfacet
  facet normal 0.9099612708765421 0.4146932426562414 0
    outer loop
      vertex -9.063077870366499 -4.2261826174069945 12
      vertex -9.135454576426008 -4.067366430758002 12
      vertex -9.063077870366499 -4.2261826174069945 100
    endloop
  endfacet
  facet normal 0.9170600743851234 0.3987490689252476 0
    outer loop
      vertex -9.205048534524403 -3.907311284892738 12
      vertex -9.135454576426008 -4.067366430758002 100
      vertex -9.135454576426008 -4.067366430758002 12
    endloop
  endfacet
  facet normal 0.9304175679820254 0.36650122672429525 0
    outer loop
      vertex -9.271838545667874 -3.74606593415912 12
      vertex -9.335804264972017 -3.5836794954530027 12
      vertex -9.271838545667874 -3.74606593415912 100
    endloop
  endfacet
  facet normal 0.9366721892483948 0.35020738125947504 0
    outer loop
      vertex -9.396926207859085 -3.420201433256687 12
      vertex -9.335804264972017 -3.5836794954530027 100
      vertex -9.335804264972017 -3.5836794954530027 12
    endloop
  endfacet
  facet normal 0.9238795325112864 0.38268343236509067 0
    outer loop
      vertex -9.205048534524403 -3.907311284892738 12
      vertex -9.271838545667874 -3.74606593415912 12
      vertex -9.205048534524403 -3.907311284892738 100
    endloop
  endfacet
  facet normal 0.9483236552062024 0.31730465640508276 0
    outer loop
      vertex -9.510565162951535 -3.090169943749474 12
      vertex -9.455185755993169 -3.255681544571567 100
      vertex -9.455185755993169 -3.255681544571567 12
    endloop
  endfacet
  facet normal 0.9426414910921794 0.3338068592337683 0
    outer loop
      vertex -9.396926207859085 -3.420201433256687 12
      vertex -9.455185755993169 -3.255681544571567 12
      vertex -9.396926207859085 -3.420201433256687 100
    endloop
  endfacet
  facet normal 0.9537169507482267 0.30070579950427384 0
    outer loop
      vertex -9.510565162951535 -3.090169943749474 12
      vertex -9.563047559630354 -2.9237170472273677 12
      vertex -9.510565162951535 -3.090169943749474 100
    endloop
  endfacet
  facet normal 0.9588197348681912 0.2840153447039291 0
    outer loop
      vertex -9.563047559630354 -2.9237170472273677 12
      vertex -9.612616959383189 -2.7563735581699915 12
      vertex -9.563047559630354 -2.9237170472273677 100
    endloop
  endfacet
  facet normal 0.9636304532086234 0.2672383760782555 0
    outer loop
      vertex -9.612616959383189 -2.7563735581699915 12
      vertex -9.659258262890683 -2.5881904510252074 12
      vertex -9.612616959383189 -2.7563735581699915 100
    endloop
  endfacet
  facet normal 0.9681476403781081 0.25038000405444044 0
    outer loop
      vertex -9.659258262890683 -2.5881904510252074 12
      vertex -9.702957262759965 -2.4192189559966772 12
      vertex -9.659258262890683 -2.5881904510252074 100
    endloop
  endfacet
  facet normal 0.972369920397677 0.2334453638559039 0
    outer loop
      vertex -9.702957262759965 -2.4192189559966772 12
      vertex -9.743700647852352 -2.24951054343865 12
      vertex -9.702957262759965 -2.4192189559966772 100
    endloop
  endfacet
  facet normal 0.976296007119932 0.21643961393810854 0
    outer loop
      vertex -9.743700647852352 -2.24951054343865 12
      vertex -9.781476007338057 -2.0791169081775935 12
      vertex -9.743700647852352 -2.24951054343865 100
    endloop
  endfacet
  facet normal 0.9799247046208305 0.19936793441719294 0
    outer loop
      vertex -9.781476007338057 -2.0791169081775935 12
      vertex -9.81627183447664 -1.908089953765448 12
      vertex -9.781476007338057 -2.0791169081775935 100
    endloop
  endfacet
  facet normal 0.9862856015372291 0.16504760586069112 0
    outer loop
      vertex -9.84807753012208 -1.7364817766693033 12
      vertex -9.876883405951379 -1.5643446504023086 12
      vertex -9.84807753012208 -1.7364817766693033 100
    endloop
  endfacet
  facet normal 0.9890158633619179 0.14780941112960327 0
    outer loop
      vertex -9.876883405951379 -1.5643446504023086 12
      vertex -9.902680687415703 -1.3917310096006543 12
      vertex -9.876883405951379 -1.5643446504023086 100
    endloop
  endfacet
  facet normal 0.9832549075639554 0.1822355254921426 0
    outer loop
      vertex -9.84807753012208 -1.7364817766693033 12
      vertex -9.81627183447664 -1.908089953765448 100
      vertex -9.81627183447664 -1.908089953765448 12
    endloop
  endfacet
  facet normal 0.9914448613738107 0.13052619222004985 0
    outer loop
      vertex -9.902680687415703 -1.3917310096006543 12
      vertex -9.92546151641322 -1.2186934340514748 12
      vertex -9.902680687415703 -1.3917310096006543 100
    endloop
  endfacet
  facet normal 0.9935718556765873 0.11320321376790833 0
    outer loop
      vertex -9.92546151641322 -1.2186934340514748 12
      vertex -9.945218953682733 -1.0452846326765348 12
      vertex -9.92546151641322 -1.2186934340514748 100
    endloop
  endfacet
  facet normal 0.9953961983671789 0.09584575252022222 0
    outer loop
      vertex -9.945218953682733 -1.0452846326765348 12
      vertex -9.961946980917455 -0.8715574274765816 12
      vertex -9.945218953682733 -1.0452846326765348 100
    endloop
  endfacet
  facet normal 0.9969173337331279 0.07845909572784648 0
    outer loop
      vertex -9.961946980917455 -0.8715574274765816 12
      vertex -9.975640502598242 -0.697564737441253 12
      vertex -9.961946980917455 -0.8715574274765816 100
    endloop
  endfacet
  facet normal 0.9981347984218673 0.06104853953485362 0
    outer loop
      vertex -9.975640502598242 -0.697564737441253 12
      vertex -9.986295347545738 -0.5233595624294384 12
      vertex -9.975640502598242 -0.697564737441253 100
    endloop
  endfacet
  facet normal 0.9990482215818578 0.0436193873653376 0
    outer loop
      vertex -9.986295347545738 -0.5233595624294384 12
      vertex -9.993908270190957 -0.3489949670250097 12
      vertex -9.986295347545738 -0.5233595624294384 100
    endloop
  endfacet
  facet normal 0.9996573249755573 0.026176948307874332 0
    outer loop
      vertex -9.993908270190957 -0.3489949670250097 12
      vertex -9.998476951563912 -0.17452406437283513 12
      vertex -9.993908270190957 -0.3489949670250097 100
    endloop
  endfacet
  facet normal 0.9999619230641713 0.008726535498374736 0
    outer loop
      vertex -9.998476951563912 -0.17452406437283513 12
      vertex -10 0 12
      vertex -9.998476951563912 -0.17452406437283513 100
    endloop
  endfacet
  facet normal 0.6225146366376182 0.782608156852415 0
    outer loop
      vertex -6.293203910498374 -7.771459614569709 12
      vertex -6.156614753256583 -7.880107536067219 100
      vertex -6.156614753256583 -7.880107536067219 12
    endloop
  endfacet
  facet normal 0.5948227867513435 0.8038568606172157 0
    outer loop
      vertex -6.018150231520483 -7.986355100472928 12
      vertex -5.877852522924732 -8.090169943749475 100
      vertex -5.877852522924732 -8.090169943749475 12
    endloop
  endfacet
  facet normal 0.6087614290087239 0.7933533402912326 0
    outer loop
      vertex -6.156614753256583 -7.880107536067219 12
      vertex -6.018150231520483 -7.986355100472928 100
      vertex -6.018150231520483 -7.986355100472928 12
    endloop
  endfacet
  facet normal 0.5807029557109338 0.8141155183563235 0
    outer loop
      vertex -5.877852522924732 -8.090169943749475 12
      vertex -5.7357643635104605 -8.191520442889917 100
      vertex -5.7357643635104605 -8.191520442889917 12
    endloop
  endfacet
  facet normal 0.5664062369248328 0.8241261886220157 0
    outer loop
      vertex -5.7357643635104605 -8.191520442889917 12
      vertex -5.591929034707469 -8.290375725550415 100
      vertex -5.591929034707469 -8.290375725550415 12
    endloop
  endfacet
  facet normal 0.4771587602596122 0.8788171126619633 0
    outer loop
      vertex -4.8480962024633705 -8.746197071393958 12
      vertex -4.694715627858908 -8.82947592858927 100
      vertex -4.694715627858908 -8.82947592858927 12
    endloop
  endfacet
  facet normal 0.46174861323503 0.8870108331782237 0
    outer loop
      vertex -4.694715627858908 -8.82947592858927 12
      vertex -4.5399049973954675 -8.910065241883679 100
      vertex -4.5399049973954675 -8.910065241883679 12
    endloop
  endfacet
  facet normal 0.5519369853120657 0.8338858220671632 0
    outer loop
      vertex -5.591929034707469 -8.290375725550415 12
      vertex -5.446390350150271 -8.386705679454241 100
      vertex -5.446390350150271 -8.386705679454241 12
    endloop
  endfacet
  facet normal 0.5372996083468159 0.8433914458128907 0
    outer loop
      vertex -5.446390350150271 -8.386705679454241 12
      vertex -5.299192642332049 -8.48048096156426 100
      vertex -5.299192642332049 -8.48048096156426 12
    endloop
  endfacet
  facet normal 0.5224985647159558 0.852640164354088 0
    outer loop
      vertex -5.299192642332049 -8.48048096156426 12
      vertex -5.150380749100542 -8.571673007021124 100
      vertex -5.150380749100542 -8.571673007021124 12
    endloop
  endfacet
  facet normal 0.5075383629606971 0.8616291604415298 0
    outer loop
      vertex -5.150380749100542 -8.571673007021124 12
      vertex -5 -8.660254037844386 100
      vertex -5 -8.660254037844386 12
    endloop
  endfacet
  facet normal 0.492423560103471 0.8703556959398974 0
    outer loop
      vertex -5 -8.660254037844386 12
      vertex -4.8480962024633705 -8.746197071393958 100
      vertex -4.8480962024633705 -8.746197071393958 12
    endloop
  endfacet
  facet normal 0.4305110968082914 0.9025852843498623 0
    outer loop
      vertex -4.383711467890774 -8.98794046299167 12
      vertex -4.2261826174069945 -9.063077870366499 100
      vertex -4.2261826174069945 -9.063077870366499 12
    endloop
  endfacet
  facet normal 0.44619781310980877 0.894934361602025 0
    outer loop
      vertex -4.5399049973954675 -8.910065241883679 12
      vertex -4.383711467890774 -8.98794046299167 100
      vertex -4.383711467890774 -8.98794046299167 12
    endloop
  endfacet
  facet normal 0.4146932426562414 0.9099612708765421 0
    outer loop
      vertex -4.067366430758002 -9.135454576426008 12
      vertex -4.2261826174069945 -9.063077870366499 12
      vertex -4.067366430758002 -9.135454576426008 100
    endloop
  endfacet
  facet normal 0.3987490689252476 0.9170600743851234 0
    outer loop
      vertex -4.067366430758002 -9.135454576426008 12
      vertex -3.907311284892738 -9.205048534524403 100
      vertex -3.907311284892738 -9.205048534524403 12
    endloop
  endfacet
  facet normal 0.36650122672429525 0.9304175679820254 0
    outer loop
      vertex -3.5836794954530027 -9.335804264972017 12
      vertex -3.74606593415912 -9.271838545667874 12
      vertex -3.5836794954530027 -9.335804264972017 100
    endloop
  endfacet
  facet normal 0.35020738125947504 0.9366721892483948 0
    outer loop
      vertex -3.5836794954530027 -9.335804264972017 12
      vertex -3.420201433256687 -9.396926207859085 100
      vertex -3.420201433256687 -9.396926207859085 12
    endloop
  endfacet
  facet normal 0.38268343236509067 0.9238795325112864 0
    outer loop
      vertex -3.907311284892738 -9.205048534524403 12
      vertex -3.74606593415912 -9.271838545667874 100
      vertex -3.74606593415912 -9.271838545667874 12
    endloop
  endfacet
  facet normal 0.3338068592337683 0.9426414910921794 0
    outer loop
      vertex -3.420201433256687 -9.396926207859085 12
      vertex -3.255681544571567 -9.455185755993169 100
      vertex -3.255681544571567 -9.455185755993169 12
    endloop
  endfacet
  facet normal 0.31730465640508276 0.9483236552062024 0
    outer loop
      vertex -3.255681544571567 -9.455185755993169 12
      vertex -3.090169943749474 -9.510565162951535 100
      vertex -3.090169943749474 -9.510565162951535 12
    endloop
  endfacet
  facet normal 0.30070579950427384 0.9537169507482267 0
    outer loop
      vertex -3.090169943749474 -9.510565162951535 12
      vertex -2.9237170472273677 -9.563047559630354 100
      vertex -2.9237170472273677 -9.563047559630354 12
    endloop
  endfacet
  facet normal 0.2840153447039291 0.9588197348681912 0
    outer loop
      vertex -2.9237170472273677 -9.563047559630354 12
      vertex -2.7563735581699915 -9.612616959383189 100
      vertex -2.7563735581699915 -9.612616959383189 12
    endloop
  endfacet
  facet normal 0.2672383760782555 0.9636304532086234 0
    outer loop
      vertex -2.7563735581699915 -9.612616959383189 12
      vertex -2.5881904510252074 -9.659258262890683 100
      vertex -2.5881904510252074 -9.659258262890683 12
    endloop
  endfacet
  facet normal 0.25038000405444044 0.9681476403781081 0
    outer loop
      vertex -2.5881904510252074 -9.659258262890683 12
      vertex -2.4192189559966772 -9.702957262759965 100
      vertex -2.4192189559966772 -9.702957262759965 12
    endloop
  endfacet
  facet normal 0.2334453638559039 0.972369920397677 0
    outer loop
      vertex -2.24951054343865 -9.743700647852352 12
      vertex -2.4192189559966772 -9.702957262759965 12
      vertex -2.24951054343865 -9.743700647852352 100
    endloop
  endfacet
  facet normal 0.21643961393810854 0.976296007119932 0
    outer loop
      vertex -2.24951054343865 -9.743700647852352 12
      vertex -2.0791169081775935 -9.781476007338057 100
      vertex -2.0791169081775935 -9.781476007338057 12
    endloop
  endfacet
  facet normal 0.19936793441719294 0.9799247046208305 0
    outer loop
      vertex -2.0791169081775935 -9.781476007338057 12
      vertex -1.908089953765448 -9.81627183447664 100
      vertex -1.908089953765448 -9.81627183447664 12
    endloop
  endfacet
  facet normal 0.1822355254921426 0.9832549075639554 0
    outer loop
      vertex -1.908089953765448 -9.81627183447664 12
      vertex -1.7364817766693033 -9.84807753012208 100
      vertex -1.7364817766693033 -9.84807753012208 12
    endloop
  endfacet
  facet normal 0.16504760586069112 0.9862856015372291 0
    outer loop
      vertex -1.7364817766693033 -9.84807753012208 12
      vertex -1.5643446504023086 -9.876883405951379 100
      vertex -1.5643446504023086 -9.876883405951379 12
    endloop
  endfacet
  facet normal 0.14780941112960327 0.9890158633619179 0
    outer loop
      vertex -1.5643446504023086 -9.876883405951379 12
      vertex -1.3917310096006543 -9.902680687415703 100
      vertex -1.3917310096006543 -9.902680687415703 12
    endloop
  endfacet
  facet normal 0.13052619222004985 0.9914448613738107 0
    outer loop
      vertex -1.3917310096006543 -9.902680687415703 12
      vertex -1.2186934340514748 -9.92546151641322 100
      vertex -1.2186934340514748 -9.92546151641322 12
    endloop
  endfacet
  facet normal 0.11320321376790833 0.9935718556765873 0
    outer loop
      vertex -1.2186934340514748 -9.92546151641322 12
      vertex -1.0452846326765348 -9.945218953682733 100
      vertex -1.0452846326765348 -9.945218953682733 12
    endloop
  endfacet
  facet normal 0.09584575252022222 0.9953961983671789 0
    outer loop
      vertex -1.0452846326765348 -9.945218953682733 12
      vertex -0.8715574274765816 -9.961946980917455 100
      vertex -0.8715574274765816 -9.961946980917455 12
    endloop
  endfacet
  facet normal 0.07845909572784648 0.9969173337331279 0
    outer loop
      vertex -0.8715574274765816 -9.961946980917455 12
      vertex -0.697564737441253 -9.975640502598242 100
      vertex -0.697564737441253 -9.975640502598242 12
    endloop
  endfacet
  facet normal 0.06104853953485362 0.9981347984218673 0
    outer loop
      vertex -0.697564737441253 -9.975640502598242 12
      vertex -0.5233595624294384 -9.986295347545738 100
      vertex -0.5233595624294384 -9.986295347545738 12
    endloop
  endfacet
  facet normal 0.0436193873653376 0.9990482215818578 0
    outer loop
      vertex -0.5233595624294384 -9.986295347545738 12
      vertex -0.3489949670250097 -9.993908270190957 100
      vertex -0.3489949670250097 -9.993908270190957 12
    endloop
  endfacet
  facet normal 0.026176948307874332 0.9996573249755573 0
    outer loop
      vertex -0.3489949670250097 -9.993908270190957 12
      vertex -0.17452406437283513 -9.998476951563912 100
      vertex -0.17452406437283513 -9.998476951563912 12
    endloop
  endfacet
  facet normal 0.008726535498374736 0.9999619230641713 0
    outer loop
      vertex -0.17452406437283513 -9.998476951563912 12
      vertex 0 -10 100
      vertex 0 -10 12
    endloop
  endfacet
  facet normal 0.7933533402912326 0.6087614290087239 0
    outer loop
      vertex -7.986355100472928 -6.018150231520483 12
      vertex -7.880107536067219 -6.156614753256583 100
      vertex -7.880107536067219 -6.156614753256583 12
    endloop
  endfacet
  facet normal 0.8038568606172157 0.5948227867513435 0
    outer loop
      vertex -7.986355100472928 -6.018150231520483 12
      vertex -8.090169943749475 -5.877852522924732 12
      vertex -7.986355100472928 -6.018150231520483 100
    endloop
  endfacet
  facet normal 0.7253743710122896 0.6883545756937519 0
    outer loop
      vertex -7.313537016191704 -6.819983600624985 12
      vertex -7.193398003386512 -6.9465837045899725 100
      vertex -7.193398003386512 -6.9465837045899725 12
    endloop
  endfacet
  facet normal 0.7132504491541831 0.7009092642998493 0
    outer loop
      vertex -7.0710678118654755 -7.0710678118654755 12
      vertex -7.193398003386512 -6.9465837045899725 12
      vertex -7.0710678118654755 -7.0710678118654755 100
    endloop
  endfacet
  facet normal 0.7009092642998493 0.7132504491541831 0
    outer loop
      vertex -6.9465837045899725 -7.193398003386512 12
      vertex -7.0710678118654755 -7.0710678118654755 12
      vertex -6.9465837045899725 -7.193398003386512 100
    endloop
  endfacet
  facet normal 0.6883545756937519 0.7253743710122896 0
    outer loop
      vertex -6.9465837045899725 -7.193398003386512 12
      vertex -6.819983600624985 -7.313537016191704 100
      vertex -6.819983600624985 -7.313537016191704 12
    endloop
  endfacet
  facet normal 0.7716245833877183 0.636078220277766 0
    outer loop
      vertex -7.66044443118978 -6.4278760968653925 12
      vertex -7.771459614569709 -6.293203910498374 12
      vertex -7.66044443118978 -6.4278760968653925 100
    endloop
  endfacet
  facet normal 0.7489557207890009 0.6626200482157389 0
    outer loop
      vertex -7.431448254773942 -6.691306063588582 12
      vertex -7.54709580222772 -6.560590289905073 12
      vertex -7.431448254773942 -6.691306063588582 100
    endloop
  endfacet
  facet normal 0.7372773368101224 0.6755902076156619 0
    outer loop
      vertex -7.313537016191704 -6.819983600624985 12
      vertex -7.431448254773942 -6.691306063588582 12
      vertex -7.313537016191704 -6.819983600624985 100
    endloop
  endfacet
  facet normal 0.7604059656000348 0.6494480483301791 0
    outer loop
      vertex -7.66044443118978 -6.4278760968653925 12
      vertex -7.54709580222772 -6.560590289905073 100
      vertex -7.54709580222772 -6.560590289905073 12
    endloop
  endfacet
  facet normal 0.782608156852415 0.6225146366376182 0
    outer loop
      vertex -7.771459614569709 -6.293203910498374 12
      vertex -7.880107536067219 -6.156614753256583 12
      vertex -7.771459614569709 -6.293203910498374 100
    endloop
  endfacet
  facet normal 0.852640164354088 0.5224985647159558 0
    outer loop
      vertex -8.571673007021124 -5.150380749100542 12
      vertex -8.48048096156426 -5.299192642332049 100
      vertex -8.48048096156426 -5.299192642332049 12
    endloop
  endfacet
  facet normal 0.8616291604415298 0.5075383629606971 0
    outer loop
      vertex -8.571673007021124 -5.150380749100542 12
      vertex -8.660254037844386 -5 12
      vertex -8.571673007021124 -5.150380749100542 100
    endloop
  endfacet
  facet normal 0.8703556959398974 0.492423560103471 0
    outer loop
      vertex -8.660254037844386 -5 12
      vertex -8.746197071393958 -4.8480962024633705 12
      vertex -8.660254037844386 -5 100
    endloop
  endfacet
  facet normal 0.8241261886220157 0.5664062369248328 0
    outer loop
      vertex -8.290375725550415 -5.591929034707469 12
      vertex -8.191520442889917 -5.7357643635104605 100
      vertex -8.191520442889917 -5.7357643635104605 12
    endloop
  endfacet
  facet normal 0.8338858220671632 0.5519369853120657 0
    outer loop
      vertex -8.290375725550415 -5.591929034707469 12
      vertex -8.386705679454241 -5.446390350150271 12
      vertex -8.290375725550415 -5.591929034707469 100
    endloop
  endfacet
  facet normal 0.8433914458128907 0.5372996083468159 0
    outer loop
      vertex -8.386705679454241 -5.446390350150271 12
      vertex -8.48048096156426 -5.299192642332049 12
      vertex -8.386705679454241 -5.446390350150271 100
    endloop
  endfacet
  facet normal 0.8141155183563235 0.5807029557109338 0
    outer loop
      vertex -8.090169943749475 -5.877852522924732 12
      vertex -8.191520442889917 -5.7357643635104605 12
      vertex -8.090169943749475 -5.877852522924732 100
    endloop
  endfacet
  facet normal 0.8788171126619633 0.4771587602596122 0
    outer loop
      vertex -8.746197071393958 -4.8480962024633705 12
      vertex -8.82947592858927 -4.694715627858908 12
      vertex -8.746197071393958 -4.8480962024633705 100
    endloop
  endfacet
  facet normal 0.8870108331782237 0.46174861323503 0
    outer loop
      vertex -8.82947592858927 -4.694715627858908 12
      vertex -8.910065241883679 -4.5399049973954675 12
      vertex -8.82947592858927 -4.694715627858908 100
    endloop
  endfacet
  facet normal 0.894934361602025 0.44619781310980877 0
    outer loop
      vertex -8.910065241883679 -4.5399049973954675 12
      vertex -8.98794046299167 -4.383711467890774 12
      vertex -8.910065241883679 -4.5399049973954675 100
    endloop
  endfacet
  facet normal 0.6494480483301791 0.7604059656000348 0
    outer loop
      vertex -6.4278760968653925 -7.66044443118978 12
      vertex -6.560590289905073 -7.54709580222772 12
      vertex -6.4278760968653925 -7.66044443118978 100
    endloop
  endfacet
  facet normal 0.6755902076156619 0.7372773368101224 0
    outer loop
      vertex -6.691306063588582 -7.431448254773942 12
      vertex -6.819983600624985 -7.313537016191704 12
      vertex -6.691306063588582 -7.431448254773942 100
    endloop
  endfacet
  facet normal 0.6626200482157389 0.7489557207890009 0
    outer loop
      vertex -6.691306063588582 -7.431448254773942 12
      vertex -6.560590289905073 -7.54709580222772 100
      vertex -6.560590289905073 -7.54709580222772 12
    endloop
  endfacet
  facet normal 0.636078220277766 0.7716245833877183 0
    outer loop
      vertex -6.293203910498374 -7.771459614569709 12
      vertex -6.4278760968653925 -7.66044443118978 12
      vertex -6.293203910498374 -7.771459614569709 100
    endloop
  endfacet
  facet normal 0.9025852843498623 0.4305110968082914 0
    outer loop
      vertex -9.063077870366499 -4.2261826174069945 12
      vertex -9.063077870366499 -4.2261826174069945 100
      vertex -8.98794046299167 -4.383711467890774 100
    endloop
  endfacet
  facet normal 0.9170600743851234 0.3987490689252476 0
    outer loop
      vertex -9.205048534524403 -3.907311284892738 12
      vertex -9.205048534524403 -3.907311284892738 100
      vertex -9.135454576426008 -4.067366430758002 100
    endloop
  endfacet
  facet normal 0.9099612708765421 0.4146932426562414 0
    outer loop
      vertex -9.135454576426008 -4.067366430758002 12
      vertex -9.135454576426008 -4.067366430758002 100
      vertex -9.063077870366499 -4.2261826174069945 100
    endloop
  endfacet
  facet normal 0.9304175679820254 0.36650122672429525 0
    outer loop
      vertex -9.335804264972017 -3.5836794954530027 12
      vertex -9.335804264972017 -3.5836794954530027 100
      vertex -9.271838545667874 -3.74606593415912 100
    endloop
  endfacet
  facet normal 0.9366721892483948 0.35020738125947504 0
    outer loop
      vertex -9.396926207859085 -3.420201433256687 12
      vertex -9.396926207859085 -3.420201433256687 100
      vertex -9.335804264972017 -3.5836794954530027 100
    endloop
  endfacet
  facet normal 0.9238795325112864 0.38268343236509067 0
    outer loop
      vertex -9.271838545667874 -3.74606593415912 12
      vertex -9.271838545667874 -3.74606593415912 100
      vertex -9.205048534524403 -3.907311284892738 100
    endloop
  endfacet
  facet normal 0.9426414910921794 0.3338068592337683 0
    outer loop
      vertex -9.455185755993169 -3.255681544571567 12
      vertex -9.455185755993169 -3.255681544571567 100
      vertex -9.396926207859085 -3.420201433256687 100
    endloop
  endfacet
  facet normal 0.9483236552062024 0.31730465640508276 0
    outer loop
      vertex -9.510565162951535 -3.090169943749474 12
      vertex -9.510565162951535 -3.090169943749474 100
      vertex -9.455185755993169 -3.255681544571567 100
    endloop
  endfacet
  facet normal 0.9537169507482267 0.30070579950427384 0
    outer loop
      vertex -9.563047559630354 -2.9237170472273677 12
      vertex -9.563047559630354 -2.9237170472273677 100
      vertex -9.510565162951535 -3.090169943749474 100
    endloop
  endfacet
  facet normal 0.9588197348681912 0.2840153447039291 0
    outer loop
      vertex -9.612616959383189 -2.7563735581699915 12
      vertex -9.612616959383189 -2.7563735581699915 100
      vertex -9.563047559630354 -2.9237170472273677 100
    endloop
  endfacet
  facet normal 0.9636304532086234 0.2672383760782555 0
    outer loop
      vertex -9.659258262890683 -2.5881904510252074 12
      vertex -9.659258262890683 -2.5881904510252074 100
      vertex -9.612616959383189 -2.7563735581699915 100
    endloop
  endfacet
  facet normal 0.9681476403781081 0.25038000405444044 0
    outer loop
      vertex -9.702957262759965 -2.4192189559966772 12
      vertex -9.702957262759965 -2.4192189559966772 100
      vertex -9.659258262890683 -2.5881904510252074 100
    endloop
  endfacet
  facet normal 0.972369920397677 0.2334453638559039 0
    outer loop
      vertex -9.743700647852352 -2.24951054343865 12
      vertex -9.743700647852352 -2.24951054343865 100
      vertex -9.702957262759965 -2.4192189559966772 100
    endloop
  endfacet
  facet normal 0.976296007119932 0.21643961393810854 0
    outer loop
      vertex -9.781476007338057 -2.0791169081775935 12
      vertex -9.781476007338057 -2.0791169081775935 100
      vertex -9.743700647852352 -2.24951054343865 100
    endloop
  endfacet
  facet normal 0.9799247046208305 0.19936793441719294 0
    outer loop
      vertex -9.81627183447664 -1.908089953765448 12
      vertex -9.81627183447664 -1.908089953765448 100
      vertex -9.781476007338057 -2.0791169081775935 100
    endloop
  endfacet
  facet normal 0.9862856015372291 0.16504760586069112 0
    outer loop
      vertex -9.876883405951379 -1.5643446504023086 12
      vertex -9.876883405951379 -1.5643446504023086 100
      vertex -9.84807753012208 -1.7364817766693033 100
    endloop
  endfacet
  facet normal 0.9832549075639554 0.1822355254921426 0
    outer loop
      vertex -9.84807753012208 -1.7364817766693033 12
      vertex -9.84807753012208 -1.7364817766693033 100
      vertex -9.81627183447664 -1.908089953765448 100
    endloop
  endfacet
  facet normal 0.9890158633619179 0.14780941112960327 0
    outer loop
      vertex -9.902680687415703 -1.3917310096006543 12
      vertex -9.902680687415703 -1.3917310096006543 100
      vertex -9.876883405951379 -1.5643446504023086 100
    endloop
  endfacet
  facet normal 0.9914448613738107 0.13052619222004985 0
    outer loop
      vertex -9.92546151641322 -1.2186934340514748 12
      vertex -9.92546151641322 -1.2186934340514748 100
      vertex -9.902680687415703 -1.3917310096006543 100
    endloop
  endfacet
  facet normal 0.9935718556765873 0.11320321376790833 0
    outer loop
      vertex -9.945218953682733 -1.0452846326765348 12
      vertex -9.945218953682733 -1.0452846326765348 100
      vertex -9.92546151641322 -1.2186934340514748 100
    endloop
  endfacet
  facet normal 0.9953961983671789 0.09584575252022222 0
    outer loop
      vertex -9.961946980917455 -0.8715574274765816 12
      vertex -9.961946980917455 -0.8715574274765816 100
      vertex -9.945218953682733 -1.0452846326765348 100
    endloop
  endfacet
  facet normal 0.9969173337331279 0.07845909572784648 0
    outer loop
      vertex -9.975640502598242 -0.697564737441253 12
      vertex -9.975640502598242 -0.697564737441253 100
      vertex -9.961946980917455 -0.8715574274765816 100
    endloop
  endfacet
  facet normal 0.9981347984218673 0.06104853953485362 0
    outer loop
      vertex -9.986295347545738 -0.5233595624294384 12
      vertex -9.986295347545738 -0.5233595624294384 100
      vertex -9.975640502598242 -0.697564737441253 100
    endloop
  endfacet
  facet normal 0.9990482215818578 0.0436193873653376 0
    outer loop
      vertex -9.993908270190957 -0.3489949670250097 12
      vertex -9.993908270190957 -0.3489949670250097 100
      vertex -9.986295347545738 -0.5233595624294384 100
    endloop
  endfacet
  facet normal 0.9996573249755573 0.026176948307874332 0
    outer loop
      vertex -9.998476951563912 -0.17452406437283513 12
      vertex -9.998476951563912 -0.17452406437283513 100
      vertex -9.993908270190957 -0.3489949670250097 100
    endloop
  endfacet
  facet normal 0.9999619230641713 0.008726535498374736 0
    outer loop
      vertex -10 0 12
      vertex -10 0 100
      vertex -9.998476951563912 -0.17452406437283513 100
    endloop
  endfacet
  facet normal 0.6225146366376182 0.782608156852415 0
    outer loop
      vertex -6.293203910498374 -7.771459614569709 12
      vertex -6.293203910498374 -7.771459614569709 100
      vertex -6.156614753256583 -7.880107536067219 100
    endloop
  endfacet
  facet normal 0.6087614290087239 0.7933533402912326 0
    outer loop
      vertex -6.156614753256583 -7.880107536067219 12
      vertex -6.156614753256583 -7.880107536067219 100
      vertex -6.018150231520483 -7.986355100472928 100
    endloop
  endfacet
  facet normal 0.5948227867513435 0.8038568606172157 0
    outer loop
      vertex -6.018150231520483 -7.986355100472928 12
      vertex -6.018150231520483 -7.986355100472928 100
      vertex -5.877852522924732 -8.090169943749475 100
    endloop
  endfacet
  facet normal 0.5807029557109338 0.8141155183563235 0
    outer loop
      vertex -5.877852522924732 -8.090169943749475 12
      vertex -5.877852522924732 -8.090169943749475 100
      vertex -5.7357643635104605 -8.191520442889917 100
    endloop
  endfacet
  facet normal 0.5664062369248328 0.8241261886220157 0
    outer loop
      vertex -5.7357643635104605 -8.191520442889917 12
      vertex -5.7357643635104605 -8.191520442889917 100
      vertex -5.591929034707469 -8.290375725550415 100
    endloop
  endfacet
  facet normal 0.4771587602596122 0.8788171126619633 0
    outer loop
      vertex -4.8480962024633705 -8.746197071393958 12
      vertex -4.8480962024633705 -8.746197071393958 100
      vertex -4.694715627858908 -8.82947592858927 100
    endloop
  endfacet
  facet normal 0.46174861323503 0.8870108331782237 0
    outer loop
      vertex -4.694715627858908 -8.82947592858927 12
      vertex -4.694715627858908 -8.82947592858927 100
      vertex -4.5399049973954675 -8.910065241883679 100
    endloop
  endfacet
  facet normal 0.5519369853120657 0.8338858220671632 0
    outer loop
      vertex -5.591929034707469 -8.290375725550415 12
      vertex -5.591929034707469 -8.290375725550415 100
      vertex -5.446390350150271 -8.386705679454241 100
    endloop
  endfacet
  facet normal 0.5372996083468159 0.8433914458128907 0
    outer loop
      vertex -5.446390350150271 -8.386705679454241 12
      vertex -5.446390350150271 -8.386705679454241 100
      vertex -5.299192642332049 -8.48048096156426 100
    endloop
  endfacet
  facet normal 0.5075383629606971 0.8616291604415298 0
    outer loop
      vertex -5.150380749100542 -8.571673007021124 12
      vertex -5.150380749100542 -8.571673007021124 100
      vertex -5 -8.660254037844386 100
    endloop
  endfacet
  facet normal 0.5224985647159558 0.852640164354088 0
    outer loop
      vertex -5.299192642332049 -8.48048096156426 12
      vertex -5.299192642332049 -8.48048096156426 100
      vertex -5.150380749100542 -8.571673007021124 100
    endloop
  endfacet
  facet normal 0.492423560103471 0.8703556959398974 0
    outer loop
      vertex -5 -8.660254037844386 12
      vertex -5 -8.660254037844386 100
      vertex -4.8480962024633705 -8.746197071393958 100
    endloop
  endfacet
  facet normal 0.4305110968082914 0.9025852843498623 0
    outer loop
      vertex -4.383711467890774 -8.98794046299167 12
      vertex -4.383711467890774 -8.98794046299167 100
      vertex -4.2261826174069945 -9.063077870366499 100
    endloop
  endfacet
  facet normal 0.44619781310980877 0.894934361602025 0
    outer loop
      vertex -4.5399049973954675 -8.910065241883679 12
      vertex -4.5399049973954675 -8.910065241883679 100
      vertex -4.383711467890774 -8.98794046299167 100
    endloop
  endfacet
  facet normal 0.4146932426562414 0.9099612708765421 0
    outer loop
      vertex -4.2261826174069945 -9.063077870366499 12
      vertex -4.2261826174069945 -9.063077870366499 100
      vertex -4.067366430758002 -9.135454576426008 100
    endloop
  endfacet
  facet normal 0.3987490689252476 0.9170600743851234 0
    outer loop
      vertex -4.067366430758002 -9.135454576426008 12
      vertex -4.067366430758002 -9.135454576426008 100
      vertex -3.907311284892738 -9.205048534524403 100
    endloop
  endfacet
  facet normal 0.36650122672429525 0.9304175679820254 0
    outer loop
      vertex -3.74606593415912 -9.271838545667874 12
      vertex -3.74606593415912 -9.271838545667874 100
      vertex -3.5836794954530027 -9.335804264972017 100
    endloop
  endfacet
  facet normal 0.35020738125947504 0.9366721892483948 0
    outer loop
      vertex -3.5836794954530027 -9.335804264972017 12
      vertex -3.5836794954530027 -9.335804264972017 100
      vertex -3.420201433256687 -9.396926207859085 100
    endloop
  endfacet
  facet normal 0.38268343236509067 0.9238795325112864 0
    outer loop
      vertex -3.907311284892738 -9.205048534524403 12
      vertex -3.907311284892738 -9.205048534524403 100
      vertex -3.74606593415912 -9.271838545667874 100
    endloop
  endfacet
  facet normal 0.3338068592337683 0.9426414910921794 0
    outer loop
      vertex -3.420201433256687 -9.396926207859085 12
      vertex -3.420201433256687 -9.396926207859085 100
      vertex -3.255681544571567 -9.455185755993169 100
    endloop
  endfacet
  facet normal 0.31730465640508276 0.9483236552062024 0
    outer loop
      vertex -3.255681544571567 -9.455185755993169 12
      vertex -3.255681544571567 -9.455185755993169 100
      vertex -3.090169943749474 -9.510565162951535 100
    endloop
  endfacet
  facet normal 0.30070579950427384 0.9537169507482267 0
    outer loop
      vertex -3.090169943749474 -9.510565162951535 12
      vertex -3.090169943749474 -9.510565162951535 100
      vertex -2.9237170472273677 -9.563047559630354 100
    endloop
  endfacet
  facet normal 0.2840153447039291 0.9588197348681912 0
    outer loop
      vertex -2.9237170472273677 -9.563047559630354 12
      vertex -2.9237170472273677 -9.563047559630354 100
      vertex -2.7563735581699915 -9.612616959383189 100
    endloop
  endfacet
  facet normal 0.2672383760782555 0.9636304532086234 0
    outer loop
      vertex -2.7563735581699915 -9.612616959383189 12
      vertex -2.7563735581699915 -9.612616959383189 100
      vertex -2.5881904510252074 -9.659258262890683 100
    endloop
  endfacet
  facet normal 0.25038000405444044 0.9681476403781081 0
    outer loop
      vertex -2.5881904510252074 -9.659258262890683 12
      vertex -2.5881904510252074 -9.659258262890683 100
      vertex -2.4192189559966772 -9.702957262759965 100
    endloop
  endfacet
  facet normal 0.2334453638559039 0.972369920397677 0
    outer loop
      vertex -2.4192189559966772 -9.702957262759965 12
      vertex -2.4192189559966772 -9.702957262759965 100
      vertex -2.24951054343865 -9.743700647852352 100
    endloop
  endfacet
  facet normal 0.21643961393810854 0.976296007119932 0
    outer loop
      vertex -2.24951054343865 -9.743700647852352 12
      vertex -2.24951054343865 -9.743700647852352 100
      vertex -2.0791169081775935 -9.781476007338057 100
    endloop
  endfacet
  facet normal 0.19936793441719294 0.9799247046208305 0
    outer loop
      vertex -2.0791169081775935 -9.781476007338057 12
      vertex -2.0791169081775935 -9.781476007338057 100
      vertex -1.908089953765448 -9.81627183447664 100
    endloop
  endfacet
  facet normal 0.1822355254921426 0.9832549075639554 0
    outer loop
      vertex -1.908089953765448 -9.81627183447664 12
      vertex -1.908089953765448 -9.81627183447664 100
      vertex -1.7364817766693033 -9.84807753012208 100
    endloop
  endfacet
  facet normal 0.16504760586069112 0.9862856015372291 0
    outer loop
      vertex -1.7364817766693033 -9.84807753012208 12
      vertex -1.7364817766693033 -9.84807753012208 100
      vertex -1.5643446504023086 -9.876883405951379 100
    endloop
  endfacet
  facet normal 0.14780941112960327 0.9890158633619179 0
    outer loop
      vertex -1.5643446504023086 -9.876883405951379 12
      vertex -1.5643446504023086 -9.876883405951379 100
      vertex -1.3917310096006543 -9.902680687415703 100
    endloop
  endfacet
  facet normal 0.13052619222004985 0.9914448613738107 0
    outer loop
      vertex -1.3917310096006543 -9.902680687415703 12
      vertex -1.3917310096006543 -9.902680687415703 100
      vertex -1.2186934340514748 -9.92546151641322 100
    endloop
  endfacet
  facet normal 0.11320321376790833 0.9935718556765873 0
    outer loop
      vertex -1.2186934340514748 -9.92546151641322 12
      vertex -1.2186934340514748 -9.92546151641322 100
      vertex -1.0452846326765348 -9.945218953682733 100
    endloop
  endfacet
  facet normal 0.09584575252022222 0.9953961983671789 0
    outer loop
      vertex -1.0452846326765348 -9.945218953682733 12
      vertex -1.0452846326765348 -9.945218953682733 100
      vertex -0.8715574274765816 -9.961946980917455 100
    endloop
  endfacet
  facet normal 0.07845909572784648 0.9969173337331279 0
    outer loop
      vertex -0.8715574274765816 -9.961946980917455 12
      vertex -0.8715574274765816 -9.961946980917455 100
      vertex -0.697564737441253 -9.975640502598242 100
    endloop
  endfacet
  facet normal 0.06104853953485362 0.9981347984218673 0
    outer loop
      vertex -0.697564737441253 -9.975640502598242 12
      vertex -0.697564737441253 -9.975640502598242 100
      vertex -0.5233595624294384 -9.986295347545738 100
    endloop
  endfacet
  facet normal 0.0436193873653376 0.9990482215818578 0
    outer loop
      vertex -0.5233595624294384 -9.986295347545738 12
      vertex -0.5233595624294384 -9.986295347545738 100
      vertex -0.3489949670250097 -9.993908270190957 100
    endloop
  endfacet
  facet normal 0.026176948307874332 0.9996573249755573 0
    outer loop
      vertex -0.3489949670250097 -9.993908270190957 12
      vertex -0.3489949670250097 -9.993908270190957 100
      vertex -0.17452406437283513 -9.998476951563912 100
    endloop
  endfacet
  facet normal 0.008726535498374736 0.9999619230641713 0
    outer loop
      vertex -0.17452406437283513 -9.998476951563912 12
      vertex -0.17452406437283513 -9.998476951563912 100
      vertex 0 -10 100
    endloop
  endfacet
  facet normal 0.8038568606172157 0.5948227867513435 0
    outer loop
      vertex -8.090169943749475 -5.877852522924732 12
      vertex -8.090169943749475 -5.877852522924732 100
      vertex -7.986355100472928 -6.018150231520483 100
    endloop
  endfacet
  facet normal 0.7933533402912326 0.6087614290087239 0
    outer loop
      vertex -7.986355100472928 -6.018150231520483 12
      vertex -7.986355100472928 -6.018150231520483 100
      vertex -7.880107536067219 -6.156614753256583 100
    endloop
  endfacet
  facet normal 0.6755902076156619 0.7372773368101224 0
    outer loop
      vertex -6.819983600624985 -7.313537016191704 12
      vertex -6.819983600624985 -7.313537016191704 100
      vertex -6.691306063588582 -7.431448254773942 100
    endloop
  endfacet
  facet normal 0.7253743710122896 0.6883545756937519 0
    outer loop
      vertex -7.313537016191704 -6.819983600624985 12
      vertex -7.313537016191704 -6.819983600624985 100
      vertex -7.193398003386512 -6.9465837045899725 100
    endloop
  endfacet
  facet normal 0.7132504491541831 0.7009092642998493 0
    outer loop
      vertex -7.193398003386512 -6.9465837045899725 12
      vertex -7.193398003386512 -6.9465837045899725 100
      vertex -7.0710678118654755 -7.0710678118654755 100
    endloop
  endfacet
  facet normal 0.6883545756937519 0.7253743710122896 0
    outer loop
      vertex -6.9465837045899725 -7.193398003386512 12
      vertex -6.9465837045899725 -7.193398003386512 100
      vertex -6.819983600624985 -7.313537016191704 100
    endloop
  endfacet
  facet normal 0.7009092642998493 0.7132504491541831 0
    outer loop
      vertex -7.0710678118654755 -7.0710678118654755 12
      vertex -7.0710678118654755 -7.0710678118654755 100
      vertex -6.9465837045899725 -7.193398003386512 100
    endloop
  endfacet
  facet normal 0.7716245833877183 0.636078220277766 0
    outer loop
      vertex -7.771459614569709 -6.293203910498374 12
      vertex -7.771459614569709 -6.293203910498374 100
      vertex -7.66044443118978 -6.4278760968653925 100
    endloop
  endfacet
  facet normal 0.7604059656000348 0.6494480483301791 0
    outer loop
      vertex -7.66044443118978 -6.4278760968653925 12
      vertex -7.66044443118978 -6.4278760968653925 100
      vertex -7.54709580222772 -6.560590289905073 100
    endloop
  endfacet
  facet normal 0.7489557207890009 0.6626200482157389 0
    outer loop
      vertex -7.54709580222772 -6.560590289905073 12
      vertex -7.54709580222772 -6.560590289905073 100
      vertex -7.431448254773942 -6.691306063588582 100
    endloop
  endfacet
  facet normal 0.7372773368101224 0.6755902076156619 0
    outer loop
      vertex -7.431448254773942 -6.691306063588582 12
      vertex -7.431448254773942 -6.691306063588582 100
      vertex -7.313537016191704 -6.819983600624985 100
    endloop
  endfacet
  facet normal 0.782608156852415 0.6225146366376182 0
    outer loop
      vertex -7.880107536067219 -6.156614753256583 12
      vertex -7.880107536067219 -6.156614753256583 100
      vertex -7.771459614569709 -6.293203910498374 100
    endloop
  endfacet
  facet normal 0.8433914458128907 0.5372996083468159 0
    outer loop
      vertex -8.48048096156426 -5.299192642332049 12
      vertex -8.48048096156426 -5.299192642332049 100
      vertex -8.386705679454241 -5.446390350150271 100
    endloop
  endfacet
  facet normal 0.852640164354088 0.5224985647159558 0
    outer loop
      vertex -8.571673007021124 -5.150380749100542 12
      vertex -8.571673007021124 -5.150380749100542 100
      vertex -8.48048096156426 -5.299192642332049 100
    endloop
  endfacet
  facet normal 0.8616291604415298 0.5075383629606971 0
    outer loop
      vertex -8.660254037844386 -5 12
      vertex -8.660254037844386 -5 100
      vertex -8.571673007021124 -5.150380749100542 100
    endloop
  endfacet
  facet normal 0.8703556959398974 0.492423560103471 0
    outer loop
      vertex -8.746197071393958 -4.8480962024633705 12
      vertex -8.746197071393958 -4.8480962024633705 100
      vertex -8.660254037844386 -5 100
    endloop
  endfacet
  facet normal 0.8141155183563235 0.5807029557109338 0
    outer loop
      vertex -8.191520442889917 -5.7357643635104605 12
      vertex -8.191520442889917 -5.7357643635104605 100
      vertex -8.090169943749475 -5.877852522924732 100
    endloop
  endfacet
  facet normal 0.8241261886220157 0.5664062369248328 0
    outer loop
      vertex -8.290375725550415 -5.591929034707469 12
      vertex -8.290375725550415 -5.591929034707469 100
      vertex -8.191520442889917 -5.7357643635104605 100
    endloop
  endfacet
  facet normal 0.8338858220671632 0.5519369853120657 0
    outer loop
      vertex -8.386705679454241 -5.446390350150271 12
      vertex -8.386705679454241 -5.446390350150271 100
      vertex -8.290375725550415 -5.591929034707469 100
    endloop
  endfacet
  facet normal 0.8788171126619633 0.4771587602596122 0
    outer loop
      vertex -8.82947592858927 -4.694715627858908 12
      vertex -8.82947592858927 -4.694715627858908 100
      vertex -8.746197071393958 -4.8480962024633705 100
    endloop
  endfacet
  facet normal 0.8870108331782237 0.46174861323503 0
    outer loop
      vertex -8.910065241883679 -4.5399049973954675 12
      vertex -8.910065241883679 -4.5399049973954675 100
      vertex -8.82947592858927 -4.694715627858908 100
    endloop
  endfacet
  facet normal 0.894934361602025 0.44619781310980877 0
    outer loop
      vertex -8.98794046299167 -4.383711467890774 12
      vertex -8.98794046299167 -4.383711467890774 100
      vertex -8.910065241883679 -4.5399049973954675 100
    endloop
  endfacet
  facet normal 0.6494480483301791 0.7604059656000348 0
    outer loop
      vertex -6.560590289905073 -7.54709580222772 12
      vertex -6.560590289905073 -7.54709580222772 100
      vertex -6.4278760968653925 -7.66044443118978 100
    endloop
  endfacet
  facet normal 0.6626200482157389 0.7489557207890009 0
    outer loop
      vertex -6.691306063588582 -7.431448254773942 12
      vertex -6.691306063588582 -7.431448254773942 100
      vertex -6.560590289905073 -7.54709580222772 100
    endloop
  endfacet
  facet normal 0.636078220277766 0.7716245833877183 0
    outer loop
      vertex -6.4278760968653925 -7.66044443118978 12
      vertex -6.4278760968653925 -7.66044443118978 100
      vertex -6.293203910498374 -7.771459614569709 100
    endloop
  endfacet
  facet normal 0.9999619230641713 -0.008726535498374736 0
    outer loop
      vertex -10 0 12
      vertex -9.998476951563912 0.17452406437283513 12
      vertex -10 0 100
    endloop
  endfacet
  facet normal 0.9996573249755573 -0.026176948307874332 0
    outer loop
      vertex -9.998476951563912 0.17452406437283513 12
      vertex -9.993908270190957 0.3489949670250097 12
      vertex -9.998476951563912 0.17452406437283513 100
    endloop
  endfacet
  facet normal 0.9990482215818578 -0.0436193873653376 0
    outer loop
      vertex -9.993908270190957 0.3489949670250097 12
      vertex -9.986295347545738 0.5233595624294384 12
      vertex -9.993908270190957 0.3489949670250097 100
    endloop
  endfacet
  facet normal 0.9981347984218673 -0.06104853953485362 0
    outer loop
      vertex -9.986295347545738 0.5233595624294384 12
      vertex -9.975640502598242 0.697564737441253 12
      vertex -9.986295347545738 0.5233595624294384 100
    endloop
  endfacet
  facet normal 0.9969173337331279 -0.07845909572784648 0
    outer loop
      vertex -9.975640502598242 0.697564737441253 12
      vertex -9.961946980917455 0.8715574274765816 12
      vertex -9.975640502598242 0.697564737441253 100
    endloop
  endfacet
  facet normal 0.9953961983671789 -0.09584575252022222 0
    outer loop
      vertex -9.961946980917455 0.8715574274765816 12
      vertex -9.945218953682733 1.0452846326765348 12
      vertex -9.961946980917455 0.8715574274765816 100
    endloop
  endfacet
  facet normal 0.9935718556765873 -0.11320321376790833 0
    outer loop
      vertex -9.945218953682733 1.0452846326765348 12
      vertex -9.92546151641322 1.2186934340514748 12
      vertex -9.945218953682733 1.0452846326765348 100
    endloop
  endfacet
  facet normal 0.9914448613738107 -0.13052619222004985 0
    outer loop
      vertex -9.92546151641322 1.2186934340514748 12
      vertex -9.902680687415703 1.3917310096006543 12
      vertex -9.92546151641322 1.2186934340514748 100
    endloop
  endfacet
  facet normal 0.9890158633619179 -0.14780941112960327 0
    outer loop
      vertex -9.902680687415703 1.3917310096006543 12
      vertex -9.876883405951379 1.5643446504023086 12
      vertex -9.902680687415703 1.3917310096006543 100
    endloop
  endfacet
  facet normal 0.9862856015372291 -0.16504760586069112 0
    outer loop
      vertex -9.876883405951379 1.5643446504023086 12
      vertex -9.84807753012208 1.7364817766693033 12
      vertex -9.876883405951379 1.5643446504023086 100
    endloop
  endfacet
  facet normal 0.9832549075639554 -0.1822355254921426 0
    outer loop
      vertex -9.84807753012208 1.7364817766693033 12
      vertex -9.81627183447664 1.908089953765448 12
      vertex -9.84807753012208 1.7364817766693033 100
    endloop
  endfacet
  facet normal 0.9799247046208305 -0.19936793441719294 0
    outer loop
      vertex -9.81627183447664 1.908089953765448 12
      vertex -9.781476007338057 2.0791169081775935 12
      vertex -9.81627183447664 1.908089953765448 100
    endloop
  endfacet
  facet normal 0.976296007119932 -0.21643961393810854 0
    outer loop
      vertex -9.781476007338057 2.0791169081775935 12
      vertex -9.743700647852352 2.24951054343865 12
      vertex -9.781476007338057 2.0791169081775935 100
    endloop
  endfacet
  facet normal 0.972369920397677 -0.2334453638559039 0
    outer loop
      vertex -9.743700647852352 2.24951054343865 12
      vertex -9.702957262759965 2.4192189559966772 12
      vertex -9.743700647852352 2.24951054343865 100
    endloop
  endfacet
  facet normal 0.9681476403781081 -0.25038000405444044 0
    outer loop
      vertex -9.702957262759965 2.4192189559966772 12
      vertex -9.659258262890683 2.5881904510252074 12
      vertex -9.702957262759965 2.4192189559966772 100
    endloop
  endfacet
  facet normal 0.9636304532086234 -0.2672383760782555 0
    outer loop
      vertex -9.659258262890683 2.5881904510252074 12
      vertex -9.612616959383189 2.7563735581699915 12
      vertex -9.659258262890683 2.5881904510252074 100
    endloop
  endfacet
  facet normal 0.9588197348681912 -0.2840153447039291 0
    outer loop
      vertex -9.612616959383189 2.7563735581699915 12
      vertex -9.563047559630354 2.9237170472273677 12
      vertex -9.612616959383189 2.7563735581699915 100
    endloop
  endfacet
  facet normal 0.9537169507482267 -0.30070579950427384 0
    outer loop
      vertex -9.563047559630354 2.9237170472273677 12
      vertex -9.510565162951535 3.090169943749474 12
      vertex -9.563047559630354 2.9237170472273677 100
    endloop
  endfacet
  facet normal 0.9483236552062024 -0.31730465640508276 0
    outer loop
      vertex -9.510565162951535 3.090169943749474 12
      vertex -9.455185755993169 3.255681544571567 12
      vertex -9.510565162951535 3.090169943749474 100
    endloop
  endfacet
  facet normal 0.9426414910921794 -0.3338068592337683 0
    outer loop
      vertex -9.455185755993169 3.255681544571567 12
      vertex -9.396926207859085 3.420201433256687 12
      vertex -9.455185755993169 3.255681544571567 100
    endloop
  endfacet
  facet normal 0.9366721892483948 -0.35020738125947504 0
    outer loop
      vertex -9.396926207859085 3.420201433256687 12
      vertex -9.335804264972017 3.5836794954530027 12
      vertex -9.396926207859085 3.420201433256687 100
    endloop
  endfacet
  facet normal 0.9304175679820254 -0.36650122672429525 0
    outer loop
      vertex -9.335804264972017 3.5836794954530027 12
      vertex -9.271838545667874 3.74606593415912 12
      vertex -9.335804264972017 3.5836794954530027 100
    endloop
  endfacet
  facet normal 0.9238795325112864 -0.38268343236509067 0
    outer loop
      vertex -9.271838545667874 3.74606593415912 12
      vertex -9.205048534524403 3.907311284892738 12
      vertex -9.271838545667874 3.74606593415912 100
    endloop
  endfacet
  facet normal 0.9170600743851234 -0.3987490689252476 0
    outer loop
      vertex -9.205048534524403 3.907311284892738 12
      vertex -9.135454576426008 4.067366430758002 12
      vertex -9.205048534524403 3.907311284892738 100
    endloop
  endfacet
  facet normal 0.9099612708765421 -0.4146932426562414 0
    outer loop
      vertex -9.135454576426008 4.067366430758002 12
      vertex -9.063077870366499 4.2261826174069945 12
      vertex -9.135454576426008 4.067366430758002 100
    endloop
  endfacet
  facet normal 0.9025852843498623 -0.4305110968082914 0
    outer loop
      vertex -9.063077870366499 4.2261826174069945 12
      vertex -8.98794046299167 4.383711467890774 12
      vertex -9.063077870366499 4.2261826174069945 100
    endloop
  endfacet
  facet normal 0.894934361602025 -0.44619781310980877 0
    outer loop
      vertex -8.98794046299167 4.383711467890774 12
      vertex -8.910065241883679 4.5399049973954675 12
      vertex -8.98794046299167 4.383711467890774 100
    endloop
  endfacet
  facet normal 0.8870108331782237 -0.46174861323503 0
    outer loop
      vertex -8.910065241883679 4.5399049973954675 12
      vertex -8.82947592858927 4.694715627858908 12
      vertex -8.910065241883679 4.5399049973954675 100
    endloop
  endfacet
  facet normal 0.8788171126619633 -0.4771587602596122 0
    outer loop
      vertex -8.82947592858927 4.694715627858908 12
      vertex -8.746197071393958 4.8480962024633705 12
      vertex -8.82947592858927 4.694715627858908 100
    endloop
  endfacet
  facet normal 0.8703556959398974 -0.492423560103471 0
    outer loop
      vertex -8.746197071393958 4.8480962024633705 12
      vertex -8.660254037844386 5 12
      vertex -8.746197071393958 4.8480962024633705 100
    endloop
  endfacet
  facet normal 0.8616291604415298 -0.5075383629606971 0
    outer loop
      vertex -8.660254037844386 5 12
      vertex -8.571673007021124 5.150380749100542 12
      vertex -8.660254037844386 5 100
    endloop
  endfacet
  facet normal 0.852640164354088 -0.5224985647159558 0
    outer loop
      vertex -8.571673007021124 5.150380749100542 12
      vertex -8.48048096156426 5.299192642332049 12
      vertex -8.571673007021124 5.150380749100542 100
    endloop
  endfacet
  facet normal 0.8433914458128907 -0.5372996083468159 0
    outer loop
      vertex -8.48048096156426 5.299192642332049 12
      vertex -8.386705679454241 5.446390350150271 12
      vertex -8.48048096156426 5.299192642332049 100
    endloop
  endfacet
  facet normal 0.8338858220671632 -0.5519369853120657 0
    outer loop
      vertex -8.386705679454241 5.446390350150271 12
      vertex -8.290375725550415 5.591929034707469 12
      vertex -8.386705679454241 5.446390350150271 100
    endloop
  endfacet
  facet normal 0.8241261886220157 -0.5664062369248328 0
    outer loop
      vertex -8.290375725550415 5.591929034707469 12
      vertex -8.191520442889917 5.7357643635104605 12
      vertex -8.290375725550415 5.591929034707469 100
    endloop
  endfacet
  facet normal 0.8141155183563235 -0.5807029557109338 0
    outer loop
      vertex -8.191520442889917 5.7357643635104605 12
      vertex -8.090169943749475 5.877852522924732 12
      vertex -8.191520442889917 5.7357643635104605 100
    endloop
  endfacet
  facet normal 0.8038568606172157 -0.5948227867513435 0
    outer loop
      vertex -8.090169943749475 5.877852522924732 12
      vertex -7.986355100472928 6.018150231520483 12
      vertex -8.090169943749475 5.877852522924732 100
    endloop
  endfacet
  facet normal 0.7933533402912326 -0.6087614290087239 0
    outer loop
      vertex -7.986355100472928 6.018150231520483 12
      vertex -7.880107536067219 6.156614753256583 12
      vertex -7.986355100472928 6.018150231520483 100
    endloop
  endfacet
  facet normal 0.782608156852415 -0.6225146366376182 0
    outer loop
      vertex -7.880107536067219 6.156614753256583 12
      vertex -7.771459614569709 6.293203910498374 12
      vertex -7.880107536067219 6.156614753256583 100
    endloop
  endfacet
  facet normal 0.7716245833877183 -0.636078220277766 0
    outer loop
      vertex -7.771459614569709 6.293203910498374 12
      vertex -7.66044443118978 6.4278760968653925 12
      vertex -7.771459614569709 6.293203910498374 100
    endloop
  endfacet
  facet normal 0.7604059656000348 -0.6494480483301791 0
    outer loop
      vertex -7.66044443118978 6.4278760968653925 12
      vertex -7.54709580222772 6.560590289905073 12
      vertex -7.66044443118978 6.4278760968653925 100
    endloop
  endfacet
  facet normal 0.7489557207890009 -0.6626200482157389 0
    outer loop
      vertex -7.54709580222772 6.560590289905073 12
      vertex -7.431448254773942 6.691306063588582 12
      vertex -7.54709580222772 6.560590289905073 100
    endloop
  endfacet
  facet normal 0.7372773368101224 -0.6755902076156619 0
    outer loop
      vertex -7.431448254773942 6.691306063588582 12
      vertex -7.313537016191704 6.819983600624985 12
      vertex -7.431448254773942 6.691306063588582 100
    endloop
  endfacet
  facet normal 0.7253743710122896 -0.6883545756937519 0
    outer loop
      vertex -7.313537016191704 6.819983600624985 12
      vertex -7.193398003386512 6.9465837045899725 12
      vertex -7.313537016191704 6.819983600624985 100
    endloop
  endfacet
  facet normal 0.7132504491541831 -0.7009092642998493 0
    outer loop
      vertex -7.193398003386512 6.9465837045899725 12
      vertex -7.0710678118654755 7.0710678118654755 12
      vertex -7.193398003386512 6.9465837045899725 100
    endloop
  endfacet
  facet normal 0.7009092642998493 -0.7132504491541831 0
    outer loop
      vertex -7.0710678118654755 7.0710678118654755 12
      vertex -6.9465837045899725 7.193398003386512 12
      vertex -7.0710678118654755 7.0710678118654755 100
    endloop
  endfacet
  facet normal 0.6883545756937519 -0.7253743710122896 0
    outer loop
      vertex -6.9465837045899725 7.193398003386512 12
      vertex -6.819983600624985 7.313537016191704 12
      vertex -6.9465837045899725 7.193398003386512 100
    endloop
  endfacet
  facet normal 0.6755902076156619 -0.7372773368101224 0
    outer loop
      vertex -6.819983600624985 7.313537016191704 12
      vertex -6.691306063588582 7.431448254773942 12
      vertex -6.819983600624985 7.313537016191704 100
    endloop
  endfacet
  facet normal 0.6626200482157389 -0.7489557207890009 0
    outer loop
      vertex -6.691306063588582 7.431448254773942 12
      vertex -6.560590289905073 7.54709580222772 12
      vertex -6.691306063588582 7.431448254773942 100
    endloop
  endfacet
  facet normal 0.6494480483301791 -0.7604059656000348 0
    outer loop
      vertex -6.560590289905073 7.54709580222772 12
      vertex -6.4278760968653925 7.66044443118978 12
      vertex -6.560590289905073 7.54709580222772 100
    endloop
  endfacet
  facet normal 0.636078220277766 -0.7716245833877183 0
    outer loop
      vertex -6.4278760968653925 7.66044443118978 12
      vertex -6.293203910498374 7.771459614569709 12
      vertex -6.4278760968653925 7.66044443118978 100
    endloop
  endfacet
  facet normal 0.6225146366376182 -0.782608156852415 0
    outer loop
      vertex -6.293203910498374 7.771459614569709 12
      vertex -6.156614753256583 7.880107536067219 12
      vertex -6.293203910498374 7.771459614569709 100
    endloop
  endfacet
  facet normal 0.6087614290087239 -0.7933533402912326 0
    outer loop
      vertex -6.156614753256583 7.880107536067219 12
      vertex -6.018150231520483 7.986355100472928 12
      vertex -6.156614753256583 7.880107536067219 100
    endloop
  endfacet
  facet normal 0.5948227867513435 -0.8038568606172157 0
    outer loop
      vertex -6.018150231520483 7.986355100472928 12
      vertex -5.877852522924732 8.090169943749475 12
      vertex -6.018150231520483 7.986355100472928 100
    endloop
  endfacet
  facet normal 0.5807029557109338 -0.8141155183563235 0
    outer loop
      vertex -5.877852522924732 8.090169943749475 12
      vertex -5.7357643635104605 8.191520442889917 12
      vertex -5.877852522924732 8.090169943749475 100
    endloop
  endfacet
  facet normal 0.5664062369248328 -0.8241261886220157 0
    outer loop
      vertex -5.7357643635104605 8.191520442889917 12
      vertex -5.591929034707469 8.290375725550415 12
      vertex -5.7357643635104605 8.191520442889917 100
    endloop
  endfacet
  facet normal 0.5519369853120657 -0.8338858220671632 0
    outer loop
      vertex -5.591929034707469 8.290375725550415 12
      vertex -5.446390350150271 8.386705679454241 12
      vertex -5.591929034707469 8.290375725550415 100
    endloop
  endfacet
  facet normal 0.5372996083468159 -0.8433914458128907 0
    outer loop
      vertex -5.446390350150271 8.386705679454241 12
      vertex -5.299192642332049 8.48048096156426 12
      vertex -5.446390350150271 8.386705679454241 100
    endloop
  endfacet
  facet normal 0.5224985647159558 -0.852640164354088 0
    outer loop
      vertex -5.299192642332049 8.48048096156426 12
      vertex -5.150380749100542 8.571673007021124 12
      vertex -5.299192642332049 8.48048096156426 100
    endloop
  endfacet
  facet normal 0.5075383629606971 -0.8616291604415298 0
    outer loop
      vertex -5.150380749100542 8.571673007021124 12
      vertex -5 8.660254037844386 12
      vertex -5.150380749100542 8.571673007021124 100
    endloop
  endfacet
  facet normal 0.492423560103471 -0.8703556959398974 0
    outer loop
      vertex -5 8.660254037844386 12
      vertex -4.8480962024633705 8.746197071393958 12
      vertex -5 8.660254037844386 100
    endloop
  endfacet
  facet normal 0.4771587602596122 -0.8788171126619633 0
    outer loop
      vertex -4.8480962024633705 8.746197071393958 12
      vertex -4.694715627858908 8.82947592858927 12
      vertex -4.8480962024633705 8.746197071393958 100
    endloop
  endfacet
  facet normal 0.46174861323503 -0.8870108331782237 0
    outer loop
      vertex -4.694715627858908 8.82947592858927 12
      vertex -4.5399049973954675 8.910065241883679 12
      vertex -4.694715627858908 8.82947592858927 100
    endloop
  endfacet
  facet normal 0.44619781310980877 -0.894934361602025 0
    outer loop
      vertex -4.5399049973954675 8.910065241883679 12
      vertex -4.383711467890774 8.98794046299167 12
      vertex -4.5399049973954675 8.910065241883679 100
    endloop
  endfacet
  facet normal 0.4305110968082914 -0.9025852843498623 0
    outer loop
      vertex -4.383711467890774 8.98794046299167 12
      vertex -4.2261826174069945 9.063077870366499 12
      vertex -4.383711467890774 8.98794046299167 100
    endloop
  endfacet
  facet normal 0.4146932426562414 -0.9099612708765421 0
    outer loop
      vertex -4.2261826174069945 9.063077870366499 12
      vertex -4.067366430758002 9.135454576426008 12
      vertex -4.2261826174069945 9.063077870366499 100
    endloop
  endfacet
  facet normal 0.3987490689252476 -0.9170600743851234 0
    outer loop
      vertex -4.067366430758002 9.135454576426008 12
      vertex -3.907311284892738 9.205048534524403 12
      vertex -4.067366430758002 9.135454576426008 100
    endloop
  endfacet
  facet normal 0.38268343236509067 -0.9238795325112864 0
    outer loop
      vertex -3.907311284892738 9.205048534524403 12
      vertex -3.74606593415912 9.271838545667874 12
      vertex -3.907311284892738 9.205048534524403 100
    endloop
  endfacet
  facet normal 0.36650122672429525 -0.9304175679820254 0
    outer loop
      vertex -3.74606593415912 9.271838545667874 12
      vertex -3.5836794954530027 9.335804264972017 12
      vertex -3.74606593415912 9.271838545667874 100
    endloop
  endfacet
  facet normal 0.35020738125947504 -0.9366721892483948 0
    outer loop
      vertex -3.5836794954530027 9.335804264972017 12
      vertex -3.420201433256687 9.396926207859085 12
      vertex -3.5836794954530027 9.335804264972017 100
    endloop
  endfacet
  facet normal 0.3338068592337683 -0.9426414910921794 0
    outer loop
      vertex -3.420201433256687 9.396926207859085 12
      vertex -3.255681544571567 9.455185755993169 12
      vertex -3.420201433256687 9.396926207859085 100
    endloop
  endfacet
  facet normal 0.31730465640508276 -0.9483236552062024 0
    outer loop
      vertex -3.255681544571567 9.455185755993169 12
      vertex -3.090169943749474 9.510565162951535 12
      vertex -3.255681544571567 9.455185755993169 100
    endloop
  endfacet
  facet normal 0.30070579950427384 -0.9537169507482267 0
    outer loop
      vertex -3.090169943749474 9.510565162951535 12
      vertex -2.9237170472273677 9.563047559630354 12
      vertex -3.090169943749474 9.510565162951535 100
    endloop
  endfacet
  facet normal 0.2840153447039291 -0.9588197348681912 0
    outer loop
      vertex -2.9237170472273677 9.563047559630354 12
      vertex -2.7563735581699915 9.612616959383189 12
      vertex -2.9237170472273677 9.563047559630354 100
    endloop
  endfacet
  facet normal 0.2672383760782555 -0.9636304532086234 0
    outer loop
      vertex -2.7563735581699915 9.612616959383189 12
      vertex -2.5881904510252074 9.659258262890683 12
      vertex -2.7563735581699915 9.612616959383189 100
    endloop
  endfacet
  facet normal 0.25038000405444044 -0.9681476403781081 0
    outer loop
      vertex -2.5881904510252074 9.659258262890683 12
      vertex -2.4192189559966772 9.702957262759965 12
      vertex -2.5881904510252074 9.659258262890683 100
    endloop
  endfacet
  facet normal 0.2334453638559039 -0.972369920397677 0
    outer loop
      vertex -2.4192189559966772 9.702957262759965 12
      vertex -2.24951054343865 9.743700647852352 12
      vertex -2.4192189559966772 9.702957262759965 100
    endloop
  endfacet
  facet normal 0.21643961393810854 -0.976296007119932 0
    outer loop
      vertex -2.24951054343865 9.743700647852352 12
      vertex -2.0791169081775935 9.781476007338057 12
      vertex -2.24951054343865 9.743700647852352 100
    endloop
  endfacet
  facet normal 0.19936793441719294 -0.9799247046208305 0
    outer loop
      vertex -2.0791169081775935 9.781476007338057 12
      vertex -1.908089953765448 9.81627183447664 12
      vertex -2.0791169081775935 9.781476007338057 100
    endloop
  endfacet
  facet normal 0.1822355254921426 -0.9832549075639554 0
    outer loop
      vertex -1.908089953765448 9.81627183447664 12
      vertex -1.7364817766693033 9.84807753012208 12
      vertex -1.908089953765448 9.81627183447664 100
    endloop
  endfacet
  facet normal 0.16504760586069112 -0.9862856015372291 0
    outer loop
      vertex -1.7364817766693033 9.84807753012208 12
      vertex -1.5643446504023086 9.876883405951379 12
      vertex -1.7364817766693033 9.84807753012208 100
    endloop
  endfacet
  facet normal 0.14780941112960327 -0.9890158633619179 0
    outer loop
      vertex -1.5643446504023086 9.876883405951379 12
      vertex -1.3917310096006543 9.902680687415703 12
      vertex -1.5643446504023086 9.876883405951379 100
    endloop
  endfacet
  facet normal 0.13052619222004985 -0.9914448613738107 0
    outer loop
      vertex -1.3917310096006543 9.902680687415703 12
      vertex -1.2186934340514748 9.92546151641322 12
      vertex -1.3917310096006543 9.902680687415703 100
    endloop
  endfacet
  facet normal 0.11320321376790833 -0.9935718556765873 0
    outer loop
      vertex -1.2186934340514748 9.92546151641322 12
      vertex -1.0452846326765348 9.945218953682733 12
      vertex -1.2186934340514748 9.92546151641322 100
    endloop
  endfacet
  facet normal 0.09584575252022222 -0.9953961983671789 0
    outer loop
      vertex -1.0452846326765348 9.945218953682733 12
      vertex -0.8715574274765816 9.961946980917455 12
      vertex -1.0452846326765348 9.945218953682733 100
    endloop
  endfacet
  facet normal 0.07845909572784648 -0.9969173337331279 0
    outer loop
      vertex -0.8715574274765816 9.961946980917455 12
      vertex -0.697564737441253 9.975640502598242 12
      vertex -0.8715574274765816 9.961946980917455 100
    endloop
  endfacet
  facet normal 0.06104853953485362 -0.9981347984218673 0
    outer loop
      vertex -0.697564737441253 9.975640502598242 12
      vertex -0.5233595624294384 9.986295347545738 12
      vertex -0.697564737441253 9.975640502598242 100
    endloop
  endfacet
  facet normal 0.0436193873653376 -0.9990482215818578 0
    outer loop
      vertex -0.5233595624294384 9.986295347545738 12
      vertex -0.3489949670250097 9.993908270190957 12
      vertex -0.5233595624294384 9.986295347545738 100
    endloop
  endfacet
  facet normal 0.026176948307874332 -0.9996573249755573 0
    outer loop
      vertex -0.3489949670250097 9.993908270190957 12
      vertex -0.17452406437283513 9.998476951563912 12
      vertex -0.3489949670250097 9.993908270190957 100
    endloop
  endfacet
  facet normal 0.008726535498374736 -0.9999619230641713 0
    outer loop
      vertex -0.17452406437283513 9.998476951563912 12
      vertex 0 10 12
      vertex -0.17452406437283513 9.998476951563912 100
    endloop
  endfacet
  facet normal 0.9999619230641713 -0.008726535498374736 0
    outer loop
      vertex -9.998476951563912 0.17452406437283513 12
      vertex -9.998476951563912 0.17452406437283513 100
      vertex -10 0 100
    endloop
  endfacet
  facet normal 0.9996573249755573 -0.026176948307874332 0
    outer loop
      vertex -9.993908270190957 0.3489949670250097 12
      vertex -9.993908270190957 0.3489949670250097 100
      vertex -9.998476951563912 0.17452406437283513 100
    endloop
  endfacet
  facet normal 0.9990482215818578 -0.0436193873653376 0
    outer loop
      vertex -9.986295347545738 0.5233595624294384 12
      vertex -9.986295347545738 0.5233595624294384 100
      vertex -9.993908270190957 0.3489949670250097 100
    endloop
  endfacet
  facet normal 0.9981347984218673 -0.06104853953485362 0
    outer loop
      vertex -9.975640502598242 0.697564737441253 12
      vertex -9.975640502598242 0.697564737441253 100
      vertex -9.986295347545738 0.5233595624294384 100
    endloop
  endfacet
  facet normal 0.9969173337331279 -0.07845909572784648 0
    outer loop
      vertex -9.961946980917455 0.8715574274765816 12
      vertex -9.961946980917455 0.8715574274765816 100
      vertex -9.975640502598242 0.697564737441253 100
    endloop
  endfacet
  facet normal 0.9953961983671789 -0.09584575252022222 0
    outer loop
      vertex -9.945218953682733 1.0452846326765348 12
      vertex -9.945218953682733 1.0452846326765348 100
      vertex -9.961946980917455 0.8715574274765816 100
    endloop
  endfacet
  facet normal 0.9935718556765873 -0.11320321376790833 0
    outer loop
      vertex -9.92546151641322 1.2186934340514748 12
      vertex -9.92546151641322 1.2186934340514748 100
      vertex -9.945218953682733 1.0452846326765348 100
    endloop
  endfacet
  facet normal 0.9914448613738107 -0.13052619222004985 0
    outer loop
      vertex -9.902680687415703 1.3917310096006543 12
      vertex -9.902680687415703 1.3917310096006543 100
      vertex -9.92546151641322 1.2186934340514748 100
    endloop
  endfacet
  facet normal 0.9890158633619179 -0.14780941112960327 0
    outer loop
      vertex -9.876883405951379 1.5643446504023086 12
      vertex -9.876883405951379 1.5643446504023086 100
      vertex -9.902680687415703 1.3917310096006543 100
    endloop
  endfacet
  facet normal 0.9862856015372291 -0.16504760586069112 0
    outer loop
      vertex -9.84807753012208 1.7364817766693033 12
      vertex -9.84807753012208 1.7364817766693033 100
      vertex -9.876883405951379 1.5643446504023086 100
    endloop
  endfacet
  facet normal 0.9832549075639554 -0.1822355254921426 0
    outer loop
      vertex -9.81627183447664 1.908089953765448 12
      vertex -9.81627183447664 1.908089953765448 100
      vertex -9.84807753012208 1.7364817766693033 100
    endloop
  endfacet
  facet normal 0.9799247046208305 -0.19936793441719294 0
    outer loop
      vertex -9.781476007338057 2.0791169081775935 12
      vertex -9.781476007338057 2.0791169081775935 100
      vertex -9.81627183447664 1.908089953765448 100
    endloop
  endfacet
  facet normal 0.976296007119932 -0.21643961393810854 0
    outer loop
      vertex -9.743700647852352 2.24951054343865 12
      vertex -9.743700647852352 2.24951054343865 100
      vertex -9.781476007338057 2.0791169081775935 100
    endloop
  endfacet
  facet normal 0.972369920397677 -0.2334453638559039 0
    outer loop
      vertex -9.702957262759965 2.4192189559966772 12
      vertex -9.702957262759965 2.4192189559966772 100
      vertex -9.743700647852352 2.24951054343865 100
    endloop
  endfacet
  facet normal 0.9681476403781081 -0.25038000405444044 0
    outer loop
      vertex -9.659258262890683 2.5881904510252074 12
      vertex -9.659258262890683 2.5881904510252074 100
      vertex -9.702957262759965 2.4192189559966772 100
    endloop
  endfacet
  facet normal 0.9636304532086234 -0.2672383760782555 0
    outer loop
      vertex -9.612616959383189 2.7563735581699915 12
      vertex -9.612616959383189 2.7563735581699915 100
      vertex -9.659258262890683 2.5881904510252074 100
    endloop
  endfacet
  facet normal 0.9588197348681912 -0.2840153447039291 0
    outer loop
      vertex -9.563047559630354 2.9237170472273677 12
      vertex -9.563047559630354 2.9237170472273677 100
      vertex -9.612616959383189 2.7563735581699915 100
    endloop
  endfacet
  facet normal 0.9537169507482267 -0.30070579950427384 0
    outer loop
      vertex -9.510565162951535 3.090169943749474 12
      vertex -9.510565162951535 3.090169943749474 100
      vertex -9.563047559630354 2.9237170472273677 100
    endloop
  endfacet
  facet normal 0.9483236552062024 -0.31730465640508276 0
    outer loop
      vertex -9.455185755993169 3.255681544571567 12
      vertex -9.455185755993169 3.255681544571567 100
      vertex -9.510565162951535 3.090169943749474 100
    endloop
  endfacet
  facet normal 0.9426414910921794 -0.3338068592337683 0
    outer loop
      vertex -9.396926207859085 3.420201433256687 12
      vertex -9.396926207859085 3.420201433256687 100
      vertex -9.455185755993169 3.255681544571567 100
    endloop
  endfacet
  facet normal 0.9366721892483948 -0.35020738125947504 0
    outer loop
      vertex -9.335804264972017 3.5836794954530027 12
      vertex -9.335804264972017 3.5836794954530027 100
      vertex -9.396926207859085 3.420201433256687 100
    endloop
  endfacet
  facet normal 0.9304175679820254 -0.36650122672429525 0
    outer loop
      vertex -9.271838545667874 3.74606593415912 12
      vertex -9.271838545667874 3.74606593415912 100
      vertex -9.335804264972017 3.5836794954530027 100
    endloop
  endfacet
  facet normal 0.9238795325112864 -0.38268343236509067 0
    outer loop
      vertex -9.205048534524403 3.907311284892738 12
      vertex -9.205048534524403 3.907311284892738 100
      vertex -9.271838545667874 3.74606593415912 100
    endloop
  endfacet
  facet normal 0.9170600743851234 -0.3987490689252476 0
    outer loop
      vertex -9.135454576426008 4.067366430758002 12
      vertex -9.135454576426008 4.067366430758002 100
      vertex -9.205048534524403 3.907311284892738 100
    endloop
  endfacet
  facet normal 0.9099612708765421 -0.4146932426562414 0
    outer loop
      vertex -9.063077870366499 4.2261826174069945 12
      vertex -9.063077870366499 4.2261826174069945 100
      vertex -9.135454576426008 4.067366430758002 100
    endloop
  endfacet
  facet normal 0.9025852843498623 -0.4305110968082914 0
    outer loop
      vertex -8.98794046299167 4.383711467890774 12
      vertex -8.98794046299167 4.383711467890774 100
      vertex -9.063077870366499 4.2261826174069945 100
    endloop
  endfacet
  facet normal 0.894934361602025 -0.44619781310980877 0
    outer loop
      vertex -8.910065241883679 4.5399049973954675 12
      vertex -8.910065241883679 4.5399049973954675 100
      vertex -8.98794046299167 4.383711467890774 100
    endloop
  endfacet
  facet normal 0.8870108331782237 -0.46174861323503 0
    outer loop
      vertex -8.82947592858927 4.694715627858908 12
      vertex -8.82947592858927 4.694715627858908 100
      vertex -8.910065241883679 4.5399049973954675 100
    endloop
  endfacet
  facet normal 0.8788171126619633 -0.4771587602596122 0
    outer loop
      vertex -8.746197071393958 4.8480962024633705 12
      vertex -8.746197071393958 4.8480962024633705 100
      vertex -8.82947592858927 4.694715627858908 100
    endloop
  endfacet
  facet normal 0.8703556959398974 -0.492423560103471 0
    outer loop
      vertex -8.660254037844386 5 12
      vertex -8.660254037844386 5 100
      vertex -8.746197071393958 4.8480962024633705 100
    endloop
  endfacet
  facet normal 0.8616291604415298 -0.5075383629606971 0
    outer loop
      vertex -8.571673007021124 5.150380749100542 12
      vertex -8.571673007021124 5.150380749100542 100
      vertex -8.660254037844386 5 100
    endloop
  endfacet
  facet normal 0.852640164354088 -0.5224985647159558 0
    outer loop
      vertex -8.48048096156426 5.299192642332049 12
      vertex -8.48048096156426 5.299192642332049 100
      vertex -8.571673007021124 5.150380749100542 100
    endloop
  endfacet
  facet normal 0.8433914458128907 -0.5372996083468159 0
    outer loop
      vertex -8.386705679454241 5.446390350150271 12
      vertex -8.386705679454241 5.446390350150271 100
      vertex -8.48048096156426 5.299192642332049 100
    endloop
  endfacet
  facet normal 0.8338858220671632 -0.5519369853120657 0
    outer loop
      vertex -8.290375725550415 5.591929034707469 12
      vertex -8.290375725550415 5.591929034707469 100
      vertex -8.386705679454241 5.446390350150271 100
    endloop
  endfacet
  facet normal 0.8241261886220157 -0.5664062369248328 0
    outer loop
      vertex -8.191520442889917 5.7357643635104605 12
      vertex -8.191520442889917 5.7357643635104605 100
      vertex -8.290375725550415 5.591929034707469 100
    endloop
  endfacet
  facet normal 0.8141155183563235 -0.5807029557109338 0
    outer loop
      vertex -8.090169943749475 5.877852522924732 12
      vertex -8.090169943749475 5.877852522924732 100
      vertex -8.191520442889917 5.7357643635104605 100
    endloop
  endfacet
  facet normal 0.8038568606172157 -0.5948227867513435 0
    outer loop
      vertex -7.986355100472928 6.018150231520483 12
      vertex -7.986355100472928 6.018150231520483 100
      vertex -8.090169943749475 5.877852522924732 100
    endloop
  endfacet
  facet normal 0.7933533402912326 -0.6087614290087239 0
    outer loop
      vertex -7.880107536067219 6.156614753256583 12
      vertex -7.880107536067219 6.156614753256583 100
      vertex -7.986355100472928 6.018150231520483 100
    endloop
  endfacet
  facet normal 0.782608156852415 -0.6225146366376182 0
    outer loop
      vertex -7.771459614569709 6.293203910498374 12
      vertex -7.771459614569709 6.293203910498374 100
      vertex -7.880107536067219 6.156614753256583 100
    endloop
  endfacet
  facet normal 0.7716245833877183 -0.636078220277766 0
    outer loop
      vertex -7.66044443118978 6.4278760968653925 12
      vertex -7.66044443118978 6.4278760968653925 100
      vertex -7.771459614569709 6.293203910498374 100
    endloop
  endfacet
  facet normal 0.7604059656000348 -0.6494480483301791 0
    outer loop
      vertex -7.54709580222772 6.560590289905073 12
      vertex -7.54709580222772 6.560590289905073 100
      vertex -7.66044443118978 6.4278760968653925 100
    endloop
  endfacet
  facet normal 0.7489557207890009 -0.6626200482157389 0
    outer loop
      vertex -7.431448254773942 6.691306063588582 12
      vertex -7.431448254773942 6.691306063588582 100
      vertex -7.54709580222772 6.560590289905073 100
    endloop
  endfacet
  facet normal 0.7372773368101224 -0.6755902076156619 0
    outer loop
      vertex -7.313537016191704 6.819983600624985 12
      vertex -7.313537016191704 6.819983600624985 100
      vertex -7.431448254773942 6.691306063588582 100
    endloop
  endfacet
  facet normal 0.7253743710122896 -0.6883545756937519 0
    outer loop
      vertex -7.193398003386512 6.9465837045899725 12
      vertex -7.193398003386512 6.9465837045899725 100
      vertex -7.313537016191704 6.819983600624985 100
    endloop
  endfacet
  facet normal 0.7132504491541831 -0.7009092642998493 0
    outer loop
      vertex -7.0710678118654755 7.0710678118654755 12
      vertex -7.0710678118654755 7.0710678118654755 100
      vertex -7.193398003386512 6.9465837045899725 100
    endloop
  endfacet
  facet normal 0.7009092642998493 -0.7132504491541831 0
    outer loop
      vertex -6.9465837045899725 7.193398003386512 12
      vertex -6.9465837045899725 7.193398003386512 100
      vertex -7.0710678118654755 7.0710678118654755 100
    endloop
  endfacet
  facet normal 0.6883545756937519 -0.7253743710122896 0
    outer loop
      vertex -6.819983600624985 7.313537016191704 12
      vertex -6.819983600624985 7.313537016191704 100
      vertex -6.9465837045899725 7.193398003386512 100
    endloop
  endfacet
  facet normal 0.6755902076156619 -0.7372773368101224 0
    outer loop
      vertex -6.691306063588582 7.431448254773942 12
      vertex -6.691306063588582 7.431448254773942 100
      vertex -6.819983600624985 7.313537016191704 100
    endloop
  endfacet
  facet normal 0.6626200482157389 -0.7489557207890009 0
    outer loop
      vertex -6.560590289905073 7.54709580222772 12
      vertex -6.560590289905073 7.54709580222772 100
      vertex -6.691306063588582 7.431448254773942 100
    endloop
  endfacet
  facet normal 0.6494480483301791 -0.7604059656000348 0
    outer loop
      vertex -6.4278760968653925 7.66044443118978 12
      vertex -6.4278760968653925 7.66044443118978 100
      vertex -6.560590289905073 7.54709580222772 100
    endloop
  endfacet
  facet normal 0.636078220277766 -0.7716245833877183 0
    outer loop
      vertex -6.293203910498374 7.771459614569709 12
      vertex -6.293203910498374 7.771459614569709 100
      vertex -6.4278760968653925 7.66044443118978 100
    endloop
  endfacet
  facet normal 0.6225146366376182 -0.782608156852415 0
    outer loop
      vertex -6.156614753256583 7.880107536067219 12
      vertex -6.156614753256583 7.880107536067219 100
      vertex -6.293203910498374 7.771459614569709 100
    endloop
  endfacet
  facet normal 0.6087614290087239 -0.7933533402912326 0
    outer loop
      vertex -6.018150231520483 7.986355100472928 12
      vertex -6.018150231520483 7.986355100472928 100
      vertex -6.156614753256583 7.880107536067219 100
    endloop
  endfacet
  facet normal 0.5948227867513435 -0.8038568606172157 0
    outer loop
      vertex -5.877852522924732 8.090169943749475 12
      vertex -5.877852522924732 8.090169943749475 100
      vertex -6.018150231520483 7.986355100472928 100
    endloop
  endfacet
  facet normal 0.5807029557109338 -0.8141155183563235 0
    outer loop
      vertex -5.7357643635104605 8.191520442889917 12
      vertex -5.7357643635104605 8.191520442889917 100
      vertex -5.877852522924732 8.090169943749475 100
    endloop
  endfacet
  facet normal 0.5664062369248328 -0.8241261886220157 0
    outer loop
      vertex -5.591929034707469 8.290375725550415 12
      vertex -5.591929034707469 8.290375725550415 100
      vertex -5.7357643635104605 8.191520442889917 100
    endloop
  endfacet
  facet normal 0.5519369853120657 -0.8338858220671632 0
    outer loop
      vertex -5.446390350150271 8.386705679454241 12
      vertex -5.446390350150271 8.386705679454241 100
      vertex -5.591929034707469 8.290375725550415 100
    endloop
  endfacet
  facet normal 0.5372996083468159 -0.8433914458128907 0
    outer loop
      vertex -5.299192642332049 8.48048096156426 12
      vertex -5.299192642332049 8.48048096156426 100
      vertex -5.446390350150271 8.386705679454241 100
    endloop
  endfacet
  facet normal 0.5224985647159558 -0.852640164354088 0
    outer loop
      vertex -5.150380749100542 8.571673007021124 12
      vertex -5.150380749100542 8.571673007021124 100
      vertex -5.299192642332049 8.48048096156426 100
    endloop
  endfacet
  facet normal 0.5075383629606971 -0.8616291604415298 0
    outer loop
      vertex -5 8.660254037844386 12
      vertex -5 8.660254037844386 100
      vertex -5.150380749100542 8.571673007021124 100
    endloop
  endfacet
  facet normal 0.492423560103471 -0.8703556959398974 0
    outer loop
      vertex -4.8480962024633705 8.746197071393958 12
      vertex -4.8480962024633705 8.746197071393958 100
      vertex -5 8.660254037844386 100
    endloop
  endfacet
  facet normal 0.4771587602596122 -0.8788171126619633 0
    outer loop
      vertex -4.694715627858908 8.82947592858927 12
      vertex -4.694715627858908 8.82947592858927 100
      vertex -4.8480962024633705 8.746197071393958 100
    endloop
  endfacet
  facet normal 0.46174861323503 -0.8870108331782237 0
    outer loop
      vertex -4.5399049973954675 8.910065241883679 12
      vertex -4.5399049973954675 8.910065241883679 100
      vertex -4.694715627858908 8.82947592858927 100
    endloop
  endfacet
  facet normal 0.44619781310980877 -0.894934361602025 0
    outer loop
      vertex -4.383711467890774 8.98794046299167 12
      vertex -4.383711467890774 8.98794046299167 100
      vertex -4.5399049973954675 8.910065241883679 100
    endloop
  endfacet
  facet normal 0.4305110968082914 -0.9025852843498623 0
    outer loop
      vertex -4.2261826174069945 9.063077870366499 12
      vertex -4.2261826174069945 9.063077870366499 100
      vertex -4.383711467890774 8.98794046299167 100
    endloop
  endfacet
  facet normal 0.4146932426562414 -0.9099612708765421 0
    outer loop
      vertex -4.067366430758002 9.135454576426008 12
      vertex -4.067366430758002 9.135454576426008 100
      vertex -4.2261826174069945 9.063077870366499 100
    endloop
  endfacet
  facet normal 0.3987490689252476 -0.9170600743851234 0
    outer loop
      vertex -3.907311284892738 9.205048534524403 12
      vertex -3.907311284892738 9.205048534524403 100
      vertex -4.067366430758002 9.135454576426008 100
    endloop
  endfacet
  facet normal 0.38268343236509067 -0.9238795325112864 0
    outer loop
      vertex -3.74606593415912 9.271838545667874 12
      vertex -3.74606593415912 9.271838545667874 100
      vertex -3.907311284892738 9.205048534524403 100
    endloop
  endfacet
  facet normal 0.36650122672429525 -0.9304175679820254 0
    outer loop
      vertex -3.5836794954530027 9.335804264972017 12
      vertex -3.5836794954530027 9.335804264972017 100
      vertex -3.74606593415912 9.271838545667874 100
    endloop
  endfacet
  facet normal 0.35020738125947504 -0.9366721892483948 0
    outer loop
      vertex -3.420201433256687 9.396926207859085 12
      vertex -3.420201433256687 9.396926207859085 100
      vertex -3.5836794954530027 9.335804264972017 100
    endloop
  endfacet
  facet normal 0.3338068592337683 -0.9426414910921794 0
    outer loop
      vertex -3.255681544571567 9.455185755993169 12
      vertex -3.255681544571567 9.455185755993169 100
      vertex -3.420201433256687 9.396926207859085 100
    endloop
  endfacet
  facet normal 0.31730465640508276 -0.9483236552062024 0
    outer loop
      vertex -3.090169943749474 9.510565162951535 12
      vertex -3.090169943749474 9.510565162951535 100
      vertex -3.255681544571567 9.455185755993169 100
    endloop
  endfacet
  facet normal 0.30070579950427384 -0.9537169507482267 0
    outer loop
      vertex -2.9237170472273677 9.563047559630354 12
      vertex -2.9237170472273677 9.563047559630354 100
      vertex -3.090169943749474 9.510565162951535 100
    endloop
  endfacet
  facet normal 0.2840153447039291 -0.9588197348681912 0
    outer loop
      vertex -2.7563735581699915 9.612616959383189 12
      vertex -2.7563735581699915 9.612616959383189 100
      vertex -2.9237170472273677 9.563047559630354 100
    endloop
  endfacet
  facet normal 0.2672383760782555 -0.9636304532086234 0
    outer loop
      vertex -2.5881904510252074 9.659258262890683 12
      vertex -2.5881904510252074 9.659258262890683 100
      vertex -2.7563735581699915 9.612616959383189 100
    endloop
  endfacet
  facet normal 0.25038000405444044 -0.9681476403781081 0
    outer loop
      vertex -2.4192189559966772 9.702957262759965 12
      vertex -2.4192189559966772 9.702957262759965 100
      vertex -2.5881904510252074 9.659258262890683 100
    endloop
  endfacet
  facet normal 0.2334453638559039 -0.972369920397677 0
    outer loop
      vertex -2.24951054343865 9.743700647852352 12
      vertex -2.24951054343865 9.743700647852352 100
      vertex -2.4192189559966772 9.702957262759965 100
    endloop
  endfacet
  facet normal 0.21643961393810854 -0.976296007119932 0
    outer loop
      vertex -2.0791169081775935 9.781476007338057 12
      vertex -2.0791169081775935 9.781476007338057 100
      vertex -2.24951054343865 9.743700647852352 100
    endloop
  endfacet
  facet normal 0.19936793441719294 -0.9799247046208305 0
    outer loop
      vertex -1.908089953765448 9.81627183447664 12
      vertex -1.908089953765448 9.81627183447664 100
      vertex -2.0791169081775935 9.781476007338057 100
    endloop
  endfacet
  facet normal 0.1822355254921426 -0.9832549075639554 0
    outer loop
      vertex -1.7364817766693033 9.84807753012208 12
      vertex -1.7364817766693033 9.84807753012208 100
      vertex -1.908089953765448 9.81627183447664 100
    endloop
  endfacet
  facet normal 0.16504760586069112 -0.9862856015372291 0
    outer loop
      vertex -1.5643446504023086 9.876883405951379 12
      vertex -1.5643446504023086 9.876883405951379 100
      vertex -1.7364817766693033 9.84807753012208 100
    endloop
  endfacet
  facet normal 0.14780941112960327 -0.9890158633619179 0
    outer loop
      vertex -1.3917310096006543 9.902680687415703 12
      vertex -1.3917310096006543 9.902680687415703 100
      vertex -1.5643446504023086 9.876883405951379 100
    endloop
  endfacet
  facet normal 0.13052619222004985 -0.9914448613738107 0
    outer loop
      vertex -1.2186934340514748 9.92546151641322 12
      vertex -1.2186934340514748 9.92546151641322 100
      vertex -1.3917310096006543 9.902680687415703 100
    endloop
  endfacet
  facet normal 0.11320321376790833 -0.9935718556765873 0
    outer loop
      vertex -1.0452846326765348 9.945218953682733 12
      vertex -1.0452846326765348 9.945218953682733 100
      vertex -1.2186934340514748 9.92546151641322 100
    endloop
  endfacet
  facet normal 0.09584575252022222 -0.9953961983671789 0
    outer loop
      vertex -0.8715574274765816 9.961946980917455 12
      vertex -0.8715574274765816 9.961946980917455 100
      vertex -1.0452846326765348 9.945218953682733 100
    endloop
  endfacet
  facet normal 0.07845909572784648 -0.9969173337331279 0
    outer loop
      vertex -0.697564737441253 9.975640502598242 12
      vertex -0.697564737441253 9.975640502598242 100
      vertex -0.8715574274765816 9.961946980917455 100
    endloop
  endfacet
  facet normal 0.06104853953485362 -0.9981347984218673 0
    outer loop
      vertex -0.5233595624294384 9.986295347545738 12
      vertex -0.5233595624294384 9.986295347545738 100
      vertex -0.697564737441253 9.975640502598242 100
    endloop
  endfacet
  facet normal 0.0436193873653376 -0.9990482215818578 0
    outer loop
      vertex -0.3489949670250097 9.993908270190957 12
      vertex -0.3489949670250097 9.993908270190957 100
      vertex -0.5233595624294384 9.986295347545738 100
    endloop
  endfacet
  facet normal 0.026176948307874332 -0.9996573249755573 0
    outer loop
      vertex -0.17452406437283513 9.998476951563912 12
      vertex -0.17452406437283513 9.998476951563912 100
      vertex -0.3489949670250097 9.993908270190957 100
    endloop
  endfacet
  facet normal 0.008726535498374736 -0.9999619230641713 0
    outer loop
      vertex 0 10 12
      vertex 0 10 100
      vertex -0.17452406437283513 9.998476951563912 100
    endloop
  endfacet
  facet normal -0.008726535498374736 0.9999619230641713 0
    outer loop
      vertex 0 -10 12
      vertex 0.17452406437283513 -9.998476951563912 100
      vertex 0.17452406437283513 -9.998476951563912 12
    endloop
  endfacet
  facet normal -0.026176948307874332 0.9996573249755573 0
    outer loop
      vertex 0.17452406437283513 -9.998476951563912 12
      vertex 0.3489949670250097 -9.993908270190957 100
      vertex 0.3489949670250097 -9.993908270190957 12
    endloop
  endfacet
  facet normal -0.0436193873653376 0.9990482215818578 0
    outer loop
      vertex 0.3489949670250097 -9.993908270190957 12
      vertex 0.5233595624294384 -9.986295347545738 100
      vertex 0.5233595624294384 -9.986295347545738 12
    endloop
  endfacet
  facet normal -0.06104853953485362 0.9981347984218673 0
    outer loop
      vertex 0.5233595624294384 -9.986295347545738 12
      vertex 0.697564737441253 -9.975640502598242 100
      vertex 0.697564737441253 -9.975640502598242 12
    endloop
  endfacet
  facet normal -0.07845909572784648 0.9969173337331279 0
    outer loop
      vertex 0.697564737441253 -9.975640502598242 12
      vertex 0.8715574274765816 -9.961946980917455 100
      vertex 0.8715574274765816 -9.961946980917455 12
    endloop
  endfacet
  facet normal -0.09584575252022222 0.9953961983671789 0
    outer loop
      vertex 0.8715574274765816 -9.961946980917455 12
      vertex 1.0452846326765348 -9.945218953682733 100
      vertex 1.0452846326765348 -9.945218953682733 12
    endloop
  endfacet
  facet normal -0.11320321376790833 0.9935718556765873 0
    outer loop
      vertex 1.0452846326765348 -9.945218953682733 12
      vertex 1.2186934340514748 -9.92546151641322 100
      vertex 1.2186934340514748 -9.92546151641322 12
    endloop
  endfacet
  facet normal -0.13052619222004985 0.9914448613738107 0
    outer loop
      vertex 1.2186934340514748 -9.92546151641322 12
      vertex 1.3917310096006543 -9.902680687415703 100
      vertex 1.3917310096006543 -9.902680687415703 12
    endloop
  endfacet
  facet normal -0.14780941112960327 0.9890158633619179 0
    outer loop
      vertex 1.3917310096006543 -9.902680687415703 12
      vertex 1.5643446504023086 -9.876883405951379 100
      vertex 1.5643446504023086 -9.876883405951379 12
    endloop
  endfacet
  facet normal -0.16504760586069112 0.9862856015372291 0
    outer loop
      vertex 1.5643446504023086 -9.876883405951379 12
      vertex 1.7364817766693033 -9.84807753012208 100
      vertex 1.7364817766693033 -9.84807753012208 12
    endloop
  endfacet
  facet normal -0.1822355254921426 0.9832549075639554 0
    outer loop
      vertex 1.7364817766693033 -9.84807753012208 12
      vertex 1.908089953765448 -9.81627183447664 100
      vertex 1.908089953765448 -9.81627183447664 12
    endloop
  endfacet
  facet normal -0.19936793441719294 0.9799247046208305 0
    outer loop
      vertex 1.908089953765448 -9.81627183447664 12
      vertex 2.0791169081775935 -9.781476007338057 100
      vertex 2.0791169081775935 -9.781476007338057 12
    endloop
  endfacet
  facet normal -0.21643961393810854 0.976296007119932 0
    outer loop
      vertex 2.0791169081775935 -9.781476007338057 12
      vertex 2.24951054343865 -9.743700647852352 100
      vertex 2.24951054343865 -9.743700647852352 12
    endloop
  endfacet
  facet normal -0.2334453638559039 0.972369920397677 0
    outer loop
      vertex 2.24951054343865 -9.743700647852352 12
      vertex 2.4192189559966772 -9.702957262759965 100
      vertex 2.4192189559966772 -9.702957262759965 12
    endloop
  endfacet
  facet normal -0.25038000405444044 0.9681476403781081 0
    outer loop
      vertex 2.4192189559966772 -9.702957262759965 12
      vertex 2.5881904510252074 -9.659258262890683 100
      vertex 2.5881904510252074 -9.659258262890683 12
    endloop
  endfacet
  facet normal -0.2672383760782555 0.9636304532086234 0
    outer loop
      vertex 2.5881904510252074 -9.659258262890683 12
      vertex 2.7563735581699915 -9.612616959383189 100
      vertex 2.7563735581699915 -9.612616959383189 12
    endloop
  endfacet
  facet normal -0.2840153447039291 0.9588197348681912 0
    outer loop
      vertex 2.7563735581699915 -9.612616959383189 12
      vertex 2.9237170472273677 -9.563047559630354 100
      vertex 2.9237170472273677 -9.563047559630354 12
    endloop
  endfacet
  facet normal -0.30070579950427384 0.9537169507482267 0
    outer loop
      vertex 2.9237170472273677 -9.563047559630354 12
      vertex 3.090169943749474 -9.510565162951535 100
      vertex 3.090169943749474 -9.510565162951535 12
    endloop
  endfacet
  facet normal -0.31730465640508276 0.9483236552062024 0
    outer loop
      vertex 3.090169943749474 -9.510565162951535 12
      vertex 3.255681544571567 -9.455185755993169 100
      vertex 3.255681544571567 -9.455185755993169 12
    endloop
  endfacet
  facet normal -0.3338068592337683 0.9426414910921794 0
    outer loop
      vertex 3.255681544571567 -9.455185755993169 12
      vertex 3.420201433256687 -9.396926207859085 100
      vertex 3.420201433256687 -9.396926207859085 12
    endloop
  endfacet
  facet normal -0.35020738125947504 0.9366721892483948 0
    outer loop
      vertex 3.420201433256687 -9.396926207859085 12
      vertex 3.5836794954530027 -9.335804264972017 100
      vertex 3.5836794954530027 -9.335804264972017 12
    endloop
  endfacet
  facet normal -0.36650122672429525 0.9304175679820254 0
    outer loop
      vertex 3.5836794954530027 -9.335804264972017 12
      vertex 3.74606593415912 -9.271838545667874 100
      vertex 3.74606593415912 -9.271838545667874 12
    endloop
  endfacet
  facet normal -0.38268343236509067 0.9238795325112864 0
    outer loop
      vertex 3.74606593415912 -9.271838545667874 12
      vertex 3.907311284892738 -9.205048534524403 100
      vertex 3.907311284892738 -9.205048534524403 12
    endloop
  endfacet
  facet normal -0.3987490689252476 0.9170600743851234 0
    outer loop
      vertex 3.907311284892738 -9.205048534524403 12
      vertex 4.067366430758002 -9.135454576426008 100
      vertex 4.067366430758002 -9.135454576426008 12
    endloop
  endfacet
  facet normal -0.4146932426562414 0.9099612708765421 0
    outer loop
      vertex 4.067366430758002 -9.135454576426008 12
      vertex 4.2261826174069945 -9.063077870366499 100
      vertex 4.2261826174069945 -9.063077870366499 12
    endloop
  endfacet
  facet normal -0.4305110968082914 0.9025852843498623 0
    outer loop
      vertex 4.2261826174069945 -9.063077870366499 12
      vertex 4.383711467890774 -8.98794046299167 100
      vertex 4.383711467890774 -8.98794046299167 12
    endloop
  endfacet
  facet normal -0.44619781310980877 0.894934361602025 0
    outer loop
      vertex 4.383711467890774 -8.98794046299167 12
      vertex 4.5399049973954675 -8.910065241883679 100
      vertex 4.5399049973954675 -8.910065241883679 12
    endloop
  endfacet
  facet normal -0.46174861323503 0.8870108331782237 0
    outer loop
      vertex 4.5399049973954675 -8.910065241883679 12
      vertex 4.694715627858908 -8.82947592858927 100
      vertex 4.694715627858908 -8.82947592858927 12
    endloop
  endfacet
  facet normal -0.4771587602596122 0.8788171126619633 0
    outer loop
      vertex 4.694715627858908 -8.82947592858927 12
      vertex 4.8480962024633705 -8.746197071393958 100
      vertex 4.8480962024633705 -8.746197071393958 12
    endloop
  endfacet
  facet normal -0.492423560103471 0.8703556959398974 0
    outer loop
      vertex 4.8480962024633705 -8.746197071393958 12
      vertex 5 -8.660254037844386 100
      vertex 5 -8.660254037844386 12
    endloop
  endfacet
  facet normal -0.5075383629606971 0.8616291604415298 0
    outer loop
      vertex 5 -8.660254037844386 12
      vertex 5.150380749100542 -8.571673007021124 100
      vertex 5.150380749100542 -8.571673007021124 12
    endloop
  endfacet
  facet normal -0.5224985647159558 0.852640164354088 0
    outer loop
      vertex 5.150380749100542 -8.571673007021124 12
      vertex 5.299192642332049 -8.48048096156426 100
      vertex 5.299192642332049 -8.48048096156426 12
    endloop
  endfacet
  facet normal -0.5372996083468159 0.8433914458128907 0
    outer loop
      vertex 5.299192642332049 -8.48048096156426 12
      vertex 5.446390350150271 -8.386705679454241 100
      vertex 5.446390350150271 -8.386705679454241 12
    endloop
  endfacet
  facet normal -0.5519369853120657 0.8338858220671632 0
    outer loop
      vertex 5.446390350150271 -8.386705679454241 12
      vertex 5.591929034707469 -8.290375725550415 100
      vertex 5.591929034707469 -8.290375725550415 12
    endloop
  endfacet
  facet normal -0.5664062369248328 0.8241261886220157 0
    outer loop
      vertex 5.591929034707469 -8.290375725550415 12
      vertex 5.7357643635104605 -8.191520442889917 100
      vertex 5.7357643635104605 -8.191520442889917 12
    endloop
  endfacet
  facet normal -0.5807029557109338 0.8141155183563235 0
    outer loop
      vertex 5.7357643635104605 -8.191520442889917 12
      vertex 5.877852522924732 -8.090169943749475 100
      vertex 5.877852522924732 -8.090169943749475 12
    endloop
  endfacet
  facet normal -0.5948227867513435 0.8038568606172157 0
    outer loop
      vertex 5.877852522924732 -8.090169943749475 12
      vertex 6.018150231520483 -7.986355100472928 100
      vertex 6.018150231520483 -7.986355100472928 12
    endloop
  endfacet
  facet normal -0.6087614290087239 0.7933533402912326 0
    outer loop
      vertex 6.018150231520483 -7.986355100472928 12
      vertex 6.156614753256583 -7.880107536067219 100
      vertex 6.156614753256583 -7.880107536067219 12
    endloop
  endfacet
  facet normal -0.6225146366376182 0.782608156852415 0
    outer loop
      vertex 6.156614753256583 -7.880107536067219 12
      vertex 6.293203910498374 -7.771459614569709 100
      vertex 6.293203910498374 -7.771459614569709 12
    endloop
  endfacet
  facet normal -0.636078220277766 0.7716245833877183 0
    outer loop
      vertex 6.293203910498374 -7.771459614569709 12
      vertex 6.4278760968653925 -7.66044443118978 100
      vertex 6.4278760968653925 -7.66044443118978 12
    endloop
  endfacet
  facet normal -0.6494480483301791 0.7604059656000348 0
    outer loop
      vertex 6.4278760968653925 -7.66044443118978 12
      vertex 6.560590289905073 -7.54709580222772 100
      vertex 6.560590289905073 -7.54709580222772 12
    endloop
  endfacet
  facet normal -0.6626200482157389 0.7489557207890009 0
    outer loop
      vertex 6.560590289905073 -7.54709580222772 12
      vertex 6.691306063588582 -7.431448254773942 100
      vertex 6.691306063588582 -7.431448254773942 12
    endloop
  endfacet
  facet normal -0.6755902076156619 0.7372773368101224 0
    outer loop
      vertex 6.691306063588582 -7.431448254773942 12
      vertex 6.819983600624985 -7.313537016191704 100
      vertex 6.819983600624985 -7.313537016191704 12
    endloop
  endfacet
  facet normal -0.6883545756937519 0.7253743710122896 0
    outer loop
      vertex 6.819983600624985 -7.313537016191704 12
      vertex 6.9465837045899725 -7.193398003386512 100
      vertex 6.9465837045899725 -7.193398003386512 12
    endloop
  endfacet
  facet normal -0.7009092642998493 0.7132504491541831 0
    outer loop
      vertex 6.9465837045899725 -7.193398003386512 12
      vertex 7.0710678118654755 -7.0710678118654755 100
      vertex 7.0710678118654755 -7.0710678118654755 12
    endloop
  endfacet
  facet normal -0.7132504491541831 0.7009092642998493 0
    outer loop
      vertex 7.0710678118654755 -7.0710678118654755 12
      vertex 7.193398003386512 -6.9465837045899725 100
      vertex 7.193398003386512 -6.9465837045899725 12
    endloop
  endfacet
  facet normal -0.7253743710122896 0.6883545756937519 0
    outer loop
      vertex 7.193398003386512 -6.9465837045899725 12
      vertex 7.313537016191704 -6.819983600624985 100
      vertex 7.313537016191704 -6.819983600624985 12
    endloop
  endfacet
  facet normal -0.7372773368101224 0.6755902076156619 0
    outer loop
      vertex 7.313537016191704 -6.819983600624985 12
      vertex 7.431448254773942 -6.691306063588582 100
      vertex 7.431448254773942 -6.691306063588582 12
    endloop
  endfacet
  facet normal -0.7489557207890009 0.6626200482157389 0
    outer loop
      vertex 7.431448254773942 -6.691306063588582 12
      vertex 7.54709580222772 -6.560590289905073 100
      vertex 7.54709580222772 -6.560590289905073 12
    endloop
  endfacet
  facet normal -0.7604059656000348 0.6494480483301791 0
    outer loop
      vertex 7.54709580222772 -6.560590289905073 12
      vertex 7.66044443118978 -6.4278760968653925 100
      vertex 7.66044443118978 -6.4278760968653925 12
    endloop
  endfacet
  facet normal -0.7716245833877183 0.636078220277766 0
    outer loop
      vertex 7.66044443118978 -6.4278760968653925 12
      vertex 7.771459614569709 -6.293203910498374 100
      vertex 7.771459614569709 -6.293203910498374 12
    endloop
  endfacet
  facet normal -0.782608156852415 0.6225146366376182 0
    outer loop
      vertex 7.771459614569709 -6.293203910498374 12
      vertex 7.880107536067219 -6.156614753256583 100
      vertex 7.880107536067219 -6.156614753256583 12
    endloop
  endfacet
  facet normal -0.7933533402912326 0.6087614290087239 0
    outer loop
      vertex 7.880107536067219 -6.156614753256583 12
      vertex 7.986355100472928 -6.018150231520483 100
      vertex 7.986355100472928 -6.018150231520483 12
    endloop
  endfacet
  facet normal -0.8038568606172157 0.5948227867513435 0
    outer loop
      vertex 7.986355100472928 -6.018150231520483 12
      vertex 8.090169943749475 -5.877852522924732 100
      vertex 8.090169943749475 -5.877852522924732 12
    endloop
  endfacet
  facet normal -0.8141155183563235 0.5807029557109338 0
    outer loop
      vertex 8.090169943749475 -5.877852522924732 12
      vertex 8.191520442889917 -5.7357643635104605 100
      vertex 8.191520442889917 -5.7357643635104605 12
    endloop
  endfacet
  facet normal -0.8241261886220157 0.5664062369248328 0
    outer loop
      vertex 8.191520442889917 -5.7357643635104605 12
      vertex 8.290375725550415 -5.591929034707469 100
      vertex 8.290375725550415 -5.591929034707469 12
    endloop
  endfacet
  facet normal -0.8338858220671632 0.5519369853120657 0
    outer loop
      vertex 8.290375725550415 -5.591929034707469 12
      vertex 8.386705679454241 -5.446390350150271 100
      vertex 8.386705679454241 -5.446390350150271 12
    endloop
  endfacet
  facet normal -0.8433914458128907 0.5372996083468159 0
    outer loop
      vertex 8.386705679454241 -5.446390350150271 12
      vertex 8.48048096156426 -5.299192642332049 100
      vertex 8.48048096156426 -5.299192642332049 12
    endloop
  endfacet
  facet normal -0.852640164354088 0.5224985647159558 0
    outer loop
      vertex 8.48048096156426 -5.299192642332049 12
      vertex 8.571673007021124 -5.150380749100542 100
      vertex 8.571673007021124 -5.150380749100542 12
    endloop
  endfacet
  facet normal -0.8616291604415298 0.5075383629606971 0
    outer loop
      vertex 8.571673007021124 -5.150380749100542 12
      vertex 8.660254037844386 -5 100
      vertex 8.660254037844386 -5 12
    endloop
  endfacet
  facet normal -0.8703556959398974 0.492423560103471 0
    outer loop
      vertex 8.660254037844386 -5 12
      vertex 8.746197071393958 -4.8480962024633705 100
      vertex 8.746197071393958 -4.8480962024633705 12
    endloop
  endfacet
  facet normal -0.8788171126619633 0.4771587602596122 0
    outer loop
      vertex 8.746197071393958 -4.8480962024633705 12
      vertex 8.82947592858927 -4.694715627858908 100
      vertex 8.82947592858927 -4.694715627858908 12
    endloop
  endfacet
  facet normal -0.8870108331782237 0.46174861323503 0
    outer loop
      vertex 8.82947592858927 -4.694715627858908 12
      vertex 8.910065241883679 -4.5399049973954675 100
      vertex 8.910065241883679 -4.5399049973954675 12
    endloop
  endfacet
  facet normal -0.894934361602025 0.44619781310980877 0
    outer loop
      vertex 8.910065241883679 -4.5399049973954675 12
      vertex 8.98794046299167 -4.383711467890774 100
      vertex 8.98794046299167 -4.383711467890774 12
    endloop
  endfacet
  facet normal -0.9025852843498623 0.4305110968082914 0
    outer loop
      vertex 8.98794046299167 -4.383711467890774 12
      vertex 9.063077870366499 -4.2261826174069945 100
      vertex 9.063077870366499 -4.2261826174069945 12
    endloop
  endfacet
  facet normal -0.9099612708765421 0.4146932426562414 0
    outer loop
      vertex 9.063077870366499 -4.2261826174069945 12
      vertex 9.135454576426008 -4.067366430758002 100
      vertex 9.135454576426008 -4.067366430758002 12
    endloop
  endfacet
  facet normal -0.9170600743851234 0.3987490689252476 0
    outer loop
      vertex 9.135454576426008 -4.067366430758002 12
      vertex 9.205048534524403 -3.907311284892738 100
      vertex 9.205048534524403 -3.907311284892738 12
    endloop
  endfacet
  facet normal -0.9238795325112864 0.38268343236509067 0
    outer loop
      vertex 9.205048534524403 -3.907311284892738 12
      vertex 9.271838545667874 -3.74606593415912 100
      vertex 9.271838545667874 -3.74606593415912 12
    endloop
  endfacet
  facet normal -0.9304175679820254 0.36650122672429525 0
    outer loop
      vertex 9.271838545667874 -3.74606593415912 12
      vertex 9.335804264972017 -3.5836794954530027 100
      vertex 9.335804264972017 -3.5836794954530027 12
    endloop
  endfacet
  facet normal -0.9366721892483948 0.35020738125947504 0
    outer loop
      vertex 9.335804264972017 -3.5836794954530027 12
      vertex 9.396926207859085 -3.420201433256687 100
      vertex 9.396926207859085 -3.420201433256687 12
    endloop
  endfacet
  facet normal -0.9426414910921794 0.3338068592337683 0
    outer loop
      vertex 9.396926207859085 -3.420201433256687 12
      vertex 9.455185755993169 -3.255681544571567 100
      vertex 9.455185755993169 -3.255681544571567 12
    endloop
  endfacet
  facet normal -0.9483236552062024 0.31730465640508276 0
    outer loop
      vertex 9.455185755993169 -3.255681544571567 12
      vertex 9.510565162951535 -3.090169943749474 100
      vertex 9.510565162951535 -3.090169943749474 12
    endloop
  endfacet
  facet normal -0.9537169507482267 0.30070579950427384 0
    outer loop
      vertex 9.510565162951535 -3.090169943749474 12
      vertex 9.563047559630354 -2.9237170472273677 100
      vertex 9.563047559630354 -2.9237170472273677 12
    endloop
  endfacet
  facet normal -0.9588197348681912 0.2840153447039291 0
    outer loop
      vertex 9.563047559630354 -2.9237170472273677 12
      vertex 9.612616959383189 -2.7563735581699915 100
      vertex 9.612616959383189 -2.7563735581699915 12
    endloop
  endfacet
  facet normal -0.9636304532086234 0.2672383760782555 0
    outer loop
      vertex 9.612616959383189 -2.7563735581699915 12
      vertex 9.659258262890683 -2.5881904510252074 100
      vertex 9.659258262890683 -2.5881904510252074 12
    endloop
  endfacet
  facet normal -0.9681476403781081 0.25038000405444044 0
    outer loop
      vertex 9.659258262890683 -2.5881904510252074 12
      vertex 9.702957262759965 -2.4192189559966772 100
      vertex 9.702957262759965 -2.4192189559966772 12
    endloop
  endfacet
  facet normal -0.972369920397677 0.2334453638559039 0
    outer loop
      vertex 9.702957262759965 -2.4192189559966772 12
      vertex 9.743700647852352 -2.24951054343865 100
      vertex 9.743700647852352 -2.24951054343865 12
    endloop
  endfacet
  facet normal -0.976296007119932 0.21643961393810854 0
    outer loop
      vertex 9.743700647852352 -2.24951054343865 12
      vertex 9.781476007338057 -2.0791169081775935 100
      vertex 9.781476007338057 -2.0791169081775935 12
    endloop
  endfacet
  facet normal -0.9799247046208305 0.19936793441719294 0
    outer loop
      vertex 9.781476007338057 -2.0791169081775935 12
      vertex 9.81627183447664 -1.908089953765448 100
      vertex 9.81627183447664 -1.908089953765448 12
    endloop
  endfacet
  facet normal -0.9832549075639554 0.1822355254921426 0
    outer loop
      vertex 9.81627183447664 -1.908089953765448 12
      vertex 9.84807753012208 -1.7364817766693033 100
      vertex 9.84807753012208 -1.7364817766693033 12
    endloop
  endfacet
  facet normal -0.9862856015372291 0.16504760586069112 0
    outer loop
      vertex 9.84807753012208 -1.7364817766693033 12
      vertex 9.876883405951379 -1.5643446504023086 100
      vertex 9.876883405951379 -1.5643446504023086 12
    endloop
  endfacet
  facet normal -0.9890158633619179 0.14780941112960327 0
    outer loop
      vertex 9.876883405951379 -1.5643446504023086 12
      vertex 9.902680687415703 -1.3917310096006543 100
      vertex 9.902680687415703 -1.3917310096006543 12
    endloop
  endfacet
  facet normal -0.9914448613738107 0.13052619222004985 0
    outer loop
      vertex 9.902680687415703 -1.3917310096006543 12
      vertex 9.92546151641322 -1.2186934340514748 100
      vertex 9.92546151641322 -1.2186934340514748 12
    endloop
  endfacet
  facet normal -0.9935718556765873 0.11320321376790833 0
    outer loop
      vertex 9.92546151641322 -1.2186934340514748 12
      vertex 9.945218953682733 -1.0452846326765348 100
      vertex 9.945218953682733 -1.0452846326765348 12
    endloop
  endfacet
  facet normal -0.9953961983671789 0.09584575252022222 0
    outer loop
      vertex 9.945218953682733 -1.0452846326765348 12
      vertex 9.961946980917455 -0.8715574274765816 100
      vertex 9.961946980917455 -0.8715574274765816 12
    endloop
  endfacet
  facet normal -0.9969173337331279 0.07845909572784648 0
    outer loop
      vertex 9.961946980917455 -0.8715574274765816 12
      vertex 9.975640502598242 -0.697564737441253 100
      vertex 9.975640502598242 -0.697564737441253 12
    endloop
  endfacet
  facet normal -0.9981347984218673 0.06104853953485362 0
    outer loop
      vertex 9.975640502598242 -0.697564737441253 12
      vertex 9.986295347545738 -0.5233595624294384 100
      vertex 9.986295347545738 -0.5233595624294384 12
    endloop
  endfacet
  facet normal -0.9990482215818578 0.0436193873653376 0
    outer loop
      vertex 9.986295347545738 -0.5233595624294384 12
      vertex 9.993908270190957 -0.3489949670250097 100
      vertex 9.993908270190957 -0.3489949670250097 12
    endloop
  endfacet
  facet normal -0.9996573249755573 0.026176948307874332 0
    outer loop
      vertex 9.993908270190957 -0.3489949670250097 12
      vertex 9.998476951563912 -0.17452406437283513 100
      vertex 9.998476951563912 -0.17452406437283513 12
    endloop
  endfacet
  facet normal -0.9999619230641713 0.008726535498374736 0
    outer loop
      vertex 9.998476951563912 -0.17452406437283513 12
      vertex 10 0 100
      vertex 10 0 12
    endloop
  endfacet
  facet normal -0.008726535498374736 0.9999619230641713 0
    outer loop
      vertex 0 -10 12
      vertex 0 -10 100
      vertex 0.17452406437283513 -9.998476951563912 100
    endloop
  endfacet
  facet normal -0.026176948307874332 0.9996573249755573 0
    outer loop
      vertex 0.17452406437283513 -9.998476951563912 12
      vertex 0.17452406437283513 -9.998476951563912 100
      vertex 0.3489949670250097 -9.993908270190957 100
    endloop
  endfacet
  facet normal -0.0436193873653376 0.9990482215818578 0
    outer loop
      vertex 0.3489949670250097 -9.993908270190957 12
      vertex 0.3489949670250097 -9.993908270190957 100
      vertex 0.5233595624294384 -9.986295347545738 100
    endloop
  endfacet
  facet normal -0.06104853953485362 0.9981347984218673 0
    outer loop
      vertex 0.5233595624294384 -9.986295347545738 12
      vertex 0.5233595624294384 -9.986295347545738 100
      vertex 0.697564737441253 -9.975640502598242 100
    endloop
  endfacet
  facet normal -0.07845909572784648 0.9969173337331279 0
    outer loop
      vertex 0.697564737441253 -9.975640502598242 12
      vertex 0.697564737441253 -9.975640502598242 100
      vertex 0.8715574274765816 -9.961946980917455 100
    endloop
  endfacet
  facet normal -0.09584575252022222 0.9953961983671789 0
    outer loop
      vertex 0.8715574274765816 -9.961946980917455 12
      vertex 0.8715574274765816 -9.961946980917455 100
      vertex 1.0452846326765348 -9.945218953682733 100
    endloop
  endfacet
  facet normal -0.11320321376790833 0.9935718556765873 0
    outer loop
      vertex 1.0452846326765348 -9.945218953682733 12
      vertex 1.0452846326765348 -9.945218953682733 100
      vertex 1.2186934340514748 -9.92546151641322 100
    endloop
  endfacet
  facet normal -0.13052619222004985 0.9914448613738107 0
    outer loop
      vertex 1.2186934340514748 -9.92546151641322 12
      vertex 1.2186934340514748 -9.92546151641322 100
      vertex 1.3917310096006543 -9.902680687415703 100
    endloop
  endfacet
  facet normal -0.14780941112960327 0.9890158633619179 0
    outer loop
      vertex 1.3917310096006543 -9.902680687415703 12
      vertex 1.3917310096006543 -9.902680687415703 100
      vertex 1.5643446504023086 -9.876883405951379 100
    endloop
  endfacet
  facet normal -0.16504760586069112 0.9862856015372291 0
    outer loop
      vertex 1.5643446504023086 -9.876883405951379 12
      vertex 1.5643446504023086 -9.876883405951379 100
      vertex 1.7364817766693033 -9.84807753012208 100
    endloop
  endfacet
  facet normal -0.1822355254921426 0.9832549075639554 0
    outer loop
      vertex 1.7364817766693033 -9.84807753012208 12
      vertex 1.7364817766693033 -9.84807753012208 100
      vertex 1.908089953765448 -9.81627183447664 100
    endloop
  endfacet
  facet normal -0.19936793441719294 0.9799247046208305 0
    outer loop
      vertex 1.908089953765448 -9.81627183447664 12
      vertex 1.908089953765448 -9.81627183447664 100
      vertex 2.0791169081775935 -9.781476007338057 100
    endloop
  endfacet
  facet normal -0.21643961393810854 0.976296007119932 0
    outer loop
      vertex 2.0791169081775935 -9.781476007338057 12
      vertex 2.0791169081775935 -9.781476007338057 100
      vertex 2.24951054343865 -9.743700647852352 100
    endloop
  endfacet
  facet normal -0.2334453638559039 0.972369920397677 0
    outer loop
      vertex 2.24951054343865 -9.743700647852352 12
      vertex 2.24951054343865 -9.743700647852352 100
      vertex 2.4192189559966772 -9.702957262759965 100
    endloop
  endfacet
  facet normal -0.25038000405444044 0.9681476403781081 0
    outer loop
      vertex 2.4192189559966772 -9.702957262759965 12
      vertex 2.4192189559966772 -9.702957262759965 100
      vertex 2.5881904510252074 -9.659258262890683 100
    endloop
  endfacet
  facet normal -0.2672383760782555 0.9636304532086234 0
    outer loop
      vertex 2.5881904510252074 -9.659258262890683 12
      vertex 2.5881904510252074 -9.659258262890683 100
      vertex 2.7563735581699915 -9.612616959383189 100
    endloop
  endfacet
  facet normal -0.2840153447039291 0.9588197348681912 0
    outer loop
      vertex 2.7563735581699915 -9.612616959383189 12
      vertex 2.7563735581699915 -9.612616959383189 100
      vertex 2.9237170472273677 -9.563047559630354 100
    endloop
  endfacet
  facet normal -0.30070579950427384 0.9537169507482267 0
    outer loop
      vertex 2.9237170472273677 -9.563047559630354 12
      vertex 2.9237170472273677 -9.563047559630354 100
      vertex 3.090169943749474 -9.510565162951535 100
    endloop
  endfacet
  facet normal -0.31730465640508276 0.9483236552062024 0
    outer loop
      vertex 3.090169943749474 -9.510565162951535 12
      vertex 3.090169943749474 -9.510565162951535 100
      vertex 3.255681544571567 -9.455185755993169 100
    endloop
  endfacet
  facet normal -0.3338068592337683 0.9426414910921794 0
    outer loop
      vertex 3.255681544571567 -9.455185755993169 12
      vertex 3.255681544571567 -9.455185755993169 100
      vertex 3.420201433256687 -9.396926207859085 100
    endloop
  endfacet
  facet normal -0.35020738125947504 0.9366721892483948 0
    outer loop
      vertex 3.420201433256687 -9.396926207859085 12
      vertex 3.420201433256687 -9.396926207859085 100
      vertex 3.5836794954530027 -9.335804264972017 100
    endloop
  endfacet
  facet normal -0.36650122672429525 0.9304175679820254 0
    outer loop
      vertex 3.5836794954530027 -9.335804264972017 12
      vertex 3.5836794954530027 -9.335804264972017 100
      vertex 3.74606593415912 -9.271838545667874 100
    endloop
  endfacet
  facet normal -0.38268343236509067 0.9238795325112864 0
    outer loop
      vertex 3.74606593415912 -9.271838545667874 12
      vertex 3.74606593415912 -9.271838545667874 100
      vertex 3.907311284892738 -9.205048534524403 100
    endloop
  endfacet
  facet normal -0.3987490689252476 0.9170600743851234 0
    outer loop
      vertex 3.907311284892738 -9.205048534524403 12
      vertex 3.907311284892738 -9.205048534524403 100
      vertex 4.067366430758002 -9.135454576426008 100
    endloop
  endfacet
  facet normal -0.4146932426562414 0.9099612708765421 0
    outer loop
      vertex 4.067366430758002 -9.135454576426008 12
      vertex 4.067366430758002 -9.135454576426008 100
      vertex 4.2261826174069945 -9.063077870366499 100
    endloop
  endfacet
  facet normal -0.4305110968082914 0.9025852843498623 0
    outer loop
      vertex 4.2261826174069945 -9.063077870366499 12
      vertex 4.2261826174069945 -9.063077870366499 100
      vertex 4.383711467890774 -8.98794046299167 100
    endloop
  endfacet
  facet normal -0.44619781310980877 0.894934361602025 0
    outer loop
      vertex 4.383711467890774 -8.98794046299167 12
      vertex 4.383711467890774 -8.98794046299167 100
      vertex 4.5399049973954675 -8.910065241883679 100
    endloop
  endfacet
  facet normal -0.46174861323503 0.8870108331782237 0
    outer loop
      vertex 4.5399049973954675 -8.910065241883679 12
      vertex 4.5399049973954675 -8.910065241883679 100
      vertex 4.694715627858908 -8.82947592858927 100
    endloop
  endfacet
  facet normal -0.4771587602596122 0.8788171126619633 0
    outer loop
      vertex 4.694715627858908 -8.82947592858927 12
      vertex 4.694715627858908 -8.82947592858927 100
      vertex 4.8480962024633705 -8.746197071393958 100
    endloop
  endfacet
  facet normal -0.492423560103471 0.8703556959398974 0
    outer loop
      vertex 4.8480962024633705 -8.746197071393958 12
      vertex 4.8480962024633705 -8.746197071393958 100
      vertex 5 -8.660254037844386 100
    endloop
  endfacet
  facet normal -0.5075383629606971 0.8616291604415298 0
    outer loop
      vertex 5 -8.660254037844386 12
      vertex 5 -8.660254037844386 100
      vertex 5.150380749100542 -8.571673007021124 100
    endloop
  endfacet
  facet normal -0.5224985647159558 0.852640164354088 0
    outer loop
      vertex 5.150380749100542 -8.571673007021124 12
      vertex 5.150380749100542 -8.571673007021124 100
      vertex 5.299192642332049 -8.48048096156426 100
    endloop
  endfacet
  facet normal -0.5372996083468159 0.8433914458128907 0
    outer loop
      vertex 5.299192642332049 -8.48048096156426 12
      vertex 5.299192642332049 -8.48048096156426 100
      vertex 5.446390350150271 -8.386705679454241 100
    endloop
  endfacet
  facet normal -0.5519369853120657 0.8338858220671632 0
    outer loop
      vertex 5.446390350150271 -8.386705679454241 12
      vertex 5.446390350150271 -8.386705679454241 100
      vertex 5.591929034707469 -8.290375725550415 100
    endloop
  endfacet
  facet normal -0.5664062369248328 0.8241261886220157 0
    outer loop
      vertex 5.591929034707469 -8.290375725550415 12
      vertex 5.591929034707469 -8.290375725550415 100
      vertex 5.7357643635104605 -8.191520442889917 100
    endloop
  endfacet
  facet normal -0.5807029557109338 0.8141155183563235 0
    outer loop
      vertex 5.7357643635104605 -8.191520442889917 12
      vertex 5.7357643635104605 -8.191520442889917 100
      vertex 5.877852522924732 -8.090169943749475 100
    endloop
  endfacet
  facet normal -0.5948227867513435 0.8038568606172157 0
    outer loop
      vertex 5.877852522924732 -8.090169943749475 12
      vertex 5.877852522924732 -8.090169943749475 100
      vertex 6.018150231520483 -7.986355100472928 100
    endloop
  endfacet
  facet normal -0.6087614290087239 0.7933533402912326 0
    outer loop
      vertex 6.018150231520483 -7.986355100472928 12
      vertex 6.018150231520483 -7.986355100472928 100
      vertex 6.156614753256583 -7.880107536067219 100
    endloop
  endfacet
  facet normal -0.6225146366376182 0.782608156852415 0
    outer loop
      vertex 6.156614753256583 -7.880107536067219 12
      vertex 6.156614753256583 -7.880107536067219 100
      vertex 6.293203910498374 -7.771459614569709 100
    endloop
  endfacet
  facet normal -0.636078220277766 0.7716245833877183 0
    outer loop
      vertex 6.293203910498374 -7.771459614569709 12
      vertex 6.293203910498374 -7.771459614569709 100
      vertex 6.4278760968653925 -7.66044443118978 100
    endloop
  endfacet
  facet normal -0.6494480483301791 0.7604059656000348 0
    outer loop
      vertex 6.4278760968653925 -7.66044443118978 12
      vertex 6.4278760968653925 -7.66044443118978 100
      vertex 6.560590289905073 -7.54709580222772 100
    endloop
  endfacet
  facet normal -0.6626200482157389 0.7489557207890009 0
    outer loop
      vertex 6.560590289905073 -7.54709580222772 12
      vertex 6.560590289905073 -7.54709580222772 100
      vertex 6.691306063588582 -7.431448254773942 100
    endloop
  endfacet
  facet normal -0.6755902076156619 0.7372773368101224 0
    outer loop
      vertex 6.691306063588582 -7.431448254773942 12
      vertex 6.691306063588582 -7.431448254773942 100
      vertex 6.819983600624985 -7.313537016191704 100
    endloop
  endfacet
  facet normal -0.6883545756937519 0.7253743710122896 0
    outer loop
      vertex 6.819983600624985 -7.313537016191704 12
      vertex 6.819983600624985 -7.313537016191704 100
      vertex 6.9465837045899725 -7.193398003386512 100
    endloop
  endfacet
  facet normal -0.7009092642998493 0.7132504491541831 0
    outer loop
      vertex 6.9465837045899725 -7.193398003386512 12
      vertex 6.9465837045899725 -7.193398003386512 100
      vertex 7.0710678118654755 -7.0710678118654755 100
    endloop
  endfacet
  facet normal -0.7132504491541831 0.7009092642998493 0
    outer loop
      vertex 7.0710678118654755 -7.0710678118654755 12
      vertex 7.0710678118654755 -7.0710678118654755 100
      vertex 7.193398003386512 -6.9465837045899725 100
    endloop
  endfacet
  facet normal -0.7253743710122896 0.6883545756937519 0
    outer loop
      vertex 7.193398003386512 -6.9465837045899725 12
      vertex 7.193398003386512 -6.9465837045899725 100
      vertex 7.313537016191704 -6.819983600624985 100
    endloop
  endfacet
  facet normal -0.7372773368101224 0.6755902076156619 0
    outer loop
      vertex 7.313537016191704 -6.819983600624985 12
      vertex 7.313537016191704 -6.819983600624985 100
      vertex 7.431448254773942 -6.691306063588582 100
    endloop
  endfacet
  facet normal -0.7489557207890009 0.6626200482157389 0
    outer loop
      vertex 7.431448254773942 -6.691306063588582 12
      vertex 7.431448254773942 -6.691306063588582 100
      vertex 7.54709580222772 -6.560590289905073 100
    endloop
  endfacet
  facet normal -0.7604059656000348 0.6494480483301791 0
    outer loop
      vertex 7.54709580222772 -6.560590289905073 12
      vertex 7.54709580222772 -6.560590289905073 100
      vertex 7.66044443118978 -6.4278760968653925 100
    endloop
  endfacet
  facet normal -0.7716245833877183 0.636078220277766 0
    outer loop
      vertex 7.66044443118978 -6.4278760968653925 12
      vertex 7.66044443118978 -6.4278760968653925 100
      vertex 7.771459614569709 -6.293203910498374 100
    endloop
  endfacet
  facet normal -0.782608156852415 0.6225146366376182 0
    outer loop
      vertex 7.771459614569709 -6.293203910498374 12
      vertex 7.771459614569709 -6.293203910498374 100
      vertex 7.880107536067219 -6.156614753256583 100
    endloop
  endfacet
  facet normal -0.7933533402912326 0.6087614290087239 0
    outer loop
      vertex 7.880107536067219 -6.156614753256583 12
      vertex 7.880107536067219 -6.156614753256583 100
      vertex 7.986355100472928 -6.018150231520483 100
    endloop
  endfacet
  facet normal -0.8038568606172157 0.5948227867513435 0
    outer loop
      vertex 7.986355100472928 -6.018150231520483 12
      vertex 7.986355100472928 -6.018150231520483 100
      vertex 8.090169943749475 -5.877852522924732 100
    endloop
  endfacet
  facet normal -0.8141155183563235 0.5807029557109338 0
    outer loop
      vertex 8.090169943749475 -5.877852522924732 12
      vertex 8.090169943749475 -5.877852522924732 100
      vertex 8.191520442889917 -5.7357643635104605 100
    endloop
  endfacet
  facet normal -0.8241261886220157 0.5664062369248328 0
    outer loop
      vertex 8.191520442889917 -5.7357643635104605 12
      vertex 8.191520442889917 -5.7357643635104605 100
      vertex 8.290375725550415 -5.591929034707469 100
    endloop
  endfacet
  facet normal -0.8338858220671632 0.5519369853120657 0
    outer loop
      vertex 8.290375725550415 -5.591929034707469 12
      vertex 8.290375725550415 -5.591929034707469 100
      vertex 8.386705679454241 -5.446390350150271 100
    endloop
  endfacet
  facet normal -0.8433914458128907 0.5372996083468159 0
    outer loop
      vertex 8.386705679454241 -5.446390350150271 12
      vertex 8.386705679454241 -5.446390350150271 100
      vertex 8.48048096156426 -5.299192642332049 100
    endloop
  endfacet
  facet normal -0.852640164354088 0.5224985647159558 0
    outer loop
      vertex 8.48048096156426 -5.299192642332049 12
      vertex 8.48048096156426 -5.299192642332049 100
      vertex 8.571673007021124 -5.150380749100542 100
    endloop
  endfacet
  facet normal -0.8616291604415298 0.5075383629606971 0
    outer loop
      vertex 8.571673007021124 -5.150380749100542 12
      vertex 8.571673007021124 -5.150380749100542 100
      vertex 8.660254037844386 -5 100
    endloop
  endfacet
  facet normal -0.8703556959398974 0.492423560103471 0
    outer loop
      vertex 8.660254037844386 -5 12
      vertex 8.660254037844386 -5 100
      vertex 8.746197071393958 -4.8480962024633705 100
    endloop
  endfacet
  facet normal -0.8788171126619633 0.4771587602596122 0
    outer loop
      vertex 8.746197071393958 -4.8480962024633705 12
      vertex 8.746197071393958 -4.8480962024633705 100
      vertex 8.82947592858927 -4.694715627858908 100
    endloop
  endfacet
  facet normal -0.8870108331782237 0.46174861323503 0
    outer loop
      vertex 8.82947592858927 -4.694715627858908 12
      vertex 8.82947592858927 -4.694715627858908 100
      vertex 8.910065241883679 -4.5399049973954675 100
    endloop
  endfacet
  facet normal -0.894934361602025 0.44619781310980877 0
    outer loop
      vertex 8.910065241883679 -4.5399049973954675 12
      vertex 8.910065241883679 -4.5399049973954675 100
      vertex 8.98794046299167 -4.383711467890774 100
    endloop
  endfacet
  facet normal -0.9025852843498623 0.4305110968082914 0
    outer loop
      vertex 8.98794046299167 -4.383711467890774 12
      vertex 8.98794046299167 -4.383711467890774 100
      vertex 9.063077870366499 -4.2261826174069945 100
    endloop
  endfacet
  facet normal -0.9099612708765421 0.4146932426562414 0
    outer loop
      vertex 9.063077870366499 -4.2261826174069945 12
      vertex 9.063077870366499 -4.2261826174069945 100
      vertex 9.135454576426008 -4.067366430758002 100
    endloop
  endfacet
  facet normal -0.9170600743851234 0.3987490689252476 0
    outer loop
      vertex 9.135454576426008 -4.067366430758002 12
      vertex 9.135454576426008 -4.067366430758002 100
      vertex 9.205048534524403 -3.907311284892738 100
    endloop
  endfacet
  facet normal -0.9238795325112864 0.38268343236509067 0
    outer loop
      vertex 9.205048534524403 -3.907311284892738 12
      vertex 9.205048534524403 -3.907311284892738 100
      vertex 9.271838545667874 -3.74606593415912 100
    endloop
  endfacet
  facet normal -0.9304175679820254 0.36650122672429525 0
    outer loop
      vertex 9.271838545667874 -3.74606593415912 12
      vertex 9.271838545667874 -3.74606593415912 100
      vertex 9.335804264972017 -3.5836794954530027 100
    endloop
  endfacet
  facet normal -0.9366721892483948 0.35020738125947504 0
    outer loop
      vertex 9.335804264972017 -3.5836794954530027 12
      vertex 9.335804264972017 -3.5836794954530027 100
      vertex 9.396926207859085 -3.420201433256687 100
    endloop
  endfacet
  facet normal -0.9426414910921794 0.3338068592337683 0
    outer loop
      vertex 9.396926207859085 -3.420201433256687 12
      vertex 9.396926207859085 -3.420201433256687 100
      vertex 9.455185755993169 -3.255681544571567 100
    endloop
  endfacet
  facet normal -0.9483236552062024 0.31730465640508276 0
    outer loop
      vertex 9.455185755993169 -3.255681544571567 12
      vertex 9.455185755993169 -3.255681544571567 100
      vertex 9.510565162951535 -3.090169943749474 100
    endloop
  endfacet
  facet normal -0.9537169507482267 0.30070579950427384 0
    outer loop
      vertex 9.510565162951535 -3.090169943749474 12
      vertex 9.510565162951535 -3.090169943749474 100
      vertex 9.563047559630354 -2.9237170472273677 100
    endloop
  endfacet
  facet normal -0.9588197348681912 0.2840153447039291 0
    outer loop
      vertex 9.563047559630354 -2.9237170472273677 12
      vertex 9.563047559630354 -2.9237170472273677 100
      vertex 9.612616959383189 -2.7563735581699915 100
    endloop
  endfacet
  facet normal -0.9636304532086234 0.2672383760782555 0
    outer loop
      vertex 9.612616959383189 -2.7563735581699915 12
      vertex 9.612616959383189 -2.7563735581699915 100
      vertex 9.659258262890683 -2.5881904510252074 100
    endloop
  endfacet
  facet normal -0.9681476403781081 0.25038000405444044 0
    outer loop
      vertex 9.659258262890683 -2.5881904510252074 12
      vertex 9.659258262890683 -2.5881904510252074 100
      vertex 9.702957262759965 -2.4192189559966772 100
    endloop
  endfacet
  facet normal -0.972369920397677 0.2334453638559039 0
    outer loop
      vertex 9.702957262759965 -2.4192189559966772 12
      vertex 9.702957262759965 -2.4192189559966772 100
      vertex 9.743700647852352 -2.24951054343865 100
    endloop
  endfacet
  facet normal -0.976296007119932 0.21643961393810854 0
    outer loop
      vertex 9.743700647852352 -2.24951054343865 12
      vertex 9.743700647852352 -2.24951054343865 100
      vertex 9.781476007338057 -2.0791169081775935 100
    endloop
  endfacet
  facet normal -0.9799247046208305 0.19936793441719294 0
    outer loop
      vertex 9.781476007338057 -2.0791169081775935 12
      vertex 9.781476007338057 -2.0791169081775935 100
      vertex 9.81627183447664 -1.908089953765448 100
    endloop
  endfacet
  facet normal -0.9832549075639554 0.1822355254921426 0
    outer loop
      vertex 9.81627183447664 -1.908089953765448 12
      vertex 9.81627183447664 -1.908089953765448 100
      vertex 9.84807753012208 -1.7364817766693033 100
    endloop
  endfacet
  facet normal -0.9862856015372291 0.16504760586069112 0
    outer loop
      vertex 9.84807753012208 -1.7364817766693033 12
      vertex 9.84807753012208 -1.7364817766693033 100
      vertex 9.876883405951379 -1.5643446504023086 100
    endloop
  endfacet
  facet normal -0.9890158633619179 0.14780941112960327 0
    outer loop
      vertex 9.876883405951379 -1.5643446504023086 12
      vertex 9.876883405951379 -1.5643446504023086 100
      vertex 9.902680687415703 -1.3917310096006543 100
    endloop
  endfacet
  facet normal -0.9914448613738107 0.13052619222004985 0
    outer loop
      vertex 9.902680687415703 -1.3917310096006543 12
      vertex 9.902680687415703 -1.3917310096006543 100
      vertex 9.92546151641322 -1.2186934340514748 100
    endloop
  endfacet
  facet normal -0.9935718556765873 0.11320321376790833 0
    outer loop
      vertex 9.92546151641322 -1.2186934340514748 12
      vertex 9.92546151641322 -1.2186934340514748 100
      vertex 9.945218953682733 -1.0452846326765348 100
    endloop
  endfacet
  facet normal -0.9953961983671789 0.09584575252022222 0
    outer loop
      vertex 9.945218953682733 -1.0452846326765348 12
      vertex 9.945218953682733 -1.0452846326765348 100
      vertex 9.961946980917455 -0.8715574274765816 100
    endloop
  endfacet
  facet normal -0.9969173337331279 0.07845909572784648 0
    outer loop
      vertex 9.961946980917455 -0.8715574274765816 12
      vertex 9.961946980917455 -0.8715574274765816 100
      vertex 9.975640502598242 -0.697564737441253 100
    endloop
  endfacet
  facet normal -0.9981347984218673 0.06104853953485362 0
    outer loop
      vertex 9.975640502598242 -0.697564737441253 12
      vertex 9.975640502598242 -0.697564737441253 100
      vertex 9.986295347545738 -0.5233595624294384 100
    endloop
  endfacet
  facet normal -0.9990482215818578 0.0436193873653376 0
    outer loop
      vertex 9.986295347545738 -0.5233595624294384 12
      vertex 9.986295347545738 -0.5233595624294384 100
      vertex 9.993908270190957 -0.3489949670250097 100
    endloop
  endfacet
  facet normal -0.9996573249755573 0.026176948307874332 0
    outer loop
      vertex 9.993908270190957 -0.3489949670250097 12
      vertex 9.993908270190957 -0.3489949670250097 100
      vertex 9.998476951563912 -0.17452406437283513 100
    endloop
  endfacet
  facet normal -0.9999619230641713 0.008726535498374736 0
    outer loop
      vertex 9.998476951563912 -0.17452406437283513 12
      vertex 9.998476951563912 -0.17452406437283513 100
      vertex 10 0 100
    endloop
  endfacet
  facet normal -0.636078220277766 -0.7716245833877183 0
    outer loop
      vertex 6.4278760968653925 7.66044443118978 12
      vertex 6.293203910498374 7.771459614569709 100
      vertex 6.293203910498374 7.771459614569709 12
    endloop
  endfacet
  facet normal -0.6626200482157389 -0.7489557207890009 0
    outer loop
      vertex 6.560590289905073 7.54709580222772 12
      vertex 6.691306063588582 7.431448254773942 12
      vertex 6.560590289905073 7.54709580222772 100
    endloop
  endfacet
  facet normal -0.6755902076156619 -0.7372773368101224 0
    outer loop
      vertex 6.819983600624985 7.313537016191704 12
      vertex 6.691306063588582 7.431448254773942 100
      vertex 6.691306063588582 7.431448254773942 12
    endloop
  endfacet
  facet normal -0.6494480483301791 -0.7604059656000348 0
    outer loop
      vertex 6.560590289905073 7.54709580222772 12
      vertex 6.4278760968653925 7.66044443118978 100
      vertex 6.4278760968653925 7.66044443118978 12
    endloop
  endfacet
  facet normal -0.894934361602025 -0.44619781310980877 0
    outer loop
      vertex 8.98794046299167 4.383711467890774 12
      vertex 8.910065241883679 4.5399049973954675 100
      vertex 8.910065241883679 4.5399049973954675 12
    endloop
  endfacet
  facet normal -0.8870108331782237 -0.46174861323503 0
    outer loop
      vertex 8.82947592858927 4.694715627858908 12
      vertex 8.910065241883679 4.5399049973954675 12
      vertex 8.82947592858927 4.694715627858908 100
    endloop
  endfacet
  facet normal -0.8788171126619633 -0.4771587602596122 0
    outer loop
      vertex 8.82947592858927 4.694715627858908 12
      vertex 8.746197071393958 4.8480962024633705 100
      vertex 8.746197071393958 4.8480962024633705 12
    endloop
  endfacet
  facet normal -0.8141155183563235 -0.5807029557109338 0
    outer loop
      vertex 8.191520442889917 5.7357643635104605 12
      vertex 8.090169943749475 5.877852522924732 100
      vertex 8.090169943749475 5.877852522924732 12
    endloop
  endfacet
  facet normal -0.8433914458128907 -0.5372996083468159 0
    outer loop
      vertex 8.48048096156426 5.299192642332049 12
      vertex 8.386705679454241 5.446390350150271 100
      vertex 8.386705679454241 5.446390350150271 12
    endloop
  endfacet
  facet normal -0.8338858220671632 -0.5519369853120657 0
    outer loop
      vertex 8.386705679454241 5.446390350150271 12
      vertex 8.290375725550415 5.591929034707469 100
      vertex 8.290375725550415 5.591929034707469 12
    endloop
  endfacet
  facet normal -0.8241261886220157 -0.5664062369248328 0
    outer loop
      vertex 8.191520442889917 5.7357643635104605 12
      vertex 8.290375725550415 5.591929034707469 12
      vertex 8.191520442889917 5.7357643635104605 100
    endloop
  endfacet
  facet normal -0.8703556959398974 -0.492423560103471 0
    outer loop
      vertex 8.746197071393958 4.8480962024633705 12
      vertex 8.660254037844386 5 100
      vertex 8.660254037844386 5 12
    endloop
  endfacet
  facet normal -0.8616291604415298 -0.5075383629606971 0
    outer loop
      vertex 8.660254037844386 5 12
      vertex 8.571673007021124 5.150380749100542 100
      vertex 8.571673007021124 5.150380749100542 12
    endloop
  endfacet
  facet normal -0.852640164354088 -0.5224985647159558 0
    outer loop
      vertex 8.48048096156426 5.299192642332049 12
      vertex 8.571673007021124 5.150380749100542 12
      vertex 8.48048096156426 5.299192642332049 100
    endloop
  endfacet
  facet normal -0.782608156852415 -0.6225146366376182 0
    outer loop
      vertex 7.880107536067219 6.156614753256583 12
      vertex 7.771459614569709 6.293203910498374 100
      vertex 7.771459614569709 6.293203910498374 12
    endloop
  endfacet
  facet normal -0.7604059656000348 -0.6494480483301791 0
    outer loop
      vertex 7.54709580222772 6.560590289905073 12
      vertex 7.66044443118978 6.4278760968653925 12
      vertex 7.54709580222772 6.560590289905073 100
    endloop
  endfacet
  facet normal -0.7372773368101224 -0.6755902076156619 0
    outer loop
      vertex 7.431448254773942 6.691306063588582 12
      vertex 7.313537016191704 6.819983600624985 100
      vertex 7.313537016191704 6.819983600624985 12
    endloop
  endfacet
  facet normal -0.7489557207890009 -0.6626200482157389 0
    outer loop
      vertex 7.54709580222772 6.560590289905073 12
      vertex 7.431448254773942 6.691306063588582 100
      vertex 7.431448254773942 6.691306063588582 12
    endloop
  endfacet
  facet normal -0.7716245833877183 -0.636078220277766 0
    outer loop
      vertex 7.771459614569709 6.293203910498374 12
      vertex 7.66044443118978 6.4278760968653925 100
      vertex 7.66044443118978 6.4278760968653925 12
    endloop
  endfacet
  facet normal -0.6883545756937519 -0.7253743710122896 0
    outer loop
      vertex 6.819983600624985 7.313537016191704 12
      vertex 6.9465837045899725 7.193398003386512 12
      vertex 6.819983600624985 7.313537016191704 100
    endloop
  endfacet
  facet normal -0.7009092642998493 -0.7132504491541831 0
    outer loop
      vertex 7.0710678118654755 7.0710678118654755 12
      vertex 6.9465837045899725 7.193398003386512 100
      vertex 6.9465837045899725 7.193398003386512 12
    endloop
  endfacet
  facet normal -0.7132504491541831 -0.7009092642998493 0
    outer loop
      vertex 7.193398003386512 6.9465837045899725 12
      vertex 7.0710678118654755 7.0710678118654755 100
      vertex 7.0710678118654755 7.0710678118654755 12
    endloop
  endfacet
  facet normal -0.7253743710122896 -0.6883545756937519 0
    outer loop
      vertex 7.193398003386512 6.9465837045899725 12
      vertex 7.313537016191704 6.819983600624985 12
      vertex 7.193398003386512 6.9465837045899725 100
    endloop
  endfacet
  facet normal -0.8038568606172157 -0.5948227867513435 0
    outer loop
      vertex 8.090169943749475 5.877852522924732 12
      vertex 7.986355100472928 6.018150231520483 100
      vertex 7.986355100472928 6.018150231520483 12
    endloop
  endfacet
  facet normal -0.7933533402912326 -0.6087614290087239 0
    outer loop
      vertex 7.880107536067219 6.156614753256583 12
      vertex 7.986355100472928 6.018150231520483 12
      vertex 7.880107536067219 6.156614753256583 100
    endloop
  endfacet
  facet normal -0.008726535498374736 -0.9999619230641713 0
    outer loop
      vertex 0 10 12
      vertex 0.17452406437283513 9.998476951563912 12
      vertex 0 10 100
    endloop
  endfacet
  facet normal -0.026176948307874332 -0.9996573249755573 0
    outer loop
      vertex 0.17452406437283513 9.998476951563912 12
      vertex 0.3489949670250097 9.993908270190957 12
      vertex 0.17452406437283513 9.998476951563912 100
    endloop
  endfacet
  facet normal -0.0436193873653376 -0.9990482215818578 0
    outer loop
      vertex 0.3489949670250097 9.993908270190957 12
      vertex 0.5233595624294384 9.986295347545738 12
      vertex 0.3489949670250097 9.993908270190957 100
    endloop
  endfacet
  facet normal -0.06104853953485362 -0.9981347984218673 0
    outer loop
      vertex 0.5233595624294384 9.986295347545738 12
      vertex 0.697564737441253 9.975640502598242 12
      vertex 0.5233595624294384 9.986295347545738 100
    endloop
  endfacet
  facet normal -0.07845909572784648 -0.9969173337331279 0
    outer loop
      vertex 0.697564737441253 9.975640502598242 12
      vertex 0.8715574274765816 9.961946980917455 12
      vertex 0.697564737441253 9.975640502598242 100
    endloop
  endfacet
  facet normal -0.09584575252022222 -0.9953961983671789 0
    outer loop
      vertex 0.8715574274765816 9.961946980917455 12
      vertex 1.0452846326765348 9.945218953682733 12
      vertex 0.8715574274765816 9.961946980917455 100
    endloop
  endfacet
  facet normal -0.11320321376790833 -0.9935718556765873 0
    outer loop
      vertex 1.0452846326765348 9.945218953682733 12
      vertex 1.2186934340514748 9.92546151641322 12
      vertex 1.0452846326765348 9.945218953682733 100
    endloop
  endfacet
  facet normal -0.13052619222004985 -0.9914448613738107 0
    outer loop
      vertex 1.2186934340514748 9.92546151641322 12
      vertex 1.3917310096006543 9.902680687415703 12
      vertex 1.2186934340514748 9.92546151641322 100
    endloop
  endfacet
  facet normal -0.14780941112960327 -0.9890158633619179 0
    outer loop
      vertex 1.3917310096006543 9.902680687415703 12
      vertex 1.5643446504023086 9.876883405951379 12
      vertex 1.3917310096006543 9.902680687415703 100
    endloop
  endfacet
  facet normal -0.16504760586069112 -0.9862856015372291 0
    outer loop
      vertex 1.5643446504023086 9.876883405951379 12
      vertex 1.7364817766693033 9.84807753012208 12
      vertex 1.5643446504023086 9.876883405951379 100
    endloop
  endfacet
  facet normal -0.1822355254921426 -0.9832549075639554 0
    outer loop
      vertex 1.7364817766693033 9.84807753012208 12
      vertex 1.908089953765448 9.81627183447664 12
      vertex 1.7364817766693033 9.84807753012208 100
    endloop
  endfacet
  facet normal -0.19936793441719294 -0.9799247046208305 0
    outer loop
      vertex 1.908089953765448 9.81627183447664 12
      vertex 2.0791169081775935 9.781476007338057 12
      vertex 1.908089953765448 9.81627183447664 100
    endloop
  endfacet
  facet normal -0.21643961393810854 -0.976296007119932 0
    outer loop
      vertex 2.0791169081775935 9.781476007338057 12
      vertex 2.24951054343865 9.743700647852352 12
      vertex 2.0791169081775935 9.781476007338057 100
    endloop
  endfacet
  facet normal -0.2334453638559039 -0.972369920397677 0
    outer loop
      vertex 2.4192189559966772 9.702957262759965 12
      vertex 2.24951054343865 9.743700647852352 100
      vertex 2.24951054343865 9.743700647852352 12
    endloop
  endfacet
  facet normal -0.25038000405444044 -0.9681476403781081 0
    outer loop
      vertex 2.4192189559966772 9.702957262759965 12
      vertex 2.5881904510252074 9.659258262890683 12
      vertex 2.4192189559966772 9.702957262759965 100
    endloop
  endfacet
  facet normal -0.2672383760782555 -0.9636304532086234 0
    outer loop
      vertex 2.5881904510252074 9.659258262890683 12
      vertex 2.7563735581699915 9.612616959383189 12
      vertex 2.5881904510252074 9.659258262890683 100
    endloop
  endfacet
  facet normal -0.2840153447039291 -0.9588197348681912 0
    outer loop
      vertex 2.7563735581699915 9.612616959383189 12
      vertex 2.9237170472273677 9.563047559630354 12
      vertex 2.7563735581699915 9.612616959383189 100
    endloop
  endfacet
  facet normal -0.30070579950427384 -0.9537169507482267 0
    outer loop
      vertex 2.9237170472273677 9.563047559630354 12
      vertex 3.090169943749474 9.510565162951535 12
      vertex 2.9237170472273677 9.563047559630354 100
    endloop
  endfacet
  facet normal -0.31730465640508276 -0.9483236552062024 0
    outer loop
      vertex 3.090169943749474 9.510565162951535 12
      vertex 3.255681544571567 9.455185755993169 12
      vertex 3.090169943749474 9.510565162951535 100
    endloop
  endfacet
  facet normal -0.3338068592337683 -0.9426414910921794 0
    outer loop
      vertex 3.255681544571567 9.455185755993169 12
      vertex 3.420201433256687 9.396926207859085 12
      vertex 3.255681544571567 9.455185755993169 100
    endloop
  endfacet
  facet normal -0.38268343236509067 -0.9238795325112864 0
    outer loop
      vertex 3.74606593415912 9.271838545667874 12
      vertex 3.907311284892738 9.205048534524403 12
      vertex 3.74606593415912 9.271838545667874 100
    endloop
  endfacet
  facet normal -0.35020738125947504 -0.9366721892483948 0
    outer loop
      vertex 3.420201433256687 9.396926207859085 12
      vertex 3.5836794954530027 9.335804264972017 12
      vertex 3.420201433256687 9.396926207859085 100
    endloop
  endfacet
  facet normal -0.36650122672429525 -0.9304175679820254 0
    outer loop
      vertex 3.5836794954530027 9.335804264972017 12
      vertex 3.74606593415912 9.271838545667874 12
      vertex 3.5836794954530027 9.335804264972017 100
    endloop
  endfacet
  facet normal -0.3987490689252476 -0.9170600743851234 0
    outer loop
      vertex 3.907311284892738 9.205048534524403 12
      vertex 4.067366430758002 9.135454576426008 12
      vertex 3.907311284892738 9.205048534524403 100
    endloop
  endfacet
  facet normal -0.4146932426562414 -0.9099612708765421 0
    outer loop
      vertex 4.2261826174069945 9.063077870366499 12
      vertex 4.067366430758002 9.135454576426008 100
      vertex 4.067366430758002 9.135454576426008 12
    endloop
  endfacet
  facet normal -0.44619781310980877 -0.894934361602025 0
    outer loop
      vertex 4.383711467890774 8.98794046299167 12
      vertex 4.5399049973954675 8.910065241883679 12
      vertex 4.383711467890774 8.98794046299167 100
    endloop
  endfacet
  facet normal -0.4305110968082914 -0.9025852843498623 0
    outer loop
      vertex 4.2261826174069945 9.063077870366499 12
      vertex 4.383711467890774 8.98794046299167 12
      vertex 4.2261826174069945 9.063077870366499 100
    endloop
  endfacet
  facet normal -0.492423560103471 -0.8703556959398974 0
    outer loop
      vertex 4.8480962024633705 8.746197071393958 12
      vertex 5 8.660254037844386 12
      vertex 4.8480962024633705 8.746197071393958 100
    endloop
  endfacet
  facet normal -0.5075383629606971 -0.8616291604415298 0
    outer loop
      vertex 5 8.660254037844386 12
      vertex 5.150380749100542 8.571673007021124 12
      vertex 5 8.660254037844386 100
    endloop
  endfacet
  facet normal -0.5224985647159558 -0.852640164354088 0
    outer loop
      vertex 5.150380749100542 8.571673007021124 12
      vertex 5.299192642332049 8.48048096156426 12
      vertex 5.150380749100542 8.571673007021124 100
    endloop
  endfacet
  facet normal -0.5372996083468159 -0.8433914458128907 0
    outer loop
      vertex 5.446390350150271 8.386705679454241 12
      vertex 5.299192642332049 8.48048096156426 100
      vertex 5.299192642332049 8.48048096156426 12
    endloop
  endfacet
  facet normal -0.5519369853120657 -0.8338858220671632 0
    outer loop
      vertex 5.446390350150271 8.386705679454241 12
      vertex 5.591929034707469 8.290375725550415 12
      vertex 5.446390350150271 8.386705679454241 100
    endloop
  endfacet
  facet normal -0.46174861323503 -0.8870108331782237 0
    outer loop
      vertex 4.694715627858908 8.82947592858927 12
      vertex 4.5399049973954675 8.910065241883679 100
      vertex 4.5399049973954675 8.910065241883679 12
    endloop
  endfacet
  facet normal -0.4771587602596122 -0.8788171126619633 0
    outer loop
      vertex 4.694715627858908 8.82947592858927 12
      vertex 4.8480962024633705 8.746197071393958 12
      vertex 4.694715627858908 8.82947592858927 100
    endloop
  endfacet
  facet normal -0.5664062369248328 -0.8241261886220157 0
    outer loop
      vertex 5.591929034707469 8.290375725550415 12
      vertex 5.7357643635104605 8.191520442889917 12
      vertex 5.591929034707469 8.290375725550415 100
    endloop
  endfacet
  facet normal -0.5807029557109338 -0.8141155183563235 0
    outer loop
      vertex 5.7357643635104605 8.191520442889917 12
      vertex 5.877852522924732 8.090169943749475 12
      vertex 5.7357643635104605 8.191520442889917 100
    endloop
  endfacet
  facet normal -0.6087614290087239 -0.7933533402912326 0
    outer loop
      vertex 6.018150231520483 7.986355100472928 12
      vertex 6.156614753256583 7.880107536067219 12
      vertex 6.018150231520483 7.986355100472928 100
    endloop
  endfacet
  facet normal -0.5948227867513435 -0.8038568606172157 0
    outer loop
      vertex 6.018150231520483 7.986355100472928 12
      vertex 5.877852522924732 8.090169943749475 100
      vertex 5.877852522924732 8.090169943749475 12
    endloop
  endfacet
  facet normal -0.6225146366376182 -0.782608156852415 0
    outer loop
      vertex 6.156614753256583 7.880107536067219 12
      vertex 6.293203910498374 7.771459614569709 12
      vertex 6.156614753256583 7.880107536067219 100
    endloop
  endfacet
  facet normal -0.9999619230641713 -0.008726535498374736 0
    outer loop
      vertex 10 0 12
      vertex 9.998476951563912 0.17452406437283513 100
      vertex 9.998476951563912 0.17452406437283513 12
    endloop
  endfacet
  facet normal -0.9996573249755573 -0.026176948307874332 0
    outer loop
      vertex 9.998476951563912 0.17452406437283513 12
      vertex 9.993908270190957 0.3489949670250097 100
      vertex 9.993908270190957 0.3489949670250097 12
    endloop
  endfacet
  facet normal -0.9990482215818578 -0.0436193873653376 0
    outer loop
      vertex 9.993908270190957 0.3489949670250097 12
      vertex 9.986295347545738 0.5233595624294384 100
      vertex 9.986295347545738 0.5233595624294384 12
    endloop
  endfacet
  facet normal -0.9981347984218673 -0.06104853953485362 0
    outer loop
      vertex 9.986295347545738 0.5233595624294384 12
      vertex 9.975640502598242 0.697564737441253 100
      vertex 9.975640502598242 0.697564737441253 12
    endloop
  endfacet
  facet normal -0.9969173337331279 -0.07845909572784648 0
    outer loop
      vertex 9.975640502598242 0.697564737441253 12
      vertex 9.961946980917455 0.8715574274765816 100
      vertex 9.961946980917455 0.8715574274765816 12
    endloop
  endfacet
  facet normal -0.9953961983671789 -0.09584575252022222 0
    outer loop
      vertex 9.961946980917455 0.8715574274765816 12
      vertex 9.945218953682733 1.0452846326765348 100
      vertex 9.945218953682733 1.0452846326765348 12
    endloop
  endfacet
  facet normal -0.9935718556765873 -0.11320321376790833 0
    outer loop
      vertex 9.945218953682733 1.0452846326765348 12
      vertex 9.92546151641322 1.2186934340514748 100
      vertex 9.92546151641322 1.2186934340514748 12
    endloop
  endfacet
  facet normal -0.9914448613738107 -0.13052619222004985 0
    outer loop
      vertex 9.92546151641322 1.2186934340514748 12
      vertex 9.902680687415703 1.3917310096006543 100
      vertex 9.902680687415703 1.3917310096006543 12
    endloop
  endfacet
  facet normal -0.9832549075639554 -0.1822355254921426 0
    outer loop
      vertex 9.81627183447664 1.908089953765448 12
      vertex 9.84807753012208 1.7364817766693033 12
      vertex 9.81627183447664 1.908089953765448 100
    endloop
  endfacet
  facet normal -0.9890158633619179 -0.14780941112960327 0
    outer loop
      vertex 9.902680687415703 1.3917310096006543 12
      vertex 9.876883405951379 1.5643446504023086 100
      vertex 9.876883405951379 1.5643446504023086 12
    endloop
  endfacet
  facet normal -0.9862856015372291 -0.16504760586069112 0
    outer loop
      vertex 9.876883405951379 1.5643446504023086 12
      vertex 9.84807753012208 1.7364817766693033 100
      vertex 9.84807753012208 1.7364817766693033 12
    endloop
  endfacet
  facet normal -0.9799247046208305 -0.19936793441719294 0
    outer loop
      vertex 9.81627183447664 1.908089953765448 12
      vertex 9.781476007338057 2.0791169081775935 100
      vertex 9.781476007338057 2.0791169081775935 12
    endloop
  endfacet
  facet normal -0.976296007119932 -0.21643961393810854 0
    outer loop
      vertex 9.781476007338057 2.0791169081775935 12
      vertex 9.743700647852352 2.24951054343865 100
      vertex 9.743700647852352 2.24951054343865 12
    endloop
  endfacet
  facet normal -0.972369920397677 -0.2334453638559039 0
    outer loop
      vertex 9.743700647852352 2.24951054343865 12
      vertex 9.702957262759965 2.4192189559966772 100
      vertex 9.702957262759965 2.4192189559966772 12
    endloop
  endfacet
  facet normal -0.9681476403781081 -0.25038000405444044 0
    outer loop
      vertex 9.702957262759965 2.4192189559966772 12
      vertex 9.659258262890683 2.5881904510252074 100
      vertex 9.659258262890683 2.5881904510252074 12
    endloop
  endfacet
  facet normal -0.9636304532086234 -0.2672383760782555 0
    outer loop
      vertex 9.659258262890683 2.5881904510252074 12
      vertex 9.612616959383189 2.7563735581699915 100
      vertex 9.612616959383189 2.7563735581699915 12
    endloop
  endfacet
  facet normal -0.9588197348681912 -0.2840153447039291 0
    outer loop
      vertex 9.612616959383189 2.7563735581699915 12
      vertex 9.563047559630354 2.9237170472273677 100
      vertex 9.563047559630354 2.9237170472273677 12
    endloop
  endfacet
  facet normal -0.9537169507482267 -0.30070579950427384 0
    outer loop
      vertex 9.510565162951535 3.090169943749474 12
      vertex 9.563047559630354 2.9237170472273677 12
      vertex 9.510565162951535 3.090169943749474 100
    endloop
  endfacet
  facet normal -0.9426414910921794 -0.3338068592337683 0
    outer loop
      vertex 9.455185755993169 3.255681544571567 12
      vertex 9.396926207859085 3.420201433256687 100
      vertex 9.396926207859085 3.420201433256687 12
    endloop
  endfacet
  facet normal -0.9483236552062024 -0.31730465640508276 0
    outer loop
      vertex 9.510565162951535 3.090169943749474 12
      vertex 9.455185755993169 3.255681544571567 100
      vertex 9.455185755993169 3.255681544571567 12
    endloop
  endfacet
  facet normal -0.9238795325112864 -0.38268343236509067 0
    outer loop
      vertex 9.271838545667874 3.74606593415912 12
      vertex 9.205048534524403 3.907311284892738 100
      vertex 9.205048534524403 3.907311284892738 12
    endloop
  endfacet
  facet normal -0.9366721892483948 -0.35020738125947504 0
    outer loop
      vertex 9.335804264972017 3.5836794954530027 12
      vertex 9.396926207859085 3.420201433256687 12
      vertex 9.335804264972017 3.5836794954530027 100
    endloop
  endfacet
  facet normal -0.9304175679820254 -0.36650122672429525 0
    outer loop
      vertex 9.335804264972017 3.5836794954530027 12
      vertex 9.271838545667874 3.74606593415912 100
      vertex 9.271838545667874 3.74606593415912 12
    endloop
  endfacet
  facet normal -0.9170600743851234 -0.3987490689252476 0
    outer loop
      vertex 9.135454576426008 4.067366430758002 12
      vertex 9.205048534524403 3.907311284892738 12
      vertex 9.135454576426008 4.067366430758002 100
    endloop
  endfacet
  facet normal -0.9099612708765421 -0.4146932426562414 0
    outer loop
      vertex 9.135454576426008 4.067366430758002 12
      vertex 9.063077870366499 4.2261826174069945 100
      vertex 9.063077870366499 4.2261826174069945 12
    endloop
  endfacet
  facet normal -0.9025852843498623 -0.4305110968082914 0
    outer loop
      vertex 9.063077870366499 4.2261826174069945 12
      vertex 8.98794046299167 4.383711467890774 100
      vertex 8.98794046299167 4.383711467890774 12
    endloop
  endfacet
  facet normal -0.636078220277766 -0.7716245833877183 0
    outer loop
      vertex 6.4278760968653925 7.66044443118978 12
      vertex 6.4278760968653925 7.66044443118978 100
      vertex 6.293203910498374 7.771459614569709 100
    endloop
  endfacet
  facet normal -0.6626200482157389 -0.7489557207890009 0
    outer loop
      vertex 6.691306063588582 7.431448254773942 12
      vertex 6.691306063588582 7.431448254773942 100
      vertex 6.560590289905073 7.54709580222772 100
    endloop
  endfacet
  facet normal -0.6494480483301791 -0.7604059656000348 0
    outer loop
      vertex 6.560590289905073 7.54709580222772 12
      vertex 6.560590289905073 7.54709580222772 100
      vertex 6.4278760968653925 7.66044443118978 100
    endloop
  endfacet
  facet normal -0.894934361602025 -0.44619781310980877 0
    outer loop
      vertex 8.98794046299167 4.383711467890774 12
      vertex 8.98794046299167 4.383711467890774 100
      vertex 8.910065241883679 4.5399049973954675 100
    endloop
  endfacet
  facet normal -0.8870108331782237 -0.46174861323503 0
    outer loop
      vertex 8.910065241883679 4.5399049973954675 12
      vertex 8.910065241883679 4.5399049973954675 100
      vertex 8.82947592858927 4.694715627858908 100
    endloop
  endfacet
  facet normal -0.8788171126619633 -0.4771587602596122 0
    outer loop
      vertex 8.82947592858927 4.694715627858908 12
      vertex 8.82947592858927 4.694715627858908 100
      vertex 8.746197071393958 4.8480962024633705 100
    endloop
  endfacet
  facet normal -0.8338858220671632 -0.5519369853120657 0
    outer loop
      vertex 8.386705679454241 5.446390350150271 12
      vertex 8.386705679454241 5.446390350150271 100
      vertex 8.290375725550415 5.591929034707469 100
    endloop
  endfacet
  facet normal -0.8241261886220157 -0.5664062369248328 0
    outer loop
      vertex 8.290375725550415 5.591929034707469 12
      vertex 8.290375725550415 5.591929034707469 100
      vertex 8.191520442889917 5.7357643635104605 100
    endloop
  endfacet
  facet normal -0.8141155183563235 -0.5807029557109338 0
    outer loop
      vertex 8.191520442889917 5.7357643635104605 12
      vertex 8.191520442889917 5.7357643635104605 100
      vertex 8.090169943749475 5.877852522924732 100
    endloop
  endfacet
  facet normal -0.8703556959398974 -0.492423560103471 0
    outer loop
      vertex 8.746197071393958 4.8480962024633705 12
      vertex 8.746197071393958 4.8480962024633705 100
      vertex 8.660254037844386 5 100
    endloop
  endfacet
  facet normal -0.8616291604415298 -0.5075383629606971 0
    outer loop
      vertex 8.660254037844386 5 12
      vertex 8.660254037844386 5 100
      vertex 8.571673007021124 5.150380749100542 100
    endloop
  endfacet
  facet normal -0.852640164354088 -0.5224985647159558 0
    outer loop
      vertex 8.571673007021124 5.150380749100542 12
      vertex 8.571673007021124 5.150380749100542 100
      vertex 8.48048096156426 5.299192642332049 100
    endloop
  endfacet
  facet normal -0.8433914458128907 -0.5372996083468159 0
    outer loop
      vertex 8.48048096156426 5.299192642332049 12
      vertex 8.48048096156426 5.299192642332049 100
      vertex 8.386705679454241 5.446390350150271 100
    endloop
  endfacet
  facet normal -0.782608156852415 -0.6225146366376182 0
    outer loop
      vertex 7.880107536067219 6.156614753256583 12
      vertex 7.880107536067219 6.156614753256583 100
      vertex 7.771459614569709 6.293203910498374 100
    endloop
  endfacet
  facet normal -0.7372773368101224 -0.6755902076156619 0
    outer loop
      vertex 7.431448254773942 6.691306063588582 12
      vertex 7.431448254773942 6.691306063588582 100
      vertex 7.313537016191704 6.819983600624985 100
    endloop
  endfacet
  facet normal -0.7489557207890009 -0.6626200482157389 0
    outer loop
      vertex 7.54709580222772 6.560590289905073 12
      vertex 7.54709580222772 6.560590289905073 100
      vertex 7.431448254773942 6.691306063588582 100
    endloop
  endfacet
  facet normal -0.7604059656000348 -0.6494480483301791 0
    outer loop
      vertex 7.66044443118978 6.4278760968653925 12
      vertex 7.66044443118978 6.4278760968653925 100
      vertex 7.54709580222772 6.560590289905073 100
    endloop
  endfacet
  facet normal -0.7716245833877183 -0.636078220277766 0
    outer loop
      vertex 7.771459614569709 6.293203910498374 12
      vertex 7.771459614569709 6.293203910498374 100
      vertex 7.66044443118978 6.4278760968653925 100
    endloop
  endfacet
  facet normal -0.7009092642998493 -0.7132504491541831 0
    outer loop
      vertex 7.0710678118654755 7.0710678118654755 12
      vertex 7.0710678118654755 7.0710678118654755 100
      vertex 6.9465837045899725 7.193398003386512 100
    endloop
  endfacet
  facet normal -0.6883545756937519 -0.7253743710122896 0
    outer loop
      vertex 6.9465837045899725 7.193398003386512 12
      vertex 6.9465837045899725 7.193398003386512 100
      vertex 6.819983600624985 7.313537016191704 100
    endloop
  endfacet
  facet normal -0.7132504491541831 -0.7009092642998493 0
    outer loop
      vertex 7.193398003386512 6.9465837045899725 12
      vertex 7.193398003386512 6.9465837045899725 100
      vertex 7.0710678118654755 7.0710678118654755 100
    endloop
  endfacet
  facet normal -0.7253743710122896 -0.6883545756937519 0
    outer loop
      vertex 7.313537016191704 6.819983600624985 12
      vertex 7.313537016191704 6.819983600624985 100
      vertex 7.193398003386512 6.9465837045899725 100
    endloop
  endfacet
  facet normal -0.6755902076156619 -0.7372773368101224 0
    outer loop
      vertex 6.819983600624985 7.313537016191704 12
      vertex 6.819983600624985 7.313537016191704 100
      vertex 6.691306063588582 7.431448254773942 100
    endloop
  endfacet
  facet normal -0.7933533402912326 -0.6087614290087239 0
    outer loop
      vertex 7.986355100472928 6.018150231520483 12
      vertex 7.986355100472928 6.018150231520483 100
      vertex 7.880107536067219 6.156614753256583 100
    endloop
  endfacet
  facet normal -0.8038568606172157 -0.5948227867513435 0
    outer loop
      vertex 8.090169943749475 5.877852522924732 12
      vertex 8.090169943749475 5.877852522924732 100
      vertex 7.986355100472928 6.018150231520483 100
    endloop
  endfacet
  facet normal -0.008726535498374736 -0.9999619230641713 0
    outer loop
      vertex 0.17452406437283513 9.998476951563912 12
      vertex 0.17452406437283513 9.998476951563912 100
      vertex 0 10 100
    endloop
  endfacet
  facet normal -0.026176948307874332 -0.9996573249755573 0
    outer loop
      vertex 0.3489949670250097 9.993908270190957 12
      vertex 0.3489949670250097 9.993908270190957 100
      vertex 0.17452406437283513 9.998476951563912 100
    endloop
  endfacet
  facet normal -0.0436193873653376 -0.9990482215818578 0
    outer loop
      vertex 0.5233595624294384 9.986295347545738 12
      vertex 0.5233595624294384 9.986295347545738 100
      vertex 0.3489949670250097 9.993908270190957 100
    endloop
  endfacet
  facet normal -0.06104853953485362 -0.9981347984218673 0
    outer loop
      vertex 0.697564737441253 9.975640502598242 12
      vertex 0.697564737441253 9.975640502598242 100
      vertex 0.5233595624294384 9.986295347545738 100
    endloop
  endfacet
  facet normal -0.07845909572784648 -0.9969173337331279 0
    outer loop
      vertex 0.8715574274765816 9.961946980917455 12
      vertex 0.8715574274765816 9.961946980917455 100
      vertex 0.697564737441253 9.975640502598242 100
    endloop
  endfacet
  facet normal -0.09584575252022222 -0.9953961983671789 0
    outer loop
      vertex 1.0452846326765348 9.945218953682733 12
      vertex 1.0452846326765348 9.945218953682733 100
      vertex 0.8715574274765816 9.961946980917455 100
    endloop
  endfacet
  facet normal -0.11320321376790833 -0.9935718556765873 0
    outer loop
      vertex 1.2186934340514748 9.92546151641322 12
      vertex 1.2186934340514748 9.92546151641322 100
      vertex 1.0452846326765348 9.945218953682733 100
    endloop
  endfacet
  facet normal -0.13052619222004985 -0.9914448613738107 0
    outer loop
      vertex 1.3917310096006543 9.902680687415703 12
      vertex 1.3917310096006543 9.902680687415703 100
      vertex 1.2186934340514748 9.92546151641322 100
    endloop
  endfacet
  facet normal -0.14780941112960327 -0.9890158633619179 0
    outer loop
      vertex 1.5643446504023086 9.876883405951379 12
      vertex 1.5643446504023086 9.876883405951379 100
      vertex 1.3917310096006543 9.902680687415703 100
    endloop
  endfacet
  facet normal -0.16504760586069112 -0.9862856015372291 0
    outer loop
      vertex 1.7364817766693033 9.84807753012208 12
      vertex 1.7364817766693033 9.84807753012208 100
      vertex 1.5643446504023086 9.876883405951379 100
    endloop
  endfacet
  facet normal -0.1822355254921426 -0.9832549075639554 0
    outer loop
      vertex 1.908089953765448 9.81627183447664 12
      vertex 1.908089953765448 9.81627183447664 100
      vertex 1.7364817766693033 9.84807753012208 100
    endloop
  endfacet
  facet normal -0.19936793441719294 -0.9799247046208305 0
    outer loop
      vertex 2.0791169081775935 9.781476007338057 12
      vertex 2.0791169081775935 9.781476007338057 100
      vertex 1.908089953765448 9.81627183447664 100
    endloop
  endfacet
  facet normal -0.21643961393810854 -0.976296007119932 0
    outer loop
      vertex 2.24951054343865 9.743700647852352 12
      vertex 2.24951054343865 9.743700647852352 100
      vertex 2.0791169081775935 9.781476007338057 100
    endloop
  endfacet
  facet normal -0.2334453638559039 -0.972369920397677 0
    outer loop
      vertex 2.4192189559966772 9.702957262759965 12
      vertex 2.4192189559966772 9.702957262759965 100
      vertex 2.24951054343865 9.743700647852352 100
    endloop
  endfacet
  facet normal -0.25038000405444044 -0.9681476403781081 0
    outer loop
      vertex 2.5881904510252074 9.659258262890683 12
      vertex 2.5881904510252074 9.659258262890683 100
      vertex 2.4192189559966772 9.702957262759965 100
    endloop
  endfacet
  facet normal -0.2672383760782555 -0.9636304532086234 0
    outer loop
      vertex 2.7563735581699915 9.612616959383189 12
      vertex 2.7563735581699915 9.612616959383189 100
      vertex 2.5881904510252074 9.659258262890683 100
    endloop
  endfacet
  facet normal -0.2840153447039291 -0.9588197348681912 0
    outer loop
      vertex 2.9237170472273677 9.563047559630354 12
      vertex 2.9237170472273677 9.563047559630354 100
      vertex 2.7563735581699915 9.612616959383189 100
    endloop
  endfacet
  facet normal -0.30070579950427384 -0.9537169507482267 0
    outer loop
      vertex 3.090169943749474 9.510565162951535 12
      vertex 3.090169943749474 9.510565162951535 100
      vertex 2.9237170472273677 9.563047559630354 100
    endloop
  endfacet
  facet normal -0.31730465640508276 -0.9483236552062024 0
    outer loop
      vertex 3.255681544571567 9.455185755993169 12
      vertex 3.255681544571567 9.455185755993169 100
      vertex 3.090169943749474 9.510565162951535 100
    endloop
  endfacet
  facet normal -0.3338068592337683 -0.9426414910921794 0
    outer loop
      vertex 3.420201433256687 9.396926207859085 12
      vertex 3.420201433256687 9.396926207859085 100
      vertex 3.255681544571567 9.455185755993169 100
    endloop
  endfacet
  facet normal -0.38268343236509067 -0.9238795325112864 0
    outer loop
      vertex 3.907311284892738 9.205048534524403 12
      vertex 3.907311284892738 9.205048534524403 100
      vertex 3.74606593415912 9.271838545667874 100
    endloop
  endfacet
  facet normal -0.35020738125947504 -0.9366721892483948 0
    outer loop
      vertex 3.5836794954530027 9.335804264972017 12
      vertex 3.5836794954530027 9.335804264972017 100
      vertex 3.420201433256687 9.396926207859085 100
    endloop
  endfacet
  facet normal -0.36650122672429525 -0.9304175679820254 0
    outer loop
      vertex 3.74606593415912 9.271838545667874 12
      vertex 3.74606593415912 9.271838545667874 100
      vertex 3.5836794954530027 9.335804264972017 100
    endloop
  endfacet
  facet normal -0.3987490689252476 -0.9170600743851234 0
    outer loop
      vertex 4.067366430758002 9.135454576426008 12
      vertex 4.067366430758002 9.135454576426008 100
      vertex 3.907311284892738 9.205048534524403 100
    endloop
  endfacet
  facet normal -0.4146932426562414 -0.9099612708765421 0
    outer loop
      vertex 4.2261826174069945 9.063077870366499 12
      vertex 4.2261826174069945 9.063077870366499 100
      vertex 4.067366430758002 9.135454576426008 100
    endloop
  endfacet
  facet normal -0.44619781310980877 -0.894934361602025 0
    outer loop
      vertex 4.5399049973954675 8.910065241883679 12
      vertex 4.5399049973954675 8.910065241883679 100
      vertex 4.383711467890774 8.98794046299167 100
    endloop
  endfacet
  facet normal -0.4305110968082914 -0.9025852843498623 0
    outer loop
      vertex 4.383711467890774 8.98794046299167 12
      vertex 4.383711467890774 8.98794046299167 100
      vertex 4.2261826174069945 9.063077870366499 100
    endloop
  endfacet
  facet normal -0.492423560103471 -0.8703556959398974 0
    outer loop
      vertex 5 8.660254037844386 12
      vertex 5 8.660254037844386 100
      vertex 4.8480962024633705 8.746197071393958 100
    endloop
  endfacet
  facet normal -0.5224985647159558 -0.852640164354088 0
    outer loop
      vertex 5.299192642332049 8.48048096156426 12
      vertex 5.299192642332049 8.48048096156426 100
      vertex 5.150380749100542 8.571673007021124 100
    endloop
  endfacet
  facet normal -0.5075383629606971 -0.8616291604415298 0
    outer loop
      vertex 5.150380749100542 8.571673007021124 12
      vertex 5.150380749100542 8.571673007021124 100
      vertex 5 8.660254037844386 100
    endloop
  endfacet
  facet normal -0.5372996083468159 -0.8433914458128907 0
    outer loop
      vertex 5.446390350150271 8.386705679454241 12
      vertex 5.446390350150271 8.386705679454241 100
      vertex 5.299192642332049 8.48048096156426 100
    endloop
  endfacet
  facet normal -0.5519369853120657 -0.8338858220671632 0
    outer loop
      vertex 5.591929034707469 8.290375725550415 12
      vertex 5.591929034707469 8.290375725550415 100
      vertex 5.446390350150271 8.386705679454241 100
    endloop
  endfacet
  facet normal -0.46174861323503 -0.8870108331782237 0
    outer loop
      vertex 4.694715627858908 8.82947592858927 12
      vertex 4.694715627858908 8.82947592858927 100
      vertex 4.5399049973954675 8.910065241883679 100
    endloop
  endfacet
  facet normal -0.4771587602596122 -0.8788171126619633 0
    outer loop
      vertex 4.8480962024633705 8.746197071393958 12
      vertex 4.8480962024633705 8.746197071393958 100
      vertex 4.694715627858908 8.82947592858927 100
    endloop
  endfacet
  facet normal -0.5664062369248328 -0.8241261886220157 0
    outer loop
      vertex 5.7357643635104605 8.191520442889917 12
      vertex 5.7357643635104605 8.191520442889917 100
      vertex 5.591929034707469 8.290375725550415 100
    endloop
  endfacet
  facet normal -0.5807029557109338 -0.8141155183563235 0
    outer loop
      vertex 5.877852522924732 8.090169943749475 12
      vertex 5.877852522924732 8.090169943749475 100
      vertex 5.7357643635104605 8.191520442889917 100
    endloop
  endfacet
  facet normal -0.5948227867513435 -0.8038568606172157 0
    outer loop
      vertex 6.018150231520483 7.986355100472928 12
      vertex 6.018150231520483 7.986355100472928 100
      vertex 5.877852522924732 8.090169943749475 100
    endloop
  endfacet
  facet normal -0.6087614290087239 -0.7933533402912326 0
    outer loop
      vertex 6.156614753256583 7.880107536067219 12
      vertex 6.156614753256583 7.880107536067219 100
      vertex 6.018150231520483 7.986355100472928 100
    endloop
  endfacet
  facet normal -0.6225146366376182 -0.782608156852415 0
    outer loop
      vertex 6.293203910498374 7.771459614569709 12
      vertex 6.293203910498374 7.771459614569709 100
      vertex 6.156614753256583 7.880107536067219 100
    endloop
  endfacet
  facet normal -0.9999619230641713 -0.008726535498374736 0
    outer loop
      vertex 10 0 12
      vertex 10 0 100
      vertex 9.998476951563912 0.17452406437283513 100
    endloop
  endfacet
  facet normal -0.9996573249755573 -0.026176948307874332 0
    outer loop
      vertex 9.998476951563912 0.17452406437283513 12
      vertex 9.998476951563912 0.17452406437283513 100
      vertex 9.993908270190957 0.3489949670250097 100
    endloop
  endfacet
  facet normal -0.9990482215818578 -0.0436193873653376 0
    outer loop
      vertex 9.993908270190957 0.3489949670250097 12
      vertex 9.993908270190957 0.3489949670250097 100
      vertex 9.986295347545738 0.5233595624294384 100
    endloop
  endfacet
  facet normal -0.9981347984218673 -0.06104853953485362 0
    outer loop
      vertex 9.986295347545738 0.5233595624294384 12
      vertex 9.986295347545738 0.5233595624294384 100
      vertex 9.975640502598242 0.697564737441253 100
    endloop
  endfacet
  facet normal -0.9969173337331279 -0.07845909572784648 0
    outer loop
      vertex 9.975640502598242 0.697564737441253 12
      vertex 9.975640502598242 0.697564737441253 100
      vertex 9.961946980917455 0.8715574274765816 100
    endloop
  endfacet
  facet normal -0.9953961983671789 -0.09584575252022222 0
    outer loop
      vertex 9.961946980917455 0.8715574274765816 12
      vertex 9.961946980917455 0.8715574274765816 100
      vertex 9.945218953682733 1.0452846326765348 100
    endloop
  endfacet
  facet normal -0.9935718556765873 -0.11320321376790833 0
    outer loop
      vertex 9.945218953682733 1.0452846326765348 12
      vertex 9.945218953682733 1.0452846326765348 100
      vertex 9.92546151641322 1.2186934340514748 100
    endloop
  endfacet
  facet normal -0.9914448613738107 -0.13052619222004985 0
    outer loop
      vertex 9.92546151641322 1.2186934340514748 12
      vertex 9.92546151641322 1.2186934340514748 100
      vertex 9.902680687415703 1.3917310096006543 100
    endloop
  endfacet
  facet normal -0.9890158633619179 -0.14780941112960327 0
    outer loop
      vertex 9.902680687415703 1.3917310096006543 12
      vertex 9.902680687415703 1.3917310096006543 100
      vertex 9.876883405951379 1.5643446504023086 100
    endloop
  endfacet
  facet normal -0.9832549075639554 -0.1822355254921426 0
    outer loop
      vertex 9.84807753012208 1.7364817766693033 12
      vertex 9.84807753012208 1.7364817766693033 100
      vertex 9.81627183447664 1.908089953765448 100
    endloop
  endfacet
  facet normal -0.9862856015372291 -0.16504760586069112 0
    outer loop
      vertex 9.876883405951379 1.5643446504023086 12
      vertex 9.876883405951379 1.5643446504023086 100
      vertex 9.84807753012208 1.7364817766693033 100
    endloop
  endfacet
  facet normal -0.9799247046208305 -0.19936793441719294 0
    outer loop
      vertex 9.81627183447664 1.908089953765448 12
      vertex 9.81627183447664 1.908089953765448 100
      vertex 9.781476007338057 2.0791169081775935 100
    endloop
  endfacet
  facet normal -0.976296007119932 -0.21643961393810854 0
    outer loop
      vertex 9.781476007338057 2.0791169081775935 12
      vertex 9.781476007338057 2.0791169081775935 100
      vertex 9.743700647852352 2.24951054343865 100
    endloop
  endfacet
  facet normal -0.972369920397677 -0.2334453638559039 0
    outer loop
      vertex 9.743700647852352 2.24951054343865 12
      vertex 9.743700647852352 2.24951054343865 100
      vertex 9.702957262759965 2.4192189559966772 100
    endloop
  endfacet
  facet normal -0.9681476403781081 -0.25038000405444044 0
    outer loop
      vertex 9.702957262759965 2.4192189559966772 12
      vertex 9.702957262759965 2.4192189559966772 100
      vertex 9.659258262890683 2.5881904510252074 100
    endloop
  endfacet
  facet normal -0.9636304532086234 -0.2672383760782555 0
    outer loop
      vertex 9.659258262890683 2.5881904510252074 12
      vertex 9.659258262890683 2.5881904510252074 100
      vertex 9.612616959383189 2.7563735581699915 100
    endloop
  endfacet
  facet normal -0.9588197348681912 -0.2840153447039291 0
    outer loop
      vertex 9.612616959383189 2.7563735581699915 12
      vertex 9.612616959383189 2.7563735581699915 100
      vertex 9.563047559630354 2.9237170472273677 100
    endloop
  endfacet
  facet normal -0.9537169507482267 -0.30070579950427384 0
    outer loop
      vertex 9.563047559630354 2.9237170472273677 12
      vertex 9.563047559630354 2.9237170472273677 100
      vertex 9.510565162951535 3.090169943749474 100
    endloop
  endfacet
  facet normal -0.9483236552062024 -0.31730465640508276 0
    outer loop
      vertex 9.510565162951535 3.090169943749474 12
      vertex 9.510565162951535 3.090169943749474 100
      vertex 9.455185755993169 3.255681544571567 100
    endloop
  endfacet
  facet normal -0.9426414910921794 -0.3338068592337683 0
    outer loop
      vertex 9.455185755993169 3.255681544571567 12
      vertex 9.455185755993169 3.255681544571567 100
      vertex 9.396926207859085 3.420201433256687 100
    endloop
  endfacet
  facet normal -0.9238795325112864 -0.38268343236509067 0
    outer loop
      vertex 9.271838545667874 3.74606593415912 12
      vertex 9.271838545667874 3.74606593415912 100
      vertex 9.205048534524403 3.907311284892738 100
    endloop
  endfacet
  facet normal -0.9366721892483948 -0.35020738125947504 0
    outer loop
      vertex 9.396926207859085 3.420201433256687 12
      vertex 9.396926207859085 3.420201433256687 100
      vertex 9.335804264972017 3.5836794954530027 100
    endloop
  endfacet
  facet normal -0.9304175679820254 -0.36650122672429525 0
    outer loop
      vertex 9.335804264972017 3.5836794954530027 12
      vertex 9.335804264972017 3.5836794954530027 100
      vertex 9.271838545667874 3.74606593415912 100
    endloop
  endfacet
  facet normal -0.9099612708765421 -0.4146932426562414 0
    outer loop
      vertex 9.135454576426008 4.067366430758002 12
      vertex 9.135454576426008 4.067366430758002 100
      vertex 9.063077870366499 4.2261826174069945 100
    endloop
  endfacet
  facet normal -0.9170600743851234 -0.3987490689252476 0
    outer loop
      vertex 9.205048534524403 3.907311284892738 12
      vertex 9.205048534524403 3.907311284892738 100
      vertex 9.135454576426008 4.067366430758002 100
    endloop
  endfacet
  facet normal -0.9025852843498623 -0.4305110968082914 0
    outer loop
      vertex 9.063077870366499 4.2261826174069945 12
      vertex 9.063077870366499 4.2261826174069945 100
      vertex 8.98794046299167 4.383711467890774 100
    endloop
  endfacet
  facet normal 0 0 1
    outer loop
      vertex -10.559344098330074 -8.249863769363822 2
      vertex -7.8125 -13.531646934131853 2
      vertex -10.413755883523411 -8.432893240067822 2
    endloop
  endfacet
  facet normal 0 0 1
    outer loop
      vertex -10.701715834633724 -8.064321310237448 2
      vertex -10.840827724624296 -7.87632238071914 2
      vertex -7.8125 -13.531646934131853 2
    endloop
  endfacet
  facet normal 0 0 1
    outer loop
      vertex -10.559344098330074 -8.249863769363822 2
      vertex -10.701715834633724 -8.064321310237448 2
      vertex -7.8125 -13.531646934131853 2
    endloop
  endfacet
  facet normal 0 0 1
    outer loop
      vertex -7.8125 -13.531646934131853 2
      vertex -9.958140661397083 -8.9663501252087 2
      vertex -10.113108374985146 -8.791190988472797 2
    endloop
  endfacet
  facet normal 0 0 1
    outer loop
      vertex -7.8125 -13.531646934131853 2
      vertex -10.113108374985146 -8.791190988472797 2
      vertex -10.264995537794306 -8.613353969799626 2
    endloop
  endfacet
  facet normal 0 0 1
    outer loop
      vertex -7.8125 -13.531646934131853 2
      vertex -9.800139601696884 -9.13877802483748 2
      vertex -9.958140661397083 -8.9663501252087 2
    endloop
  endfacet
  facet normal 0 0 1
    outer loop
      vertex -7.8125 -13.531646934131853 2
      vertex -9.639153324537926 -9.308422164150564 2
      vertex -9.800139601696884 -9.13877802483748 2
    endloop
  endfacet
  facet normal 0 0 1
    outer loop
      vertex -7.8125 -13.531646934131853 2
      vertex -10.264995537794306 -8.613353969799626 2
      vertex -10.413755883523411 -8.432893240067822 2
    endloop
  endfacet
  facet normal 0 0 1
    outer loop
      vertex -11.238185610468683 -7.2981630692013635 2
      vertex -11.363844488496108 -7.1009181407249455 2
      vertex -7.8125 -13.531646934131853 2
    endloop
  endfacet
  facet normal 0 0 1
    outer loop
      vertex -11.486041829408306 -6.901510203794726 2
      vertex -11.604740410711477 -6.7 2
      vertex -7.8125 -13.531646934131853 2
    endloop
  endfacet
  facet normal 0 0 1
    outer loop
      vertex -11.486041829408306 -6.901510203794726 2
      vertex -7.8125 -13.531646934131853 2
      vertex -11.363844488496108 -7.1009181407249455 2
    endloop
  endfacet
  facet normal 0 0 1
    outer loop
      vertex -7.8125 -13.531646934131853 2
      vertex -11.604740410711477 -6.7 2
      vertex -11.719904075667904 -6.4964489113009165 2
    endloop
  endfacet
  facet normal 0.8660254037844386 0.5 0
    outer loop
      vertex -7.8125 -13.531646934131853 2
      vertex -15.625 0 7
      vertex -7.8125 -13.531646934131853 7
    endloop
  endfacet
  facet normal 0 0 1
    outer loop
      vertex -10.840827724624296 -7.87632238071914 2
      vertex -10.97663739347249 -7.685924247104017 2
      vertex -7.8125 -13.531646934131853 2
    endloop
  endfacet
  facet normal 0 0 1
    outer loop
      vertex -10.97663739347249 -7.685924247104017 2
      vertex -11.109103472237559 -7.4931849065080085 2
      vertex -7.8125 -13.531646934131853 2
    endloop
  endfacet
  facet normal 0 0 1
    outer loop
      vertex -11.238185610468683 -7.2981630692013635 2
      vertex -7.8125 -13.531646934131853 2
      vertex -11.109103472237559 -7.4931849065080085 2
    endloop
  endfacet
  facet normal 0 0 1
    outer loop
      vertex -12.424263651194952 -5.019728351773221 2
      vertex -12.509977715062504 -4.8021305239070236 2
      vertex -15.625 0 2
    endloop
  endfacet
  facet normal 0 0 1
    outer loop
      vertex -12.509977715062504 -4.8021305239070236 2
      vertex -12.591881118531173 -4.583069920563961 2
      vertex -15.625 0 2
    endloop
  endfacet
  facet normal 0 0 1
    outer loop
      vertex -12.591881118531173 -4.583069920563961 2
      vertex -12.669948913030845 -4.3626132697259 2
      vertex -15.625 0 2
    endloop
  endfacet
  facet normal 0 0 1
    outer loop
      vertex -12.669948913030845 -4.3626132697259 2
      vertex -12.744157318355057 -4.1408277246242955 2
      vertex -15.625 0 2
    endloop
  endfacet
  facet normal 0 0 1
    outer loop
      vertex -12.744157318355057 -4.1408277246242955 2
      vertex -12.814483729904675 -3.917780843284673 2
      vertex -15.625 0 2
    endloop
  endfacet
  facet normal 0 0 1
    outer loop
      vertex -12.814483729904675 -3.917780843284673 2
      vertex -12.880906725573473 -3.693540567947789 2
      vertex -15.625 0 2
    endloop
  endfacet
  facet normal 0 0 1
    outer loop
      vertex -12.880906725573473 -3.693540567947789 2
      vertex -12.943406072273516 -3.468175204373778 2
      vertex -15.625 0 2
    endloop
  endfacet
  facet normal 0 0 1
    outer loop
      vertex -12.943406072273516 -3.468175204373778 2
      vertex -13.001962732098352 -3.2417534010355475 2
      vertex -15.625 0 2
    endloop
  endfacet
  facet normal 0 0 1
    outer loop
      vertex -13.056558868122153 -3.014344128207791 2
      vertex -15.625 0 2
      vertex -13.001962732098352 -3.2417534010355475 2
    endloop
  endfacet
  facet normal 0 0 1
    outer loop
      vertex -13.269592121137043 -1.864919552864877 2
      vertex -13.300118431993715 -1.6330492016289762 2
      vertex -15.625 0 2
    endloop
  endfacet
  facet normal 0 0 1
    outer loop
      vertex -13.300118431993715 -1.6330492016289762 2
      vertex -13.326593397934863 -1.4006814077865566 2
      vertex -15.625 0 2
    endloop
  endfacet
  facet normal 0 0 1
    outer loop
      vertex -13.056558868122153 -3.014344128207791 2
      vertex -13.107177849832997 -2.786016656957975 2
      vertex -15.625 0 2
    endloop
  endfacet
  facet normal 0 0 1
    outer loop
      vertex -13.107177849832997 -2.786016656957975 2
      vertex -13.153804258198697 -2.5568405380457007 2
      vertex -15.625 0 2
    endloop
  endfacet
  facet normal 0 0 1
    outer loop
      vertex -13.153804258198697 -2.5568405380457007 2
      vertex -13.196423890363588 -2.3268855807368665 2
      vertex -15.625 0 2
    endloop
  endfacet
  facet normal 0 0 1
    outer loop
      vertex -13.196423890363588 -2.3268855807368665 2
      vertex -13.235023763974846 -2.096221831539094 2
      vertex -15.625 0 2
    endloop
  endfacet
  facet normal 0 0 1
    outer loop
      vertex -13.235023763974846 -2.096221831539094 2
      vertex -13.269592121137043 -1.864919552864877 2
      vertex -15.625 0 2
    endloop
  endfacet
  facet normal 0 0 1
    outer loop
      vertex -13.326593397934863 -1.4006814077865566 2
      vertex -13.34900895442939 -1.1678869528186195 2
      vertex -15.625 0 2
    endloop
  endfacet
  facet normal 0 0 1
    outer loop
      vertex -13.34900895442939 -1.1678869528186195 2
      vertex -13.367358273481644 -0.934736748171279 2
      vertex -15.625 0 2
    endloop
  endfacet
  facet normal 0 0 1
    outer loop
      vertex -13.367358273481644 -0.934736748171279 2
      vertex -13.38163576571129 -0.7013018136554474 2
      vertex -15.625 0 2
    endloop
  endfacet
  facet normal 0 0 1
    outer loop
      vertex -13.38163576571129 -0.7013018136554474 2
      vertex -13.391837082055883 -0.467653255813513 2
      vertex -15.625 0 2
    endloop
  endfacet
  facet normal 0 0 1
    outer loop
      vertex -13.391837082055883 -0.467653255813513 2
      vertex -13.397959115095643 -0.23386224625959906 2
      vertex -15.625 0 2
    endloop
  endfacet
  facet normal 0 0 1
    outer loop
      vertex -13.397959115095643 -0.23386224625959906 2
      vertex -13.4 0 2
      vertex -15.625 0 2
    endloop
  endfacet
  facet normal 0 0 1
    outer loop
      vertex -7.8125 -13.531646934131853 2
      vertex -11.719904075667904 -6.4964489113009165 2
      vertex -15.625 0 2
    endloop
  endfacet
  facet normal 0 0 1
    outer loop
      vertex -11.831497744309623 -6.290918941330937 2
      vertex -15.625 0 2
      vertex -11.719904075667904 -6.4964489113009165 2
    endloop
  endfacet
  facet normal 0 0 1
    outer loop
      vertex -11.831497744309623 -6.290918941330937 2
      vertex -11.93948742412413 -6.083472696509927 2
      vertex -15.625 0 2
    endloop
  endfacet
  facet normal 0 0 1
    outer loop
      vertex -11.93948742412413 -6.083472696509927 2
      vertex -12.043840220408839 -5.874173366973637 2
      vertex -15.625 0 2
    endloop
  endfacet
  facet normal 0.8660254037844386 0.5 0
    outer loop
      vertex -7.8125 -13.531646934131853 2
      vertex -15.625 0 2
      vertex -15.625 0 7
    endloop
  endfacet
  facet normal 0 0 -1
    outer loop
      vertex -7.8125 -13.531646934131853 7
      vertex -15.625 0 7
      vertex -9.335804264972017 -3.5836794954530027 7
    endloop
  endfacet
  facet normal 0 0 1
    outer loop
      vertex -12.14452434629111 -5.663084707325373 2
      vertex -15.625 0 2
      vertex -12.043840220408839 -5.874173366973637 2
    endloop
  endfacet
  facet normal 0 0 1
    outer loop
      vertex -12.14452434629111 -5.663084707325373 2
      vertex -12.241509132410853 -5.450271017215723 2
      vertex -15.625 0 2
    endloop
  endfacet
  facet normal 0 0 1
    outer loop
      vertex -12.241509132410853 -5.450271017215723 2
      vertex -12.334765036262702 -5.235797121756269 2
      vertex -15.625 0 2
    endloop
  endfacet
  facet normal 0 0 1
    outer loop
      vertex -12.334765036262702 -5.235797121756269 2
      vertex -12.424263651194952 -5.019728351773221 2
      vertex -15.625 0 2
    endloop
  endfacet
  facet normal 0 0 -1
    outer loop
      vertex -9.510565162951535 -3.090169943749474 7
      vertex -15.625 0 7
      vertex -9.563047559630354 -2.9237170472273677 7
    endloop
  endfacet
  facet normal 0 0 -1
    outer loop
      vertex -9.396926207859085 -3.420201433256687 7
      vertex -9.335804264972017 -3.5836794954530027 7
      vertex -15.625 0 7
    endloop
  endfacet
  facet normal 0 0 -1
    outer loop
      vertex -9.396926207859085 -3.420201433256687 7
      vertex -15.625 0 7
      vertex -9.455185755993169 -3.255681544571567 7
    endloop
  endfacet
  facet normal 0 0 -1
    outer loop
      vertex -9.510565162951535 -3.090169943749474 7
      vertex -9.455185755993169 -3.255681544571567 7
      vertex -15.625 0 7
    endloop
  endfacet
  facet normal 0 0 -1
    outer loop
      vertex -9.563047559630354 -2.9237170472273677 7
      vertex -15.625 0 7
      vertex -9.612616959383189 -2.7563735581699915 7
    endloop
  endfacet
  facet normal 0 0 -1
    outer loop
      vertex -9.612616959383189 -2.7563735581699915 7
      vertex -15.625 0 7
      vertex -9.659258262890683 -2.5881904510252074 7
    endloop
  endfacet
  facet normal 0 0 -1
    outer loop
      vertex -9.702957262759965 -2.4192189559966772 7
      vertex -15.625 0 7
      vertex -9.743700647852352 -2.24951054343865 7
    endloop
  endfacet
  facet normal 0 0 -1
    outer loop
      vertex -9.659258262890683 -2.5881904510252074 7
      vertex -15.625 0 7
      vertex -9.702957262759965 -2.4192189559966772 7
    endloop
  endfacet
  facet normal 0 0 -1
    outer loop
      vertex -9.743700647852352 -2.24951054343865 7
      vertex -15.625 0 7
      vertex -9.781476007338057 -2.0791169081775935 7
    endloop
  endfacet
  facet normal 0 0 -1
    outer loop
      vertex -9.781476007338057 -2.0791169081775935 7
      vertex -15.625 0 7
      vertex -9.81627183447664 -1.908089953765448 7
    endloop
  endfacet
  facet normal 0 0 -1
    outer loop
      vertex -9.84807753012208 -1.7364817766693033 7
      vertex -9.81627183447664 -1.908089953765448 7
      vertex -15.625 0 7
    endloop
  endfacet
  facet normal 0 0 -1
    outer loop
      vertex -9.84807753012208 -1.7364817766693033 7
      vertex -15.625 0 7
      vertex -9.876883405951379 -1.5643446504023086 7
    endloop
  endfacet
  facet normal 0 0 -1
    outer loop
      vertex -9.876883405951379 -1.5643446504023086 7
      vertex -15.625 0 7
      vertex -9.902680687415703 -1.3917310096006543 7
    endloop
  endfacet
  facet normal 0 0 -1
    outer loop
      vertex -9.902680687415703 -1.3917310096006543 7
      vertex -15.625 0 7
      vertex -9.92546151641322 -1.2186934340514748 7
    endloop
  endfacet
  facet normal 0 0 -1
    outer loop
      vertex -9.92546151641322 -1.2186934340514748 7
      vertex -15.625 0 7
      vertex -9.945218953682733 -1.0452846326765348 7
    endloop
  endfacet
  facet normal 0 0 -1
    outer loop
      vertex -9.945218953682733 -1.0452846326765348 7
      vertex -15.625 0 7
      vertex -9.961946980917455 -0.8715574274765816 7
    endloop
  endfacet
  facet normal 0 0 -1
    outer loop
      vertex -9.961946980917455 -0.8715574274765816 7
      vertex -15.625 0 7
      vertex -9.975640502598242 -0.697564737441253 7
    endloop
  endfacet
  facet normal 0 0 -1
    outer loop
      vertex -9.975640502598242 -0.697564737441253 7
      vertex -15.625 0 7
      vertex -9.986295347545738 -0.5233595624294384 7
    endloop
  endfacet
  facet normal 0 0 -1
    outer loop
      vertex -9.986295347545738 -0.5233595624294384 7
      vertex -15.625 0 7
      vertex -9.993908270190957 -0.3489949670250097 7
    endloop
  endfacet
  facet normal 0 0 -1
    outer loop
      vertex -9.993908270190957 -0.3489949670250097 7
      vertex -15.625 0 7
      vertex -9.998476951563912 -0.17452406437283513 7
    endloop
  endfacet
  facet normal 0 0 -1
    outer loop
      vertex -9.998476951563912 -0.17452406437283513 7
      vertex -15.625 0 7
      vertex -10 0 7
    endloop
  endfacet
  facet normal 0 0 1
    outer loop
      vertex -8.064321310237448 -10.701715834633724 2
      vertex -7.8125 -13.531646934131853 2
      vertex -7.87632238071914 -10.840827724624296 2
    endloop
  endfacet
  facet normal 0 0 1
    outer loop
      vertex -7.8125 -13.531646934131853 2
      vertex -7.685924247104017 -10.97663739347249 2
      vertex -7.87632238071914 -10.840827724624296 2
    endloop
  endfacet
  facet normal 0 0 1
    outer loop
      vertex -7.8125 -13.531646934131853 2
      vertex -7.4931849065080085 -11.109103472237559 2
      vertex -7.685924247104017 -10.97663739347249 2
    endloop
  endfacet
  facet normal 0 0 1
    outer loop
      vertex -7.8125 -13.531646934131853 2
      vertex -7.2981630692013635 -11.238185610468683 2
      vertex -7.4931849065080085 -11.109103472237559 2
    endloop
  endfacet
  facet normal 0 0 1
    outer loop
      vertex -7.8125 -13.531646934131853 2
      vertex -7.1009181407249455 -11.363844488496108 2
      vertex -7.2981630692013635 -11.238185610468683 2
    endloop
  endfacet
  facet normal 0 0 1
    outer loop
      vertex -7.8125 -13.531646934131853 2
      vertex -6.7 -11.604740410711477 2
      vertex -6.901510203794726 -11.486041829408306 2
    endloop
  endfacet
  facet normal 0 0 1
    outer loop
      vertex -7.8125 -13.531646934131853 2
      vertex -6.4964489113009165 -11.719904075667904 2
      vertex -6.7 -11.604740410711477 2
    endloop
  endfacet
  facet normal 0 0 1
    outer loop
      vertex -7.8125 -13.531646934131853 2
      vertex -6.290918941330937 -11.831497744309623 2
      vertex -6.4964489113009165 -11.719904075667904 2
    endloop
  endfacet
  facet normal 0 0 1
    outer loop
      vertex -7.8125 -13.531646934131853 2
      vertex -6.901510203794726 -11.486041829408306 2
      vertex -7.1009181407249455 -11.363844488496108 2
    endloop
  endfacet
  facet normal 0 0 1
    outer loop
      vertex -7.8125 -13.531646934131853 2
      vertex -5.235797121756269 -12.334765036262702 2
      vertex -5.450271017215723 -12.241509132410853 2
    endloop
  endfacet
  facet normal 0 0 1
    outer loop
      vertex -7.8125 -13.531646934131853 2
      vertex -5.019728351773221 -12.424263651194952 2
      vertex -5.235797121756269 -12.334765036262702 2
    endloop
  endfacet
  facet normal 0 0 1
    outer loop
      vertex -7.8125 -13.531646934131853 2
      vertex -4.8021305239070236 -12.509977715062504 2
      vertex -5.019728351773221 -12.424263651194952 2
    endloop
  endfacet
  facet normal 0 0 1
    outer loop
      vertex -7.8125 -13.531646934131853 2
      vertex -4.583069920563961 -12.591881118531173 2
      vertex -4.8021305239070236 -12.509977715062504 2
    endloop
  endfacet
  facet normal 0 0 1
    outer loop
      vertex -7.8125 -13.531646934131853 2
      vertex -6.083472696509927 -11.93948742412413 2
      vertex -6.290918941330937 -11.831497744309623 2
    endloop
  endfacet
  facet normal 0 0 1
    outer loop
      vertex -7.8125 -13.531646934131853 2
      vertex -5.874173366973637 -12.043840220408839 2
      vertex -6.083472696509927 -11.93948742412413 2
    endloop
  endfacet
  facet normal 0 0 1
    outer loop
      vertex -7.8125 -13.531646934131853 2
      vertex -5.663084707325373 -12.14452434629111 2
      vertex -5.874173366973637 -12.043840220408839 2
    endloop
  endfacet
  facet normal 0 0 1
    outer loop
      vertex -7.8125 -13.531646934131853 2
      vertex -5.450271017215723 -12.241509132410853 2
      vertex -5.663084707325373 -12.14452434629111 2
    endloop
  endfacet
  facet normal 0 0 1
    outer loop
      vertex -7.8125 -13.531646934131853 2
      vertex -4.3626132697259 -12.669948913030845 2
      vertex -4.583069920563961 -12.591881118531173 2
    endloop
  endfacet
  facet normal 0 0 1
    outer loop
      vertex -7.8125 -13.531646934131853 2
      vertex -4.1408277246242955 -12.744157318355057 2
      vertex -4.3626132697259 -12.669948913030845 2
    endloop
  endfacet
  facet normal 0 0 1
    outer loop
      vertex -7.8125 -13.531646934131853 2
      vertex -3.917780843284673 -12.814483729904675 2
      vertex -4.1408277246242955 -12.744157318355057 2
    endloop
  endfacet
  facet normal 0 0 1
    outer loop
      vertex -7.8125 -13.531646934131853 2
      vertex -3.693540567947789 -12.880906725573473 2
      vertex -3.917780843284673 -12.814483729904675 2
    endloop
  endfacet
  facet normal 0 0 1
    outer loop
      vertex -7.8125 -13.531646934131853 2
      vertex -3.2417534010355475 -13.001962732098352 2
      vertex -3.468175204373778 -12.943406072273516 2
    endloop
  endfacet
  facet normal 0 0 1
    outer loop
      vertex -7.8125 -13.531646934131853 2
      vertex -3.014344128207791 -13.056558868122153 2
      vertex -3.2417534010355475 -13.001962732098352 2
    endloop
  endfacet
  facet normal 0 0 1
    outer loop
      vertex -7.8125 -13.531646934131853 2
      vertex -2.786016656957975 -13.107177849832997 2
      vertex -3.014344128207791 -13.056558868122153 2
    endloop
  endfacet
  facet normal 0 0 1
    outer loop
      vertex -7.8125 -13.531646934131853 2
      vertex -3.468175204373778 -12.943406072273516 2
      vertex -3.693540567947789 -12.880906725573473 2
    endloop
  endfacet
  facet normal 0 0 1
    outer loop
      vertex -7.8125 -13.531646934131853 2
      vertex -9.13877802483748 -9.800139601696884 2
      vertex -9.308422164150564 -9.639153324537926 2
    endloop
  endfacet
  facet normal 0 0 1
    outer loop
      vertex -7.8125 -13.531646934131853 2
      vertex -9.308422164150564 -9.639153324537926 2
      vertex -9.475230867899738 -9.475230867899738 2
    endloop
  endfacet
  facet normal 0 0 1
    outer loop
      vertex -7.8125 -13.531646934131853 2
      vertex -9.475230867899738 -9.475230867899738 2
      vertex -9.639153324537926 -9.308422164150564 2
    endloop
  endfacet
  facet normal 0 0 1
    outer loop
      vertex -7.8125 -13.531646934131853 2
      vertex -8.9663501252087 -9.958140661397083 2
      vertex -9.13877802483748 -9.800139601696884 2
    endloop
  endfacet
  facet normal 0 0 1
    outer loop
      vertex -7.8125 -13.531646934131853 2
      vertex -8.791190988472797 -10.113108374985146 2
      vertex -8.9663501252087 -9.958140661397083 2
    endloop
  endfacet
  facet normal 0 0 1
    outer loop
      vertex -8.432893240067822 -10.413755883523411 2
      vertex -7.8125 -13.531646934131853 2
      vertex -8.249863769363822 -10.559344098330074 2
    endloop
  endfacet
  facet normal 0 0 1
    outer loop
      vertex -8.613353969799626 -10.264995537794306 2
      vertex -8.791190988472797 -10.113108374985146 2
      vertex -7.8125 -13.531646934131853 2
    endloop
  endfacet
  facet normal 0 0 1
    outer loop
      vertex -8.613353969799626 -10.264995537794306 2
      vertex -7.8125 -13.531646934131853 2
      vertex -8.432893240067822 -10.413755883523411 2
    endloop
  endfacet
  facet normal 0 0 1
    outer loop
      vertex -8.064321310237448 -10.701715834633724 2
      vertex -8.249863769363822 -10.559344098330074 2
      vertex -7.8125 -13.531646934131853 2
    endloop
  endfacet
  facet normal 0 0 -1
    outer loop
      vertex -7.8125 -13.531646934131853 7
      vertex -7.986355100472928 -6.018150231520483 7
      vertex -7.880107536067219 -6.156614753256583 7
    endloop
  endfacet
  facet normal 0 0 -1
    outer loop
      vertex -7.8125 -13.531646934131853 7
      vertex -8.290375725550415 -5.591929034707469 7
      vertex -8.191520442889917 -5.7357643635104605 7
    endloop
  endfacet
  facet normal 0 0 -1
    outer loop
      vertex -7.8125 -13.531646934131853 7
      vertex -8.191520442889917 -5.7357643635104605 7
      vertex -8.090169943749475 -5.877852522924732 7
    endloop
  endfacet
  facet normal 0 0 -1
    outer loop
      vertex -7.8125 -13.531646934131853 7
      vertex -8.090169943749475 -5.877852522924732 7
      vertex -7.986355100472928 -6.018150231520483 7
    endloop
  endfacet
  facet normal 0 0 -1
    outer loop
      vertex -7.8125 -13.531646934131853 7
      vertex -8.386705679454241 -5.446390350150271 7
      vertex -8.290375725550415 -5.591929034707469 7
    endloop
  endfacet
  facet normal 0 0 -1
    outer loop
      vertex -7.8125 -13.531646934131853 7
      vertex -8.48048096156426 -5.299192642332049 7
      vertex -8.386705679454241 -5.446390350150271 7
    endloop
  endfacet
  facet normal 0 0 -1
    outer loop
      vertex -7.8125 -13.531646934131853 7
      vertex -8.660254037844386 -5 7
      vertex -8.571673007021124 -5.150380749100542 7
    endloop
  endfacet
  facet normal 0 0 -1
    outer loop
      vertex -7.8125 -13.531646934131853 7
      vertex -8.571673007021124 -5.150380749100542 7
      vertex -8.48048096156426 -5.299192642332049 7
    endloop
  endfacet
  facet normal 0 0 -1
    outer loop
      vertex -7.8125 -13.531646934131853 7
      vertex -7.54709580222772 -6.560590289905073 7
      vertex -7.431448254773942 -6.691306063588582 7
    endloop
  endfacet
  facet normal 0 0 -1
    outer loop
      vertex -7.8125 -13.531646934131853 7
      vertex -7.66044443118978 -6.4278760968653925 7
      vertex -7.54709580222772 -6.560590289905073 7
    endloop
  endfacet
  facet normal 0 0 -1
    outer loop
      vertex -7.8125 -13.531646934131853 7
      vertex -7.431448254773942 -6.691306063588582 7
      vertex -7.313537016191704 -6.819983600624985 7
    endloop
  endfacet
  facet normal 0 0 -1
    outer loop
      vertex -7.8125 -13.531646934131853 7
      vertex -7.193398003386512 -6.9465837045899725 7
      vertex -7.0710678118654755 -7.0710678118654755 7
    endloop
  endfacet
  facet normal 0 0 -1
    outer loop
      vertex -7.8125 -13.531646934131853 7
      vertex -7.313537016191704 -6.819983600624985 7
      vertex -7.193398003386512 -6.9465837045899725 7
    endloop
  endfacet
  facet normal 0 0 -1
    outer loop
      vertex -7.8125 -13.531646934131853 7
      vertex -7.0710678118654755 -7.0710678118654755 7
      vertex -6.9465837045899725 -7.193398003386512 7
    endloop
  endfacet
  facet normal 0 0 -1
    outer loop
      vertex -7.8125 -13.531646934131853 7
      vertex -6.9465837045899725 -7.193398003386512 7
      vertex -6.819983600624985 -7.313537016191704 7
    endloop
  endfacet
  facet normal 0 0 -1
    outer loop
      vertex -7.8125 -13.531646934131853 7
      vertex -6.819983600624985 -7.313537016191704 7
      vertex -6.691306063588582 -7.431448254773942 7
    endloop
  endfacet
  facet normal 0 0 -1
    outer loop
      vertex -7.8125 -13.531646934131853 7
      vertex -6.691306063588582 -7.431448254773942 7
      vertex -6.560590289905073 -7.54709580222772 7
    endloop
  endfacet
  facet normal 0 0 -1
    outer loop
      vertex -7.8125 -13.531646934131853 7
      vertex -6.560590289905073 -7.54709580222772 7
      vertex -6.4278760968653925 -7.66044443118978 7
    endloop
  endfacet
  facet normal 0 0 -1
    outer loop
      vertex -7.8125 -13.531646934131853 7
      vertex -6.4278760968653925 -7.66044443118978 7
      vertex -6.293203910498374 -7.771459614569709 7
    endloop
  endfacet
  facet normal 0 0 -1
    outer loop
      vertex -7.8125 -13.531646934131853 7
      vertex -6.293203910498374 -7.771459614569709 7
      vertex -6.156614753256583 -7.880107536067219 7
    endloop
  endfacet
  facet normal 0 0 -1
    outer loop
      vertex -7.8125 -13.531646934131853 7
      vertex -7.880107536067219 -6.156614753256583 7
      vertex -7.771459614569709 -6.293203910498374 7
    endloop
  endfacet
  facet normal 0 0 -1
    outer loop
      vertex -7.8125 -13.531646934131853 7
      vertex -7.771459614569709 -6.293203910498374 7
      vertex -7.66044443118978 -6.4278760968653925 7
    endloop
  endfacet
  facet normal 0 0 -1
    outer loop
      vertex -7.8125 -13.531646934131853 7
      vertex -6.156614753256583 -7.880107536067219 7
      vertex -6.018150231520483 -7.986355100472928 7
    endloop
  endfacet
  facet normal 0 0 -1
    outer loop
      vertex -7.8125 -13.531646934131853 7
      vertex -6.018150231520483 -7.986355100472928 7
      vertex -5.877852522924732 -8.090169943749475 7
    endloop
  endfacet
  facet normal 0 0 -1
    outer loop
      vertex -7.8125 -13.531646934131853 7
      vertex -5.877852522924732 -8.090169943749475 7
      vertex -5.7357643635104605 -8.191520442889917 7
    endloop
  endfacet
  facet normal 0 0 -1
    outer loop
      vertex -7.8125 -13.531646934131853 7
      vertex -5.7357643635104605 -8.191520442889917 7
      vertex -5.591929034707469 -8.290375725550415 7
    endloop
  endfacet
  facet normal 0 0 -1
    outer loop
      vertex -7.8125 -13.531646934131853 7
      vertex -5.591929034707469 -8.290375725550415 7
      vertex -5.446390350150271 -8.386705679454241 7
    endloop
  endfacet
  facet normal 0 0 -1
    outer loop
      vertex -7.8125 -13.531646934131853 7
      vertex -5.150380749100542 -8.571673007021124 7
      vertex -5 -8.660254037844386 7
    endloop
  endfacet
  facet normal 0 0 -1
    outer loop
      vertex -7.8125 -13.531646934131853 7
      vertex -4.8480962024633705 -8.746197071393958 7
      vertex -4.694715627858908 -8.82947592858927 7
    endloop
  endfacet
  facet normal 0 0 -1
    outer loop
      vertex -7.8125 -13.531646934131853 7
      vertex -5 -8.660254037844386 7
      vertex -4.8480962024633705 -8.746197071393958 7
    endloop
  endfacet
  facet normal 0 0 -1
    outer loop
      vertex -7.8125 -13.531646934131853 7
      vertex -4.694715627858908 -8.82947592858927 7
      vertex -4.5399049973954675 -8.910065241883679 7
    endloop
  endfacet
  facet normal 0 0 -1
    outer loop
      vertex -7.8125 -13.531646934131853 7
      vertex -5.446390350150271 -8.386705679454241 7
      vertex -5.299192642332049 -8.48048096156426 7
    endloop
  endfacet
  facet normal 0 0 -1
    outer loop
      vertex -7.8125 -13.531646934131853 7
      vertex -5.299192642332049 -8.48048096156426 7
      vertex -5.150380749100542 -8.571673007021124 7
    endloop
  endfacet
  facet normal 0 0 -1
    outer loop
      vertex -7.8125 -13.531646934131853 7
      vertex -3.5836794954530027 -9.335804264972017 7
      vertex -3.420201433256687 -9.396926207859085 7
    endloop
  endfacet
  facet normal 0 0 -1
    outer loop
      vertex -7.8125 -13.531646934131853 7
      vertex -3.420201433256687 -9.396926207859085 7
      vertex -3.255681544571567 -9.455185755993169 7
    endloop
  endfacet
  facet normal 0 0 -1
    outer loop
      vertex -7.8125 -13.531646934131853 7
      vertex -3.255681544571567 -9.455185755993169 7
      vertex -3.090169943749474 -9.510565162951535 7
    endloop
  endfacet
  facet normal 0 0 -1
    outer loop
      vertex -7.8125 -13.531646934131853 7
      vertex -3.090169943749474 -9.510565162951535 7
      vertex -2.9237170472273677 -9.563047559630354 7
    endloop
  endfacet
  facet normal 0 0 -1
    outer loop
      vertex -7.8125 -13.531646934131853 7
      vertex -4.5399049973954675 -8.910065241883679 7
      vertex -4.383711467890774 -8.98794046299167 7
    endloop
  endfacet
  facet normal 0 0 -1
    outer loop
      vertex -7.8125 -13.531646934131853 7
      vertex -4.383711467890774 -8.98794046299167 7
      vertex -4.2261826174069945 -9.063077870366499 7
    endloop
  endfacet
  facet normal 0 0 -1
    outer loop
      vertex -7.8125 -13.531646934131853 7
      vertex -4.2261826174069945 -9.063077870366499 7
      vertex -4.067366430758002 -9.135454576426008 7
    endloop
  endfacet
  facet normal 0 0 -1
    outer loop
      vertex -7.8125 -13.531646934131853 7
      vertex -4.067366430758002 -9.135454576426008 7
      vertex -3.907311284892738 -9.205048534524403 7
    endloop
  endfacet
  facet normal 0 0 -1
    outer loop
      vertex -7.8125 -13.531646934131853 7
      vertex -3.907311284892738 -9.205048534524403 7
      vertex -3.74606593415912 -9.271838545667874 7
    endloop
  endfacet
  facet normal 0 0 -1
    outer loop
      vertex -7.8125 -13.531646934131853 7
      vertex -3.74606593415912 -9.271838545667874 7
      vertex -3.5836794954530027 -9.335804264972017 7
    endloop
  endfacet
  facet normal 0 0 1
    outer loop
      vertex -7.8125 -13.531646934131853 2
      vertex -2.5568405380457007 -13.153804258198697 2
      vertex -2.786016656957975 -13.107177849832997 2
    endloop
  endfacet
  facet normal 0 0 1
    outer loop
      vertex -7.8125 -13.531646934131853 2
      vertex -2.3268855807368665 -13.196423890363588 2
      vertex -2.5568405380457007 -13.153804258198697 2
    endloop
  endfacet
  facet normal 0 0 1
    outer loop
      vertex -7.8125 -13.531646934131853 2
      vertex -2.096221831539094 -13.235023763974846 2
      vertex -2.3268855807368665 -13.196423890363588 2
    endloop
  endfacet
  facet normal 0 0 1
    outer loop
      vertex -7.8125 -13.531646934131853 2
      vertex -1.864919552864877 -13.269592121137043 2
      vertex -2.096221831539094 -13.235023763974846 2
    endloop
  endfacet
  facet normal 0 0 1
    outer loop
      vertex -7.8125 -13.531646934131853 2
      vertex -1.6330492016289762 -13.300118431993715 2
      vertex -1.864919552864877 -13.269592121137043 2
    endloop
  endfacet
  facet normal 0 0 1
    outer loop
      vertex -7.8125 -13.531646934131853 2
      vertex -1.1678869528186195 -13.34900895442939 2
      vertex -1.4006814077865566 -13.326593397934863 2
    endloop
  endfacet
  facet normal 0 0 1
    outer loop
      vertex -7.8125 -13.531646934131853 2
      vertex -1.4006814077865566 -13.326593397934863 2
      vertex -1.6330492016289762 -13.300118431993715 2
    endloop
  endfacet
  facet normal 0 0 1
    outer loop
      vertex -7.8125 -13.531646934131853 2
      vertex -0.934736748171279 -13.367358273481644 2
      vertex -1.1678869528186195 -13.34900895442939 2
    endloop
  endfacet
  facet normal 0 0 1
    outer loop
      vertex -7.8125 -13.531646934131853 2
      vertex -0.7013018136554474 -13.38163576571129 2
      vertex -0.934736748171279 -13.367358273481644 2
    endloop
  endfacet
  facet normal 0 0 1
    outer loop
      vertex -7.8125 -13.531646934131853 2
      vertex -0.467653255813513 -13.391837082055883 2
      vertex -0.7013018136554474 -13.38163576571129 2
    endloop
  endfacet
  facet normal 0 0 1
    outer loop
      vertex -7.8125 -13.531646934131853 2
      vertex -0.23386224625959906 -13.397959115095643 2
      vertex -0.467653255813513 -13.391837082055883 2
    endloop
  endfacet
  facet normal 0 0 1
    outer loop
      vertex -7.8125 -13.531646934131853 2
      vertex 0 -13.4 2
      vertex -0.23386224625959906 -13.397959115095643 2
    endloop
  endfacet
  facet normal 0 1 0
    outer loop
      vertex -7.8125 -13.531646934131853 2
      vertex -7.8125 -13.531646934131853 7
      vertex 10.1875 -13.531646934131853 7
    endloop
  endfacet
  facet normal 0 0 -1
    outer loop
      vertex -7.8125 -13.531646934131853 7
      vertex -2.5881904510252074 -9.659258262890683 7
      vertex -2.4192189559966772 -9.702957262759965 7
    endloop
  endfacet
  facet normal 0 0 -1
    outer loop
      vertex -7.8125 -13.531646934131853 7
      vertex -2.9237170472273677 -9.563047559630354 7
      vertex -2.7563735581699915 -9.612616959383189 7
    endloop
  endfacet
  facet normal 0 0 -1
    outer loop
      vertex -7.8125 -13.531646934131853 7
      vertex -2.7563735581699915 -9.612616959383189 7
      vertex -2.5881904510252074 -9.659258262890683 7
    endloop
  endfacet
  facet normal 0 0 -1
    outer loop
      vertex -7.8125 -13.531646934131853 7
      vertex -2.4192189559966772 -9.702957262759965 7
      vertex -2.24951054343865 -9.743700647852352 7
    endloop
  endfacet
  facet normal 0 0 -1
    outer loop
      vertex -7.8125 -13.531646934131853 7
      vertex -2.24951054343865 -9.743700647852352 7
      vertex -2.0791169081775935 -9.781476007338057 7
    endloop
  endfacet
  facet normal 0 0 -1
    outer loop
      vertex -7.8125 -13.531646934131853 7
      vertex -2.0791169081775935 -9.781476007338057 7
      vertex -1.908089953765448 -9.81627183447664 7
    endloop
  endfacet
  facet normal 0 0 -1
    outer loop
      vertex -7.8125 -13.531646934131853 7
      vertex -1.908089953765448 -9.81627183447664 7
      vertex -1.7364817766693033 -9.84807753012208 7
    endloop
  endfacet
  facet normal 0 0 -1
    outer loop
      vertex -7.8125 -13.531646934131853 7
      vertex -1.7364817766693033 -9.84807753012208 7
      vertex -1.5643446504023086 -9.876883405951379 7
    endloop
  endfacet
  facet normal 0 0 -1
    outer loop
      vertex -7.8125 -13.531646934131853 7
      vertex -1.5643446504023086 -9.876883405951379 7
      vertex -1.3917310096006543 -9.902680687415703 7
    endloop
  endfacet
  facet normal 0 0 -1
    outer loop
      vertex -7.8125 -13.531646934131853 7
      vertex -1.3917310096006543 -9.902680687415703 7
      vertex -1.2186934340514748 -9.92546151641322 7
    endloop
  endfacet
  facet normal 0 0 -1
    outer loop
      vertex -7.8125 -13.531646934131853 7
      vertex -1.2186934340514748 -9.92546151641322 7
      vertex -1.0452846326765348 -9.945218953682733 7
    endloop
  endfacet
  facet normal 0 0 -1
    outer loop
      vertex -7.8125 -13.531646934131853 7
      vertex -1.0452846326765348 -9.945218953682733 7
      vertex -0.8715574274765816 -9.961946980917455 7
    endloop
  endfacet
  facet normal 0 0 -1
    outer loop
      vertex -7.8125 -13.531646934131853 7
      vertex -0.8715574274765816 -9.961946980917455 7
      vertex -0.697564737441253 -9.975640502598242 7
    endloop
  endfacet
  facet normal 0 0 -1
    outer loop
      vertex -7.8125 -13.531646934131853 7
      vertex -0.697564737441253 -9.975640502598242 7
      vertex -0.5233595624294384 -9.986295347545738 7
    endloop
  endfacet
  facet normal 0 0 -1
    outer loop
      vertex -7.8125 -13.531646934131853 7
      vertex -0.5233595624294384 -9.986295347545738 7
      vertex -0.3489949670250097 -9.993908270190957 7
    endloop
  endfacet
  facet normal 0 0 -1
    outer loop
      vertex -7.8125 -13.531646934131853 7
      vertex -0.3489949670250097 -9.993908270190957 7
      vertex -0.17452406437283513 -9.998476951563912 7
    endloop
  endfacet
  facet normal 0 0 -1
    outer loop
      vertex -7.8125 -13.531646934131853 7
      vertex -0.17452406437283513 -9.998476951563912 7
      vertex 0 -10 7
    endloop
  endfacet
  facet normal 0 0 -1
    outer loop
      vertex -7.8125 -13.531646934131853 7
      vertex -8.82947592858927 -4.694715627858908 7
      vertex -8.746197071393958 -4.8480962024633705 7
    endloop
  endfacet
  facet normal 0 0 -1
    outer loop
      vertex -7.8125 -13.531646934131853 7
      vertex -8.910065241883679 -4.5399049973954675 7
      vertex -8.82947592858927 -4.694715627858908 7
    endloop
  endfacet
  facet normal 0 0 -1
    outer loop
      vertex -7.8125 -13.531646934131853 7
      vertex -9.063077870366499 -4.2261826174069945 7
      vertex -8.98794046299167 -4.383711467890774 7
    endloop
  endfacet
  facet normal 0 0 -1
    outer loop
      vertex -7.8125 -13.531646934131853 7
      vertex -8.98794046299167 -4.383711467890774 7
      vertex -8.910065241883679 -4.5399049973954675 7
    endloop
  endfacet
  facet normal 0 0 -1
    outer loop
      vertex -7.8125 -13.531646934131853 7
      vertex -9.335804264972017 -3.5836794954530027 7
      vertex -9.271838545667874 -3.74606593415912 7
    endloop
  endfacet
  facet normal 0 0 -1
    outer loop
      vertex -7.8125 -13.531646934131853 7
      vertex -9.271838545667874 -3.74606593415912 7
      vertex -9.205048534524403 -3.907311284892738 7
    endloop
  endfacet
  facet normal 0 0 -1
    outer loop
      vertex -7.8125 -13.531646934131853 7
      vertex -9.135454576426008 -4.067366430758002 7
      vertex -9.063077870366499 -4.2261826174069945 7
    endloop
  endfacet
  facet normal 0 0 -1
    outer loop
      vertex -7.8125 -13.531646934131853 7
      vertex -9.205048534524403 -3.907311284892738 7
      vertex -9.135454576426008 -4.067366430758002 7
    endloop
  endfacet
  facet normal 0 0 -1
    outer loop
      vertex -7.8125 -13.531646934131853 7
      vertex -8.746197071393958 -4.8480962024633705 7
      vertex -8.660254037844386 -5 7
    endloop
  endfacet
  facet normal 0 0 1
    outer loop
      vertex -15.625 0 2
      vertex -13.4 0 2
      vertex -13.397959115095643 0.23386224625959906 2
    endloop
  endfacet
  facet normal 0 0 1
    outer loop
      vertex -15.625 0 2
      vertex -13.397959115095643 0.23386224625959906 2
      vertex -13.391837082055883 0.467653255813513 2
    endloop
  endfacet
  facet normal 0 0 1
    outer loop
      vertex -15.625 0 2
      vertex -13.391837082055883 0.467653255813513 2
      vertex -13.38163576571129 0.7013018136554474 2
    endloop
  endfacet
  facet normal 0 0 1
    outer loop
      vertex -15.625 0 2
      vertex -13.38163576571129 0.7013018136554474 2
      vertex -13.367358273481644 0.934736748171279 2
    endloop
  endfacet
  facet normal 0 0 1
    outer loop
      vertex -15.625 0 2
      vertex -13.367358273481644 0.934736748171279 2
      vertex -13.34900895442939 1.1678869528186195 2
    endloop
  endfacet
  facet normal 0 0 1
    outer loop
      vertex -15.625 0 2
      vertex -13.34900895442939 1.1678869528186195 2
      vertex -13.326593397934863 1.4006814077865566 2
    endloop
  endfacet
  facet normal 0 0 1
    outer loop
      vertex -15.625 0 2
      vertex -13.326593397934863 1.4006814077865566 2
      vertex -13.300118431993715 1.6330492016289762 2
    endloop
  endfacet
  facet normal 0 0 1
    outer loop
      vertex -15.625 0 2
      vertex -13.300118431993715 1.6330492016289762 2
      vertex -13.269592121137043 1.864919552864877 2
    endloop
  endfacet
  facet normal 0 0 1
    outer loop
      vertex -15.625 0 2
      vertex -13.269592121137043 1.864919552864877 2
      vertex -13.235023763974846 2.096221831539094 2
    endloop
  endfacet
  facet normal 0 0 1
    outer loop
      vertex -15.625 0 2
      vertex -13.235023763974846 2.096221831539094 2
      vertex -13.196423890363588 2.3268855807368665 2
    endloop
  endfacet
  facet normal 0 0 1
    outer loop
      vertex -15.625 0 2
      vertex -13.196423890363588 2.3268855807368665 2
      vertex -13.153804258198697 2.5568405380457007 2
    endloop
  endfacet
  facet normal 0 0 1
    outer loop
      vertex -15.625 0 2
      vertex -13.153804258198697 2.5568405380457007 2
      vertex -13.107177849832997 2.786016656957975 2
    endloop
  endfacet
  facet normal 0 0 1
    outer loop
      vertex -15.625 0 2
      vertex -13.107177849832997 2.786016656957975 2
      vertex -13.056558868122153 3.014344128207791 2
    endloop
  endfacet
  facet normal 0 0 1
    outer loop
      vertex -15.625 0 2
      vertex -13.056558868122153 3.014344128207791 2
      vertex -13.001962732098352 3.2417534010355475 2
    endloop
  endfacet
  facet normal 0 0 1
    outer loop
      vertex -15.625 0 2
      vertex -13.001962732098352 3.2417534010355475 2
      vertex -12.943406072273516 3.468175204373778 2
    endloop
  endfacet
  facet normal 0 0 1
    outer loop
      vertex -15.625 0 2
      vertex -12.943406072273516 3.468175204373778 2
      vertex -12.880906725573473 3.693540567947789 2
    endloop
  endfacet
  facet normal 0 0 1
    outer loop
      vertex -15.625 0 2
      vertex -12.880906725573473 3.693540567947789 2
      vertex -12.814483729904675 3.917780843284673 2
    endloop
  endfacet
  facet normal 0 0 1
    outer loop
      vertex -15.625 0 2
      vertex -12.814483729904675 3.917780843284673 2
      vertex -12.744157318355057 4.1408277246242955 2
    endloop
  endfacet
  facet normal 0 0 1
    outer loop
      vertex -15.625 0 2
      vertex -12.744157318355057 4.1408277246242955 2
      vertex -12.669948913030845 4.3626132697259 2
    endloop
  endfacet
  facet normal 0 0 1
    outer loop
      vertex -15.625 0 2
      vertex -12.669948913030845 4.3626132697259 2
      vertex -12.591881118531173 4.583069920563961 2
    endloop
  endfacet
  facet normal 0 0 1
    outer loop
      vertex -15.625 0 2
      vertex -12.591881118531173 4.583069920563961 2
      vertex -12.509977715062504 4.8021305239070236 2
    endloop
  endfacet
  facet normal 0 0 1
    outer loop
      vertex -15.625 0 2
      vertex -12.509977715062504 4.8021305239070236 2
      vertex -12.424263651194952 5.019728351773221 2
    endloop
  endfacet
  facet normal 0 0 -1
    outer loop
      vertex -15.625 0 7
      vertex -9.998476951563912 0.17452406437283513 7
      vertex -10 0 7
    endloop
  endfacet
  facet normal 0 0 -1
    outer loop
      vertex -15.625 0 7
      vertex -9.993908270190957 0.3489949670250097 7
      vertex -9.998476951563912 0.17452406437283513 7
    endloop
  endfacet
  facet normal 0 0 -1
    outer loop
      vertex -15.625 0 7
      vertex -9.986295347545738 0.5233595624294384 7
      vertex -9.993908270190957 0.3489949670250097 7
    endloop
  endfacet
  facet normal 0 0 -1
    outer loop
      vertex -15.625 0 7
      vertex -9.975640502598242 0.697564737441253 7
      vertex -9.986295347545738 0.5233595624294384 7
    endloop
  endfacet
  facet normal 0 0 -1
    outer loop
      vertex -15.625 0 7
      vertex -9.961946980917455 0.8715574274765816 7
      vertex -9.975640502598242 0.697564737441253 7
    endloop
  endfacet
  facet normal 0 0 -1
    outer loop
      vertex -15.625 0 7
      vertex -9.945218953682733 1.0452846326765348 7
      vertex -9.961946980917455 0.8715574274765816 7
    endloop
  endfacet
  facet normal 0 0 -1
    outer loop
      vertex -15.625 0 7
      vertex -9.92546151641322 1.2186934340514748 7
      vertex -9.945218953682733 1.0452846326765348 7
    endloop
  endfacet
  facet normal 0 0 -1
    outer loop
      vertex -15.625 0 7
      vertex -9.902680687415703 1.3917310096006543 7
      vertex -9.92546151641322 1.2186934340514748 7
    endloop
  endfacet
  facet normal 0 0 -1
    outer loop
      vertex -15.625 0 7
      vertex -9.876883405951379 1.5643446504023086 7
      vertex -9.902680687415703 1.3917310096006543 7
    endloop
  endfacet
  facet normal 0 0 -1
    outer loop
      vertex -15.625 0 7
      vertex -9.84807753012208 1.7364817766693033 7
      vertex -9.876883405951379 1.5643446504023086 7
    endloop
  endfacet
  facet normal 0 0 -1
    outer loop
      vertex -15.625 0 7
      vertex -9.81627183447664 1.908089953765448 7
      vertex -9.84807753012208 1.7364817766693033 7
    endloop
  endfacet
  facet normal 0 0 -1
    outer loop
      vertex -15.625 0 7
      vertex -9.781476007338057 2.0791169081775935 7
      vertex -9.81627183447664 1.908089953765448 7
    endloop
  endfacet
  facet normal 0 0 -1
    outer loop
      vertex -15.625 0 7
      vertex -9.743700647852352 2.24951054343865 7
      vertex -9.781476007338057 2.0791169081775935 7
    endloop
  endfacet
  facet normal 0 0 -1
    outer loop
      vertex -15.625 0 7
      vertex -9.702957262759965 2.4192189559966772 7
      vertex -9.743700647852352 2.24951054343865 7
    endloop
  endfacet
  facet normal 0 0 -1
    outer loop
      vertex -15.625 0 7
      vertex -9.659258262890683 2.5881904510252074 7
      vertex -9.702957262759965 2.4192189559966772 7
    endloop
  endfacet
  facet normal 0 0 -1
    outer loop
      vertex -15.625 0 7
      vertex -9.612616959383189 2.7563735581699915 7
      vertex -9.659258262890683 2.5881904510252074 7
    endloop
  endfacet
  facet normal 0 0 -1
    outer loop
      vertex -15.625 0 7
      vertex -9.563047559630354 2.9237170472273677 7
      vertex -9.612616959383189 2.7563735581699915 7
    endloop
  endfacet
  facet normal 0 0 1
    outer loop
      vertex -15.625 0 2
      vertex -12.424263651194952 5.019728351773221 2
      vertex -12.334765036262702 5.235797121756269 2
    endloop
  endfacet
  facet normal 0 0 1
    outer loop
      vertex -15.625 0 2
      vertex -12.334765036262702 5.235797121756269 2
      vertex -12.241509132410853 5.450271017215723 2
    endloop
  endfacet
  facet normal 0 0 1
    outer loop
      vertex -15.625 0 2
      vertex -12.241509132410853 5.450271017215723 2
      vertex -12.14452434629111 5.663084707325373 2
    endloop
  endfacet
  facet normal 0 0 1
    outer loop
      vertex -15.625 0 2
      vertex -12.14452434629111 5.663084707325373 2
      vertex -12.043840220408839 5.874173366973637 2
    endloop
  endfacet
  facet normal 0 0 -1
    outer loop
      vertex -15.625 0 7
      vertex -9.510565162951535 3.090169943749474 7
      vertex -9.563047559630354 2.9237170472273677 7
    endloop
  endfacet
  facet normal 0 0 -1
    outer loop
      vertex -15.625 0 7
      vertex -9.455185755993169 3.255681544571567 7
      vertex -9.510565162951535 3.090169943749474 7
    endloop
  endfacet
  facet normal 0 0 -1
    outer loop
      vertex -15.625 0 7
      vertex -9.396926207859085 3.420201433256687 7
      vertex -9.455185755993169 3.255681544571567 7
    endloop
  endfacet
  facet normal 0 0 -1
    outer loop
      vertex -15.625 0 7
      vertex -9.335804264972017 3.5836794954530027 7
      vertex -9.396926207859085 3.420201433256687 7
    endloop
  endfacet
  facet normal 0 0 1
    outer loop
      vertex -15.625 0 2
      vertex -12.043840220408839 5.874173366973637 2
      vertex -11.93948742412413 6.083472696509927 2
    endloop
  endfacet
  facet normal 0 0 1
    outer loop
      vertex -15.625 0 2
      vertex -11.93948742412413 6.083472696509927 2
      vertex -11.831497744309623 6.290918941330937 2
    endloop
  endfacet
  facet normal 0 0 1
    outer loop
      vertex -15.625 0 2
      vertex -11.831497744309623 6.290918941330937 2
      vertex -11.719904075667904 6.4964489113009165 2
    endloop
  endfacet
  facet normal 0 0 1
    outer loop
      vertex -15.625 0 2
      vertex -11.719904075667904 6.4964489113009165 2
      vertex -11.604740410711477 6.7 2
    endloop
  endfacet
  facet normal 0 0 1
    outer loop
      vertex -15.625 0 2
      vertex -11.604740410711477 6.7 2
      vertex -11.486041829408306 6.901510203794726 2
    endloop
  endfacet
  facet normal 0.8660254037844386 -0.5 0
    outer loop
      vertex -15.625 0 2
      vertex -7.8125 13.531646934131853 7
      vertex -15.625 0 7
    endloop
  endfacet
  facet normal 0 0 1
    outer loop
      vertex -15.625 0 2
      vertex -11.486041829408306 6.901510203794726 2
      vertex -7.8125 13.531646934131853 2
    endloop
  endfacet
  facet normal 0 0 -1
    outer loop
      vertex -15.625 0 7
      vertex -7.8125 13.531646934131853 7
      vertex -9.335804264972017 3.5836794954530027 7
    endloop
  endfacet
  facet normal 0 0 1
    outer loop
      vertex -11.486041829408306 6.901510203794726 2
      vertex -11.363844488496108 7.1009181407249455 2
      vertex -7.8125 13.531646934131853 2
    endloop
  endfacet
  facet normal 0 0 1
    outer loop
      vertex -11.363844488496108 7.1009181407249455 2
      vertex -11.238185610468683 7.2981630692013635 2
      vertex -7.8125 13.531646934131853 2
    endloop
  endfacet
  facet normal 0.8660254037844386 -0.5 0
    outer loop
      vertex -15.625 0 2
      vertex -7.8125 13.531646934131853 2
      vertex -7.8125 13.531646934131853 7
    endloop
  endfacet
  facet normal 0 0 1
    outer loop
      vertex -11.238185610468683 7.2981630692013635 2
      vertex -11.109103472237559 7.4931849065080085 2
      vertex -7.8125 13.531646934131853 2
    endloop
  endfacet
  facet normal 0 0 1
    outer loop
      vertex -11.109103472237559 7.4931849065080085 2
      vertex -10.97663739347249 7.685924247104017 2
      vertex -7.8125 13.531646934131853 2
    endloop
  endfacet
  facet normal 0 0 1
    outer loop
      vertex -10.97663739347249 7.685924247104017 2
      vertex -10.840827724624296 7.87632238071914 2
      vertex -7.8125 13.531646934131853 2
    endloop
  endfacet
  facet normal 0 0 1
    outer loop
      vertex -10.840827724624296 7.87632238071914 2
      vertex -10.701715834633724 8.064321310237448 2
      vertex -7.8125 13.531646934131853 2
    endloop
  endfacet
  facet normal 0 0 1
    outer loop
      vertex -10.701715834633724 8.064321310237448 2
      vertex -10.559344098330074 8.249863769363822 2
      vertex -7.8125 13.531646934131853 2
    endloop
  endfacet
  facet normal 0 0 1
    outer loop
      vertex -10.559344098330074 8.249863769363822 2
      vertex -10.413755883523411 8.432893240067822 2
      vertex -7.8125 13.531646934131853 2
    endloop
  endfacet
  facet normal 0 0 1
    outer loop
      vertex -10.413755883523411 8.432893240067822 2
      vertex -10.264995537794306 8.613353969799626 2
      vertex -7.8125 13.531646934131853 2
    endloop
  endfacet
  facet normal 0 0 1
    outer loop
      vertex -10.264995537794306 8.613353969799626 2
      vertex -10.113108374985146 8.791190988472797 2
      vertex -7.8125 13.531646934131853 2
    endloop
  endfacet
  facet normal 0 0 1
    outer loop
      vertex -10.113108374985146 8.791190988472797 2
      vertex -9.958140661397083 8.9663501252087 2
      vertex -7.8125 13.531646934131853 2
    endloop
  endfacet
  facet normal 0 0 1
    outer loop
      vertex -9.958140661397083 8.9663501252087 2
      vertex -9.800139601696884 9.13877802483748 2
      vertex -7.8125 13.531646934131853 2
    endloop
  endfacet
  facet normal 0 0 1
    outer loop
      vertex -9.800139601696884 9.13877802483748 2
      vertex -9.639153324537926 9.308422164150564 2
      vertex -7.8125 13.531646934131853 2
    endloop
  endfacet
  facet normal 0 0 -1
    outer loop
      vertex -9.335804264972017 3.5836794954530027 7
      vertex -7.8125 13.531646934131853 7
      vertex -9.271838545667874 3.74606593415912 7
    endloop
  endfacet
  facet normal 0 0 -1
    outer loop
      vertex -9.271838545667874 3.74606593415912 7
      vertex -7.8125 13.531646934131853 7
      vertex -9.205048534524403 3.907311284892738 7
    endloop
  endfacet
  facet normal 0 0 -1
    outer loop
      vertex -9.205048534524403 3.907311284892738 7
      vertex -7.8125 13.531646934131853 7
      vertex -9.135454576426008 4.067366430758002 7
    endloop
  endfacet
  facet normal 0 0 -1
    outer loop
      vertex -9.135454576426008 4.067366430758002 7
      vertex -7.8125 13.531646934131853 7
      vertex -9.063077870366499 4.2261826174069945 7
    endloop
  endfacet
  facet normal 0 0 -1
    outer loop
      vertex -9.063077870366499 4.2261826174069945 7
      vertex -7.8125 13.531646934131853 7
      vertex -8.98794046299167 4.383711467890774 7
    endloop
  endfacet
  facet normal 0 0 -1
    outer loop
      vertex -8.98794046299167 4.383711467890774 7
      vertex -7.8125 13.531646934131853 7
      vertex -8.910065241883679 4.5399049973954675 7
    endloop
  endfacet
  facet normal 0 0 -1
    outer loop
      vertex -8.910065241883679 4.5399049973954675 7
      vertex -7.8125 13.531646934131853 7
      vertex -8.82947592858927 4.694715627858908 7
    endloop
  endfacet
  facet normal 0 0 -1
    outer loop
      vertex -8.82947592858927 4.694715627858908 7
      vertex -7.8125 13.531646934131853 7
      vertex -8.746197071393958 4.8480962024633705 7
    endloop
  endfacet
  facet normal 0 0 -1
    outer loop
      vertex -8.746197071393958 4.8480962024633705 7
      vertex -7.8125 13.531646934131853 7
      vertex -8.660254037844386 5 7
    endloop
  endfacet
  facet normal 0 0 -1
    outer loop
      vertex -8.660254037844386 5 7
      vertex -7.8125 13.531646934131853 7
      vertex -8.571673007021124 5.150380749100542 7
    endloop
  endfacet
  facet normal 0 0 -1
    outer loop
      vertex -8.571673007021124 5.150380749100542 7
      vertex -7.8125 13.531646934131853 7
      vertex -8.48048096156426 5.299192642332049 7
    endloop
  endfacet
  facet normal 0 0 -1
    outer loop
      vertex -8.48048096156426 5.299192642332049 7
      vertex -7.8125 13.531646934131853 7
      vertex -8.386705679454241 5.446390350150271 7
    endloop
  endfacet
  facet normal 0 0 -1
    outer loop
      vertex -8.386705679454241 5.446390350150271 7
      vertex -7.8125 13.531646934131853 7
      vertex -8.290375725550415 5.591929034707469 7
    endloop
  endfacet
  facet normal 0 0 -1
    outer loop
      vertex -8.290375725550415 5.591929034707469 7
      vertex -7.8125 13.531646934131853 7
      vertex -8.191520442889917 5.7357643635104605 7
    endloop
  endfacet
  facet normal 0 0 -1
    outer loop
      vertex -8.191520442889917 5.7357643635104605 7
      vertex -7.8125 13.531646934131853 7
      vertex -8.090169943749475 5.877852522924732 7
    endloop
  endfacet
  facet normal 0 0 -1
    outer loop
      vertex -8.090169943749475 5.877852522924732 7
      vertex -7.8125 13.531646934131853 7
      vertex -7.986355100472928 6.018150231520483 7
    endloop
  endfacet
  facet normal 0 0 -1
    outer loop
      vertex -7.986355100472928 6.018150231520483 7
      vertex -7.8125 13.531646934131853 7
      vertex -7.880107536067219 6.156614753256583 7
    endloop
  endfacet
  facet normal 0 0 -1
    outer loop
      vertex -7.880107536067219 6.156614753256583 7
      vertex -7.8125 13.531646934131853 7
      vertex -7.771459614569709 6.293203910498374 7
    endloop
  endfacet
  facet normal 0 0 -1
    outer loop
      vertex -7.771459614569709 6.293203910498374 7
      vertex -7.8125 13.531646934131853 7
      vertex -7.66044443118978 6.4278760968653925 7
    endloop
  endfacet
  facet normal 0 0 -1
    outer loop
      vertex -7.66044443118978 6.4278760968653925 7
      vertex -7.8125 13.531646934131853 7
      vertex -7.54709580222772 6.560590289905073 7
    endloop
  endfacet
  facet normal 0 0 -1
    outer loop
      vertex -7.54709580222772 6.560590289905073 7
      vertex -7.8125 13.531646934131853 7
      vertex -7.431448254773942 6.691306063588582 7
    endloop
  endfacet
  facet normal 0 0 -1
    outer loop
      vertex -7.431448254773942 6.691306063588582 7
      vertex -7.8125 13.531646934131853 7
      vertex -7.313537016191704 6.819983600624985 7
    endloop
  endfacet
  facet normal 0 0 -1
    outer loop
      vertex -7.313537016191704 6.819983600624985 7
      vertex -7.8125 13.531646934131853 7
      vertex -7.193398003386512 6.9465837045899725 7
    endloop
  endfacet
  facet normal 0 0 -1
    outer loop
      vertex -7.193398003386512 6.9465837045899725 7
      vertex -7.8125 13.531646934131853 7
      vertex -7.0710678118654755 7.0710678118654755 7
    endloop
  endfacet
  facet normal 0 0 -1
    outer loop
      vertex -7.0710678118654755 7.0710678118654755 7
      vertex -7.8125 13.531646934131853 7
      vertex -6.9465837045899725 7.193398003386512 7
    endloop
  endfacet
  facet normal 0 0 -1
    outer loop
      vertex -6.9465837045899725 7.193398003386512 7
      vertex -7.8125 13.531646934131853 7
      vertex -6.819983600624985 7.313537016191704 7
    endloop
  endfacet
  facet normal 0 0 -1
    outer loop
      vertex -6.819983600624985 7.313537016191704 7
      vertex -7.8125 13.531646934131853 7
      vertex -6.691306063588582 7.431448254773942 7
    endloop
  endfacet
  facet normal 0 0 -1
    outer loop
      vertex -6.691306063588582 7.431448254773942 7
      vertex -7.8125 13.531646934131853 7
      vertex -6.560590289905073 7.54709580222772 7
    endloop
  endfacet
  facet normal 0 0 -1
    outer loop
      vertex -6.560590289905073 7.54709580222772 7
      vertex -7.8125 13.531646934131853 7
      vertex -6.4278760968653925 7.66044443118978 7
    endloop
  endfacet
  facet normal 0 0 -1
    outer loop
      vertex -6.4278760968653925 7.66044443118978 7
      vertex -7.8125 13.531646934131853 7
      vertex -6.293203910498374 7.771459614569709 7
    endloop
  endfacet
  facet normal 0 0 -1
    outer loop
      vertex -6.293203910498374 7.771459614569709 7
      vertex -7.8125 13.531646934131853 7
      vertex -6.156614753256583 7.880107536067219 7
    endloop
  endfacet
  facet normal 0 0 1
    outer loop
      vertex -9.639153324537926 9.308422164150564 2
      vertex -9.475230867899738 9.475230867899738 2
      vertex -7.8125 13.531646934131853 2
    endloop
  endfacet
  facet normal 0 0 1
    outer loop
      vertex -9.475230867899738 9.475230867899738 2
      vertex -9.308422164150564 9.639153324537926 2
      vertex -7.8125 13.531646934131853 2
    endloop
  endfacet
  facet normal 0 0 1
    outer loop
      vertex -9.308422164150564 9.639153324537926 2
      vertex -9.13877802483748 9.800139601696884 2
      vertex -7.8125 13.531646934131853 2
    endloop
  endfacet
  facet normal 0 0 1
    outer loop
      vertex -9.13877802483748 9.800139601696884 2
      vertex -8.9663501252087 9.958140661397083 2
      vertex -7.8125 13.531646934131853 2
    endloop
  endfacet
  facet normal 0 0 1
    outer loop
      vertex -8.9663501252087 9.958140661397083 2
      vertex -8.791190988472797 10.113108374985146 2
      vertex -7.8125 13.531646934131853 2
    endloop
  endfacet
  facet normal 0 0 1
    outer loop
      vertex -8.791190988472797 10.113108374985146 2
      vertex -8.613353969799626 10.264995537794306 2
      vertex -7.8125 13.531646934131853 2
    endloop
  endfacet
  facet normal 0 0 1
    outer loop
      vertex -8.613353969799626 10.264995537794306 2
      vertex -8.432893240067822 10.413755883523411 2
      vertex -7.8125 13.531646934131853 2
    endloop
  endfacet
  facet normal 0 0 1
    outer loop
      vertex -8.432893240067822 10.413755883523411 2
      vertex -8.249863769363822 10.559344098330074 2
      vertex -7.8125 13.531646934131853 2
    endloop
  endfacet
  facet normal 0 0 1
    outer loop
      vertex -8.249863769363822 10.559344098330074 2
      vertex -8.064321310237448 10.701715834633724 2
      vertex -7.8125 13.531646934131853 2
    endloop
  endfacet
  facet normal 0 0 -1
    outer loop
      vertex -6.156614753256583 7.880107536067219 7
      vertex -7.8125 13.531646934131853 7
      vertex -6.018150231520483 7.986355100472928 7
    endloop
  endfacet
  facet normal 0 0 -1
    outer loop
      vertex -6.018150231520483 7.986355100472928 7
      vertex -7.8125 13.531646934131853 7
      vertex -5.877852522924732 8.090169943749475 7
    endloop
  endfacet
  facet normal 0 0 -1
    outer loop
      vertex -5.877852522924732 8.090169943749475 7
      vertex -7.8125 13.531646934131853 7
      vertex -5.7357643635104605 8.191520442889917 7
    endloop
  endfacet
  facet normal 0 0 -1
    outer loop
      vertex -5.7357643635104605 8.191520442889917 7
      vertex -7.8125 13.531646934131853 7
      vertex -5.591929034707469 8.290375725550415 7
    endloop
  endfacet
  facet normal 0 0 -1
    outer loop
      vertex -5.591929034707469 8.290375725550415 7
      vertex -7.8125 13.531646934131853 7
      vertex -5.446390350150271 8.386705679454241 7
    endloop
  endfacet
  facet normal 0 0 -1
    outer loop
      vertex -5.446390350150271 8.386705679454241 7
      vertex -7.8125 13.531646934131853 7
      vertex -5.299192642332049 8.48048096156426 7
    endloop
  endfacet
  facet normal 0 0 -1
    outer loop
      vertex -7.8125 13.531646934131853 7
      vertex -5.150380749100542 8.571673007021124 7
      vertex -5.299192642332049 8.48048096156426 7
    endloop
  endfacet
  facet normal 0 0 -1
    outer loop
      vertex -7.8125 13.531646934131853 7
      vertex -5 8.660254037844386 7
      vertex -5.150380749100542 8.571673007021124 7
    endloop
  endfacet
  facet normal 0 0 -1
    outer loop
      vertex -7.8125 13.531646934131853 7
      vertex -4.8480962024633705 8.746197071393958 7
      vertex -5 8.660254037844386 7
    endloop
  endfacet
  facet normal 0 0 -1
    outer loop
      vertex -7.8125 13.531646934131853 7
      vertex -4.694715627858908 8.82947592858927 7
      vertex -4.8480962024633705 8.746197071393958 7
    endloop
  endfacet
  facet normal 0 0 -1
    outer loop
      vertex -7.8125 13.531646934131853 7
      vertex -4.5399049973954675 8.910065241883679 7
      vertex -4.694715627858908 8.82947592858927 7
    endloop
  endfacet
  facet normal 0 0 -1
    outer loop
      vertex -7.8125 13.531646934131853 7
      vertex -4.383711467890774 8.98794046299167 7
      vertex -4.5399049973954675 8.910065241883679 7
    endloop
  endfacet
  facet normal 0 0 -1
    outer loop
      vertex -7.8125 13.531646934131853 7
      vertex -4.2261826174069945 9.063077870366499 7
      vertex -4.383711467890774 8.98794046299167 7
    endloop
  endfacet
  facet normal 0 0 -1
    outer loop
      vertex -7.8125 13.531646934131853 7
      vertex -4.067366430758002 9.135454576426008 7
      vertex -4.2261826174069945 9.063077870366499 7
    endloop
  endfacet
  facet normal 0 0 -1
    outer loop
      vertex -7.8125 13.531646934131853 7
      vertex -3.907311284892738 9.205048534524403 7
      vertex -4.067366430758002 9.135454576426008 7
    endloop
  endfacet
  facet normal 0 0 -1
    outer loop
      vertex -7.8125 13.531646934131853 7
      vertex -3.74606593415912 9.271838545667874 7
      vertex -3.907311284892738 9.205048534524403 7
    endloop
  endfacet
  facet normal 0 0 -1
    outer loop
      vertex -7.8125 13.531646934131853 7
      vertex -3.5836794954530027 9.335804264972017 7
      vertex -3.74606593415912 9.271838545667874 7
    endloop
  endfacet
  facet normal 0 0 -1
    outer loop
      vertex -7.8125 13.531646934131853 7
      vertex -3.420201433256687 9.396926207859085 7
      vertex -3.5836794954530027 9.335804264972017 7
    endloop
  endfacet
  facet normal 0 0 -1
    outer loop
      vertex -7.8125 13.531646934131853 7
      vertex -3.255681544571567 9.455185755993169 7
      vertex -3.420201433256687 9.396926207859085 7
    endloop
  endfacet
  facet normal 0 0 -1
    outer loop
      vertex -7.8125 13.531646934131853 7
      vertex -3.090169943749474 9.510565162951535 7
      vertex -3.255681544571567 9.455185755993169 7
    endloop
  endfacet
  facet normal 0 0 -1
    outer loop
      vertex -7.8125 13.531646934131853 7
      vertex -2.9237170472273677 9.563047559630354 7
      vertex -3.090169943749474 9.510565162951535 7
    endloop
  endfacet
  facet normal 0 0 1
    outer loop
      vertex -8.064321310237448 10.701715834633724 2
      vertex -7.87632238071914 10.840827724624296 2
      vertex -7.8125 13.531646934131853 2
    endloop
  endfacet
  facet normal 0 0 1
    outer loop
      vertex -7.87632238071914 10.840827724624296 2
      vertex -7.685924247104017 10.97663739347249 2
      vertex -7.8125 13.531646934131853 2
    endloop
  endfacet
  facet normal 0 0 1
    outer loop
      vertex -7.685924247104017 10.97663739347249 2
      vertex -7.4931849065080085 11.109103472237559 2
      vertex -7.8125 13.531646934131853 2
    endloop
  endfacet
  facet normal 0 0 1
    outer loop
      vertex -7.4931849065080085 11.109103472237559 2
      vertex -7.2981630692013635 11.238185610468683 2
      vertex -7.8125 13.531646934131853 2
    endloop
  endfacet
  facet normal 0 0 1
    outer loop
      vertex -7.2981630692013635 11.238185610468683 2
      vertex -7.1009181407249455 11.363844488496108 2
      vertex -7.8125 13.531646934131853 2
    endloop
  endfacet
  facet normal 0 0 1
    outer loop
      vertex -7.1009181407249455 11.363844488496108 2
      vertex -6.901510203794726 11.486041829408306 2
      vertex -7.8125 13.531646934131853 2
    endloop
  endfacet
  facet normal 0 0 1
    outer loop
      vertex -6.901510203794726 11.486041829408306 2
      vertex -6.7 11.604740410711477 2
      vertex -7.8125 13.531646934131853 2
    endloop
  endfacet
  facet normal 0 0 1
    outer loop
      vertex -6.7 11.604740410711477 2
      vertex -6.4964489113009165 11.719904075667904 2
      vertex -7.8125 13.531646934131853 2
    endloop
  endfacet
  facet normal 0 0 1
    outer loop
      vertex -6.4964489113009165 11.719904075667904 2
      vertex -6.290918941330937 11.831497744309623 2
      vertex -7.8125 13.531646934131853 2
    endloop
  endfacet
  facet normal 0 0 1
    outer loop
      vertex -6.290918941330937 11.831497744309623 2
      vertex -6.083472696509927 11.93948742412413 2
      vertex -7.8125 13.531646934131853 2
    endloop
  endfacet
  facet normal 0 0 1
    outer loop
      vertex -7.8125 13.531646934131853 2
      vertex -6.083472696509927 11.93948742412413 2
      vertex -5.874173366973637 12.043840220408839 2
    endloop
  endfacet
  facet normal 0 0 1
    outer loop
      vertex -7.8125 13.531646934131853 2
      vertex -5.874173366973637 12.043840220408839 2
      vertex -5.663084707325373 12.14452434629111 2
    endloop
  endfacet
  facet normal 0 0 1
    outer loop
      vertex -7.8125 13.531646934131853 2
      vertex -5.663084707325373 12.14452434629111 2
      vertex -5.450271017215723 12.241509132410853 2
    endloop
  endfacet
  facet normal 0 0 1
    outer loop
      vertex -7.8125 13.531646934131853 2
      vertex -5.450271017215723 12.241509132410853 2
      vertex -5.235797121756269 12.334765036262702 2
    endloop
  endfacet
  facet normal 0 0 1
    outer loop
      vertex -7.8125 13.531646934131853 2
      vertex -5.235797121756269 12.334765036262702 2
      vertex -5.019728351773221 12.424263651194952 2
    endloop
  endfacet
  facet normal 0 0 1
    outer loop
      vertex -7.8125 13.531646934131853 2
      vertex -5.019728351773221 12.424263651194952 2
      vertex -4.8021305239070236 12.509977715062504 2
    endloop
  endfacet
  facet normal 0 0 1
    outer loop
      vertex -7.8125 13.531646934131853 2
      vertex -4.8021305239070236 12.509977715062504 2
      vertex -4.583069920563961 12.591881118531173 2
    endloop
  endfacet
  facet normal 0 0 1
    outer loop
      vertex -7.8125 13.531646934131853 2
      vertex -4.583069920563961 12.591881118531173 2
      vertex -4.3626132697259 12.669948913030845 2
    endloop
  endfacet
  facet normal 0 0 1
    outer loop
      vertex -7.8125 13.531646934131853 2
      vertex -4.3626132697259 12.669948913030845 2
      vertex -4.1408277246242955 12.744157318355057 2
    endloop
  endfacet
  facet normal 0 0 1
    outer loop
      vertex -7.8125 13.531646934131853 2
      vertex -4.1408277246242955 12.744157318355057 2
      vertex -3.917780843284673 12.814483729904675 2
    endloop
  endfacet
  facet normal 0 0 1
    outer loop
      vertex -7.8125 13.531646934131853 2
      vertex -3.917780843284673 12.814483729904675 2
      vertex -3.693540567947789 12.880906725573473 2
    endloop
  endfacet
  facet normal 0 0 1
    outer loop
      vertex -7.8125 13.531646934131853 2
      vertex -3.693540567947789 12.880906725573473 2
      vertex -3.468175204373778 12.943406072273516 2
    endloop
  endfacet
  facet normal 0 0 1
    outer loop
      vertex -7.8125 13.531646934131853 2
      vertex -3.468175204373778 12.943406072273516 2
      vertex -3.2417534010355475 13.001962732098352 2
    endloop
  endfacet
  facet normal 0 0 1
    outer loop
      vertex -7.8125 13.531646934131853 2
      vertex -3.2417534010355475 13.001962732098352 2
      vertex -3.014344128207791 13.056558868122153 2
    endloop
  endfacet
  facet normal 0 0 1
    outer loop
      vertex -7.8125 13.531646934131853 2
      vertex -3.014344128207791 13.056558868122153 2
      vertex -2.786016656957975 13.107177849832997 2
    endloop
  endfacet
  facet normal 0 0 -1
    outer loop
      vertex -7.8125 13.531646934131853 7
      vertex -2.7563735581699915 9.612616959383189 7
      vertex -2.9237170472273677 9.563047559630354 7
    endloop
  endfacet
  facet normal 0 0 -1
    outer loop
      vertex -7.8125 13.531646934131853 7
      vertex -2.5881904510252074 9.659258262890683 7
      vertex -2.7563735581699915 9.612616959383189 7
    endloop
  endfacet
  facet normal 0 0 -1
    outer loop
      vertex -7.8125 13.531646934131853 7
      vertex -2.4192189559966772 9.702957262759965 7
      vertex -2.5881904510252074 9.659258262890683 7
    endloop
  endfacet
  facet normal 0 0 -1
    outer loop
      vertex -7.8125 13.531646934131853 7
      vertex -2.24951054343865 9.743700647852352 7
      vertex -2.4192189559966772 9.702957262759965 7
    endloop
  endfacet
  facet normal 0 0 -1
    outer loop
      vertex -7.8125 13.531646934131853 7
      vertex -2.0791169081775935 9.781476007338057 7
      vertex -2.24951054343865 9.743700647852352 7
    endloop
  endfacet
  facet normal 0 0 -1
    outer loop
      vertex -7.8125 13.531646934131853 7
      vertex -1.908089953765448 9.81627183447664 7
      vertex -2.0791169081775935 9.781476007338057 7
    endloop
  endfacet
  facet normal 0 0 -1
    outer loop
      vertex -7.8125 13.531646934131853 7
      vertex -1.7364817766693033 9.84807753012208 7
      vertex -1.908089953765448 9.81627183447664 7
    endloop
  endfacet
  facet normal 0 0 -1
    outer loop
      vertex -7.8125 13.531646934131853 7
      vertex -1.5643446504023086 9.876883405951379 7
      vertex -1.7364817766693033 9.84807753012208 7
    endloop
  endfacet
  facet normal 0 0 -1
    outer loop
      vertex -7.8125 13.531646934131853 7
      vertex -1.3917310096006543 9.902680687415703 7
      vertex -1.5643446504023086 9.876883405951379 7
    endloop
  endfacet
  facet normal 0 0 -1
    outer loop
      vertex -7.8125 13.531646934131853 7
      vertex -1.2186934340514748 9.92546151641322 7
      vertex -1.3917310096006543 9.902680687415703 7
    endloop
  endfacet
  facet normal 0 0 -1
    outer loop
      vertex -7.8125 13.531646934131853 7
      vertex -1.0452846326765348 9.945218953682733 7
      vertex -1.2186934340514748 9.92546151641322 7
    endloop
  endfacet
  facet normal 0 0 -1
    outer loop
      vertex -7.8125 13.531646934131853 7
      vertex -0.8715574274765816 9.961946980917455 7
      vertex -1.0452846326765348 9.945218953682733 7
    endloop
  endfacet
  facet normal 0 0 -1
    outer loop
      vertex -7.8125 13.531646934131853 7
      vertex -0.697564737441253 9.975640502598242 7
      vertex -0.8715574274765816 9.961946980917455 7
    endloop
  endfacet
  facet normal 0 0 -1
    outer loop
      vertex -7.8125 13.531646934131853 7
      vertex -0.5233595624294384 9.986295347545738 7
      vertex -0.697564737441253 9.975640502598242 7
    endloop
  endfacet
  facet normal 0 0 -1
    outer loop
      vertex -7.8125 13.531646934131853 7
      vertex -0.3489949670250097 9.993908270190957 7
      vertex -0.5233595624294384 9.986295347545738 7
    endloop
  endfacet
  facet normal 0 0 -1
    outer loop
      vertex -7.8125 13.531646934131853 7
      vertex -0.17452406437283513 9.998476951563912 7
      vertex -0.3489949670250097 9.993908270190957 7
    endloop
  endfacet
  facet normal 0 0 -1
    outer loop
      vertex -7.8125 13.531646934131853 7
      vertex 0 10 7
      vertex -0.17452406437283513 9.998476951563912 7
    endloop
  endfacet
  facet normal 0 0 1
    outer loop
      vertex -7.8125 13.531646934131853 2
      vertex -2.786016656957975 13.107177849832997 2
      vertex -2.5568405380457007 13.153804258198697 2
    endloop
  endfacet
  facet normal 0 0 1
    outer loop
      vertex -7.8125 13.531646934131853 2
      vertex -2.5568405380457007 13.153804258198697 2
      vertex -2.3268855807368665 13.196423890363588 2
    endloop
  endfacet
  facet normal 0 0 1
    outer loop
      vertex -7.8125 13.531646934131853 2
      vertex -2.3268855807368665 13.196423890363588 2
      vertex -2.096221831539094 13.235023763974846 2
    endloop
  endfacet
  facet normal 0 0 1
    outer loop
      vertex -7.8125 13.531646934131853 2
      vertex -2.096221831539094 13.235023763974846 2
      vertex -1.864919552864877 13.269592121137043 2
    endloop
  endfacet
  facet normal 0 0 1
    outer loop
      vertex -7.8125 13.531646934131853 2
      vertex -1.864919552864877 13.269592121137043 2
      vertex -1.6330492016289762 13.300118431993715 2
    endloop
  endfacet
  facet normal 0 0 1
    outer loop
      vertex -7.8125 13.531646934131853 2
      vertex -1.6330492016289762 13.300118431993715 2
      vertex -1.4006814077865566 13.326593397934863 2
    endloop
  endfacet
  facet normal 0 0 1
    outer loop
      vertex -7.8125 13.531646934131853 2
      vertex -1.4006814077865566 13.326593397934863 2
      vertex -1.1678869528186195 13.34900895442939 2
    endloop
  endfacet
  facet normal 0 0 1
    outer loop
      vertex -7.8125 13.531646934131853 2
      vertex -1.1678869528186195 13.34900895442939 2
      vertex -0.934736748171279 13.367358273481644 2
    endloop
  endfacet
  facet normal 0 0 1
    outer loop
      vertex -7.8125 13.531646934131853 2
      vertex -0.934736748171279 13.367358273481644 2
      vertex -0.7013018136554474 13.38163576571129 2
    endloop
  endfacet
  facet normal 0 0 1
    outer loop
      vertex -7.8125 13.531646934131853 2
      vertex -0.7013018136554474 13.38163576571129 2
      vertex -0.467653255813513 13.391837082055883 2
    endloop
  endfacet
  facet normal 0 0 1
    outer loop
      vertex -7.8125 13.531646934131853 2
      vertex -0.467653255813513 13.391837082055883 2
      vertex -0.23386224625959906 13.397959115095643 2
    endloop
  endfacet
  facet normal 0 0 1
    outer loop
      vertex -7.8125 13.531646934131853 2
      vertex -0.23386224625959906 13.397959115095643 2
      vertex 0 13.4 2
    endloop
  endfacet
  facet normal 0 -1 0
    outer loop
      vertex -7.8125 13.531646934131853 2
      vertex 10.1875 13.531646934131853 2
      vertex -7.8125 13.531646934131853 7
    endloop
  endfacet
  facet normal 0 0 1
    outer loop
      vertex -7.8125 -13.531646934131853 2
      vertex 10 -13.4 2
      vertex 0 -13.4 2
    endloop
  endfacet
  facet normal 0 0 1
    outer loop
      vertex -7.8125 -13.531646934131853 2
      vertex 10.1875 -13.531646934131853 2
      vertex 10 -13.4 2
    endloop
  endfacet
  facet normal 0 1 0
    outer loop
      vertex -7.8125 -13.531646934131853 2
      vertex 10.1875 -13.531646934131853 7
      vertex 10.1875 -13.531646934131853 2
    endloop
  endfacet
  facet normal 0 0 -1
    outer loop
      vertex -7.8125 -13.531646934131853 7
      vertex 10 -10 7
      vertex 10.1875 -13.531646934131853 7
    endloop
  endfacet
  facet normal 0 0 -1
    outer loop
      vertex -7.8125 -13.531646934131853 7
      vertex 0 -10 7
      vertex 10 -10 7
    endloop
  endfacet
  facet normal 0 0 1
    outer loop
      vertex 10 -13.4 2
      vertex 10.1875 -13.531646934131853 2
      vertex 10.2338622462596 -13.397959115095643 2
    endloop
  endfacet
  facet normal 0 0 1
    outer loop
      vertex 10.2338622462596 -13.397959115095643 2
      vertex 10.1875 -13.531646934131853 2
      vertex 10.265157839128479 -13.397139611155318 2
    endloop
  endfacet
  facet normal 0 0 -1
    outer loop
      vertex 10 -10 7
      vertex 10.174524064372836 -9.998476951563912 7
      vertex 10.1875 -13.531646934131853 7
    endloop
  endfacet
  facet normal 0 0 -1
    outer loop
      vertex 10.174524064372836 -9.998476951563912 7
      vertex 10.34899496702501 -9.993908270190957 7
      vertex 10.1875 -13.531646934131853 7
    endloop
  endfacet
  facet normal 0 0 -1
    outer loop
      vertex 10.34899496702501 -9.993908270190957 7
      vertex 10.52335956242944 -9.986295347545738 7
      vertex 10.1875 -13.531646934131853 7
    endloop
  endfacet
  facet normal 0 0 -1
    outer loop
      vertex 10.52335956242944 -9.986295347545738 7
      vertex 10.697564737441253 -9.975640502598242 7
      vertex 10.1875 -13.531646934131853 7
    endloop
  endfacet
  facet normal 0 0 -1
    outer loop
      vertex 10.697564737441253 -9.975640502598242 7
      vertex 10.871557427476581 -9.961946980917455 7
      vertex 10.1875 -13.531646934131853 7
    endloop
  endfacet
  facet normal 0 0 -1
    outer loop
      vertex 10.871557427476581 -9.961946980917455 7
      vertex 11.045284632676534 -9.945218953682733 7
      vertex 10.1875 -13.531646934131853 7
    endloop
  endfacet
  facet normal 0 0 -1
    outer loop
      vertex 11.045284632676534 -9.945218953682733 7
      vertex 11.218693434051474 -9.92546151641322 7
      vertex 10.1875 -13.531646934131853 7
    endloop
  endfacet
  facet normal 0 0 -1
    outer loop
      vertex 11.218693434051474 -9.92546151641322 7
      vertex 11.391731009600655 -9.902680687415703 7
      vertex 10.1875 -13.531646934131853 7
    endloop
  endfacet
  facet normal 0 0 -1
    outer loop
      vertex 11.391731009600655 -9.902680687415703 7
      vertex 11.564344650402308 -9.876883405951379 7
      vertex 10.1875 -13.531646934131853 7
    endloop
  endfacet
  facet normal 0 0 -1
    outer loop
      vertex 11.564344650402308 -9.876883405951379 7
      vertex 11.736481776669303 -9.84807753012208 7
      vertex 10.1875 -13.531646934131853 7
    endloop
  endfacet
  facet normal 0 0 -1
    outer loop
      vertex 11.736481776669303 -9.84807753012208 7
      vertex 11.908089953765447 -9.81627183447664 7
      vertex 10.1875 -13.531646934131853 7
    endloop
  endfacet
  facet normal 0 0 -1
    outer loop
      vertex 11.908089953765447 -9.81627183447664 7
      vertex 12.079116908177593 -9.781476007338057 7
      vertex 10.1875 -13.531646934131853 7
    endloop
  endfacet
  facet normal 0 0 -1
    outer loop
      vertex 12.079116908177593 -9.781476007338057 7
      vertex 12.24951054343865 -9.743700647852352 7
      vertex 10.1875 -13.531646934131853 7
    endloop
  endfacet
  facet normal 0 0 -1
    outer loop
      vertex 12.24951054343865 -9.743700647852352 7
      vertex 12.394579788884824 -9.708872603424945 7
      vertex 10.1875 -13.531646934131853 7
    endloop
  endfacet
  facet normal 0 0 1
    outer loop
      vertex -7.8125 13.531646934131853 2
      vertex 0 13.4 2
      vertex 10.1875 13.531646934131853 2
    endloop
  endfacet
  facet normal 0 0 -1
    outer loop
      vertex -7.8125 13.531646934131853 7
      vertex 10.1875 13.531646934131853 7
      vertex 0 10 7
    endloop
  endfacet
  facet normal 0 -1 0
    outer loop
      vertex -7.8125 13.531646934131853 7
      vertex 10.1875 13.531646934131853 2
      vertex 10.1875 13.531646934131853 7
    endloop
  endfacet
  facet normal 0 0 -1
    outer loop
      vertex 0 10 7
      vertex 10.1875 13.531646934131853 7
      vertex 10 10 7
    endloop
  endfacet
  facet normal 0 0 1
    outer loop
      vertex 0 13.4 2
      vertex 10 13.4 2
      vertex 10.1875 13.531646934131853 2
    endloop
  endfacet
  facet normal 0 0 -1
    outer loop
      vertex 10 10 7
      vertex 10.1875 13.531646934131853 7
      vertex 10.174524064372836 9.998476951563912 7
    endloop
  endfacet
  facet normal 0 0 -1
    outer loop
      vertex 10.174524064372836 9.998476951563912 7
      vertex 10.1875 13.531646934131853 7
      vertex 10.34899496702501 9.993908270190957 7
    endloop
  endfacet
  facet normal 0 0 -1
    outer loop
      vertex 10.34899496702501 9.993908270190957 7
      vertex 10.1875 13.531646934131853 7
      vertex 10.52335956242944 9.986295347545738 7
    endloop
  endfacet
  facet normal 0 0 -1
    outer loop
      vertex 10.52335956242944 9.986295347545738 7
      vertex 10.1875 13.531646934131853 7
      vertex 10.697564737441253 9.975640502598242 7
    endloop
  endfacet
  facet normal 0 0 -1
    outer loop
      vertex 10.697564737441253 9.975640502598242 7
      vertex 10.1875 13.531646934131853 7
      vertex 10.871557427476581 9.961946980917455 7
    endloop
  endfacet
  facet normal 0 0 -1
    outer loop
      vertex 10.871557427476581 9.961946980917455 7
      vertex 10.1875 13.531646934131853 7
      vertex 11.045284632676534 9.945218953682733 7
    endloop
  endfacet
  facet normal 0 0 -1
    outer loop
      vertex 11.045284632676534 9.945218953682733 7
      vertex 10.1875 13.531646934131853 7
      vertex 11.218693434051474 9.92546151641322 7
    endloop
  endfacet
  facet normal 0 0 -1
    outer loop
      vertex 11.218693434051474 9.92546151641322 7
      vertex 10.1875 13.531646934131853 7
      vertex 11.391731009600655 9.902680687415703 7
    endloop
  endfacet
  facet normal 0 0 -1
    outer loop
      vertex 11.391731009600655 9.902680687415703 7
      vertex 10.1875 13.531646934131853 7
      vertex 11.564344650402308 9.876883405951379 7
    endloop
  endfacet
  facet normal 0 0 -1
    outer loop
      vertex 11.564344650402308 9.876883405951379 7
      vertex 10.1875 13.531646934131853 7
      vertex 11.736481776669303 9.84807753012208 7
    endloop
  endfacet
  facet normal 0 0 -1
    outer loop
      vertex 11.736481776669303 9.84807753012208 7
      vertex 10.1875 13.531646934131853 7
      vertex 11.908089953765447 9.81627183447664 7
    endloop
  endfacet
  facet normal 0 0 -1
    outer loop
      vertex 11.908089953765447 9.81627183447664 7
      vertex 10.1875 13.531646934131853 7
      vertex 12.079116908177593 9.781476007338057 7
    endloop
  endfacet
  facet normal 0 0 -1
    outer loop
      vertex 12.079116908177593 9.781476007338057 7
      vertex 10.1875 13.531646934131853 7
      vertex 12.24951054343865 9.743700647852352 7
    endloop
  endfacet
  facet normal 0 0 -1
    outer loop
      vertex 12.24951054343865 9.743700647852352 7
      vertex 10.1875 13.531646934131853 7
      vertex 12.394579788884824 9.708872603424945 7
    endloop
  endfacet
  facet normal 0 0 1
    outer loop
      vertex 10 13.4 2
      vertex 10.2338622462596 13.397959115095643 2
      vertex 10.1875 13.531646934131853 2
    endloop
  endfacet
  facet normal 0 0 1
    outer loop
      vertex 10.2338622462596 13.397959115095643 2
      vertex 10.265157839128479 13.397139611155318 2
      vertex 10.1875 13.531646934131853 2
    endloop
  endfacet
  facet normal 0.6883545756937521 0.7253743710122894 0
    outer loop
      vertex -9.13877802483748 -9.800139601696884 2
      vertex -9.13877802483748 -9.800139601696884 0
      vertex -9.308422164150564 -9.639153324537926 0
    endloop
  endfacet
  facet normal 0.6755902076156631 0.7372773368101214 0
    outer loop
      vertex -9.13877802483748 -9.800139601696884 2
      vertex -8.9663501252087 -9.958140661397083 0
      vertex -9.13877802483748 -9.800139601696884 0
    endloop
  endfacet
  facet normal 0.6755902076156631 0.7372773368101214 0
    outer loop
      vertex -8.9663501252087 -9.958140661397083 2
      vertex -8.9663501252087 -9.958140661397083 0
      vertex -9.13877802483748 -9.800139601696884 2
    endloop
  endfacet
  facet normal 0.8038568606172182 0.5948227867513403 0
    outer loop
      vertex -10.840827724624296 -7.87632238071914 2
      vertex -10.701715834633724 -8.064321310237448 0
      vertex -10.840827724624296 -7.87632238071914 0
    endloop
  endfacet
  facet normal 0.8141155183563193 0.5807029557109396 0
    outer loop
      vertex -10.840827724624296 -7.87632238071914 2
      vertex -10.840827724624296 -7.87632238071914 0
      vertex -10.97663739347249 -7.685924247104017 2
    endloop
  endfacet
  facet normal 0.8038568606172182 0.5948227867513403 0
    outer loop
      vertex -10.701715834633724 -8.064321310237448 2
      vertex -10.701715834633724 -8.064321310237448 0
      vertex -10.840827724624296 -7.87632238071914 2
    endloop
  endfacet
  facet normal 0.7826081568524145 0.6225146366376189 0
    outer loop
      vertex -10.413755883523411 -8.432893240067822 2
      vertex -10.413755883523411 -8.432893240067822 0
      vertex -10.559344098330074 -8.249863769363822 0
    endloop
  endfacet
  facet normal 0.7826081568524145 0.6225146366376189 0
    outer loop
      vertex -10.559344098330074 -8.249863769363822 2
      vertex -10.413755883523411 -8.432893240067822 2
      vertex -10.559344098330074 -8.249863769363822 0
    endloop
  endfacet
  facet normal 0.7604059656000343 0.6494480483301799 0
    outer loop
      vertex -10.113108374985146 -8.791190988472797 2
      vertex -10.113108374985146 -8.791190988472797 0
      vertex -10.264995537794306 -8.613353969799626 0
    endloop
  endfacet
  facet normal 0.7716245833877158 0.636078220277769 0
    outer loop
      vertex -10.264995537794306 -8.613353969799626 2
      vertex -10.264995537794306 -8.613353969799626 0
      vertex -10.413755883523411 -8.432893240067822 2
    endloop
  endfacet
  facet normal 0.7604059656000343 0.6494480483301799 0
    outer loop
      vertex -10.264995537794306 -8.613353969799626 2
      vertex -10.113108374985146 -8.791190988472797 2
      vertex -10.264995537794306 -8.613353969799626 0
    endloop
  endfacet
  facet normal 0.7716245833877158 0.636078220277769 0
    outer loop
      vertex -10.413755883523411 -8.432893240067822 2
      vertex -10.264995537794306 -8.613353969799626 0
      vertex -10.413755883523411 -8.432893240067822 0
    endloop
  endfacet
  facet normal 0.7933533402912355 0.6087614290087202 0
    outer loop
      vertex -10.701715834633724 -8.064321310237448 2
      vertex -10.559344098330074 -8.249863769363822 0
      vertex -10.701715834633724 -8.064321310237448 0
    endloop
  endfacet
  facet normal 0.7933533402912355 0.6087614290087202 0
    outer loop
      vertex -10.559344098330074 -8.249863769363822 2
      vertex -10.559344098330074 -8.249863769363822 0
      vertex -10.701715834633724 -8.064321310237448 2
    endloop
  endfacet
  facet normal 0.7132504491541843 0.7009092642998481 0
    outer loop
      vertex -9.639153324537926 -9.308422164150564 2
      vertex -9.475230867899738 -9.475230867899738 2
      vertex -9.639153324537926 -9.308422164150564 0
    endloop
  endfacet
  facet normal 0.7372773368101214 0.6755902076156631 0
    outer loop
      vertex -9.958140661397083 -8.9663501252087 2
      vertex -9.800139601696884 -9.13877802483748 0
      vertex -9.958140661397083 -8.9663501252087 0
    endloop
  endfacet
  facet normal 0.7372773368101214 0.6755902076156631 0
    outer loop
      vertex -9.958140661397083 -8.9663501252087 2
      vertex -9.800139601696884 -9.13877802483748 2
      vertex -9.800139601696884 -9.13877802483748 0
    endloop
  endfacet
  facet normal 0.7489557207890029 0.6626200482157367 0
    outer loop
      vertex -10.113108374985146 -8.791190988472797 2
      vertex -9.958140661397083 -8.9663501252087 0
      vertex -10.113108374985146 -8.791190988472797 0
    endloop
  endfacet
  facet normal 0.7489557207890029 0.6626200482157367 0
    outer loop
      vertex -9.958140661397083 -8.9663501252087 2
      vertex -9.958140661397083 -8.9663501252087 0
      vertex -10.113108374985146 -8.791190988472797 2
    endloop
  endfacet
  facet normal 0.7253743710122894 0.6883545756937521 0
    outer loop
      vertex -9.639153324537926 -9.308422164150564 2
      vertex -9.639153324537926 -9.308422164150564 0
      vertex -9.800139601696884 -9.13877802483748 0
    endloop
  endfacet
  facet normal 0.7253743710122894 0.6883545756937521 0
    outer loop
      vertex -9.639153324537926 -9.308422164150564 2
      vertex -9.800139601696884 -9.13877802483748 0
      vertex -9.800139601696884 -9.13877802483748 2
    endloop
  endfacet
  facet normal 0.7009092642998481 0.7132504491541843 0
    outer loop
      vertex -9.475230867899738 -9.475230867899738 2
      vertex -9.308422164150564 -9.639153324537926 0
      vertex -9.475230867899738 -9.475230867899738 0
    endloop
  endfacet
  facet normal 0.7009092642998481 0.7132504491541843 0
    outer loop
      vertex -9.308422164150564 -9.639153324537926 2
      vertex -9.308422164150564 -9.639153324537926 0
      vertex -9.475230867899738 -9.475230867899738 2
    endloop
  endfacet
  facet normal 0.7132504491541843 0.7009092642998481 0
    outer loop
      vertex -9.475230867899738 -9.475230867899738 2
      vertex -9.475230867899738 -9.475230867899738 0
      vertex -9.639153324537926 -9.308422164150564 0
    endloop
  endfacet
  facet normal 0.6883545756937521 0.7253743710122894 0
    outer loop
      vertex -9.308422164150564 -9.639153324537926 2
      vertex -9.13877802483748 -9.800139601696884 2
      vertex -9.308422164150564 -9.639153324537926 0
    endloop
  endfacet
  facet normal 0.8433914458128902 0.5372996083468167 0
    outer loop
      vertex -11.238185610468683 -7.2981630692013635 2
      vertex -11.238185610468683 -7.2981630692013635 0
      vertex -11.363844488496108 -7.1009181407249455 0
    endloop
  endfacet
  facet normal 0.8433914458128902 0.5372996083468167 0
    outer loop
      vertex -11.238185610468683 -7.2981630692013635 2
      vertex -11.363844488496108 -7.1009181407249455 0
      vertex -11.363844488496108 -7.1009181407249455 2
    endloop
  endfacet
  facet normal 0.8526401643540892 0.5224985647159536 0
    outer loop
      vertex -11.486041829408306 -6.901510203794726 2
      vertex -11.363844488496108 -7.1009181407249455 0
      vertex -11.486041829408306 -6.901510203794726 0
    endloop
  endfacet
  facet normal 0.8526401643540892 0.5224985647159536 0
    outer loop
      vertex -11.486041829408306 -6.901510203794726 2
      vertex -11.363844488496108 -7.1009181407249455 2
      vertex -11.363844488496108 -7.1009181407249455 0
    endloop
  endfacet
  facet normal 0.861629160441529 0.5075383629606987 0
    outer loop
      vertex -11.486041829408306 -6.901510203794726 2
      vertex -11.486041829408306 -6.901510203794726 0
      vertex -11.604740410711477 -6.7 2
    endloop
  endfacet
  facet normal 0.8870108331782255 0.4617486132350267 0
    outer loop
      vertex -11.93948742412413 -6.083472696509927 2
      vertex -11.831497744309623 -6.290918941330937 0
      vertex -11.93948742412413 -6.083472696509927 0
    endloop
  endfacet
  facet normal 0.8870108331782255 0.4617486132350267 0
    outer loop
      vertex -11.831497744309623 -6.290918941330937 2
      vertex -11.831497744309623 -6.290918941330937 0
      vertex -11.93948742412413 -6.083472696509927 2
    endloop
  endfacet
  facet normal 0.8949343616020226 0.4461978131098137 0
    outer loop
      vertex -11.93948742412413 -6.083472696509927 2
      vertex -11.93948742412413 -6.083472696509927 0
      vertex -12.043840220408839 -5.874173366973637 0
    endloop
  endfacet
  facet normal 0.8949343616020226 0.4461978131098137 0
    outer loop
      vertex -11.93948742412413 -6.083472696509927 2
      vertex -12.043840220408839 -5.874173366973637 0
      vertex -12.043840220408839 -5.874173366973637 2
    endloop
  endfacet
  facet normal 0.861629160441529 0.5075383629606987 0
    outer loop
      vertex -11.604740410711477 -6.7 2
      vertex -11.486041829408306 -6.901510203794726 0
      vertex -11.604740410711477 -6.7 0
    endloop
  endfacet
  facet normal 0.870355695939898 0.49242356010347016 0
    outer loop
      vertex -11.604740410711477 -6.7 2
      vertex -11.604740410711477 -6.7 0
      vertex -11.719904075667904 -6.4964489113009165 0
    endloop
  endfacet
  facet normal 0.8788171126619619 0.4771587602596147 0
    outer loop
      vertex -11.831497744309623 -6.290918941330937 2
      vertex -11.719904075667904 -6.4964489113009165 0
      vertex -11.831497744309623 -6.290918941330937 0
    endloop
  endfacet
  facet normal 0.870355695939898 0.49242356010347016 0
    outer loop
      vertex -11.604740410711477 -6.7 2
      vertex -11.719904075667904 -6.4964489113009165 0
      vertex -11.719904075667904 -6.4964489113009165 2
    endloop
  endfacet
  facet normal 0.8788171126619619 0.4771587602596147 0
    outer loop
      vertex -11.831497744309623 -6.290918941330937 2
      vertex -11.719904075667904 -6.4964489113009165 2
      vertex -11.719904075667904 -6.4964489113009165 0
    endloop
  endfacet
  facet normal 0.9238795325112886 0.38268343236508506 0
    outer loop
      vertex -12.424263651194952 -5.019728351773221 2
      vertex -12.334765036262702 -5.235797121756269 0
      vertex -12.424263651194952 -5.019728351773221 0
    endloop
  endfacet
  facet normal 0.9304175679820241 0.36650122672429813 0
    outer loop
      vertex -12.424263651194952 -5.019728351773221 2
      vertex -12.424263651194952 -5.019728351773221 0
      vertex -12.509977715062504 -4.8021305239070236 0
    endloop
  endfacet
  facet normal 0.9304175679820241 0.36650122672429813 0
    outer loop
      vertex -12.424263651194952 -5.019728351773221 2
      vertex -12.509977715062504 -4.8021305239070236 0
      vertex -12.509977715062504 -4.8021305239070236 2
    endloop
  endfacet
  facet normal 0.9366721892483978 0.3502073812594672 0
    outer loop
      vertex -12.509977715062504 -4.8021305239070236 2
      vertex -12.509977715062504 -4.8021305239070236 0
      vertex -12.591881118531173 -4.583069920563961 0
    endloop
  endfacet
  facet normal 0.9366721892483978 0.3502073812594672 0
    outer loop
      vertex -12.509977715062504 -4.8021305239070236 2
      vertex -12.591881118531173 -4.583069920563961 0
      vertex -12.591881118531173 -4.583069920563961 2
    endloop
  endfacet
  facet normal 0.9426414910921792 0.3338068592337687 0
    outer loop
      vertex -12.669948913030845 -4.3626132697259 2
      vertex -12.591881118531173 -4.583069920563961 0
      vertex -12.669948913030845 -4.3626132697259 0
    endloop
  endfacet
  facet normal 0.9426414910921792 0.3338068592337687 0
    outer loop
      vertex -12.591881118531173 -4.583069920563961 2
      vertex -12.591881118531173 -4.583069920563961 0
      vertex -12.669948913030845 -4.3626132697259 2
    endloop
  endfacet
  facet normal 0.9483236552062003 0.3173046564050892 0
    outer loop
      vertex -12.669948913030845 -4.3626132697259 2
      vertex -12.669948913030845 -4.3626132697259 0
      vertex -12.744157318355057 -4.1408277246242955 0
    endloop
  endfacet
  facet normal 0.9483236552062003 0.3173046564050892 0
    outer loop
      vertex -12.669948913030845 -4.3626132697259 2
      vertex -12.744157318355057 -4.1408277246242955 0
      vertex -12.744157318355057 -4.1408277246242955 2
    endloop
  endfacet
  facet normal 0.9537169507482272 0.3007057995042723 0
    outer loop
      vertex -12.814483729904675 -3.917780843284673 2
      vertex -12.744157318355057 -4.1408277246242955 0
      vertex -12.814483729904675 -3.917780843284673 0
    endloop
  endfacet
  facet normal 0.9537169507482272 0.3007057995042723 0
    outer loop
      vertex -12.744157318355057 -4.1408277246242955 2
      vertex -12.744157318355057 -4.1408277246242955 0
      vertex -12.814483729904675 -3.917780843284673 2
    endloop
  endfacet
  facet normal 0.9025852843498612 0.43051109680829375 0
    outer loop
      vertex -12.14452434629111 -5.663084707325373 2
      vertex -12.043840220408839 -5.874173366973637 0
      vertex -12.14452434629111 -5.663084707325373 0
    endloop
  endfacet
  facet normal 0.9170600743851222 0.3987490689252507 0
    outer loop
      vertex -12.241509132410853 -5.450271017215723 2
      vertex -12.241509132410853 -5.450271017215723 0
      vertex -12.334765036262702 -5.235797121756269 0
    endloop
  endfacet
  facet normal 0.9099612708765433 0.41469324265623886 0
    outer loop
      vertex -12.241509132410853 -5.450271017215723 2
      vertex -12.14452434629111 -5.663084707325373 0
      vertex -12.241509132410853 -5.450271017215723 0
    endloop
  endfacet
  facet normal 0.9099612708765433 0.41469324265623886 0
    outer loop
      vertex -12.14452434629111 -5.663084707325373 2
      vertex -12.14452434629111 -5.663084707325373 0
      vertex -12.241509132410853 -5.450271017215723 2
    endloop
  endfacet
  facet normal 0.9025852843498612 0.43051109680829375 0
    outer loop
      vertex -12.14452434629111 -5.663084707325373 2
      vertex -12.043840220408839 -5.874173366973637 2
      vertex -12.043840220408839 -5.874173366973637 0
    endloop
  endfacet
  facet normal 0.9170600743851222 0.3987490689252507 0
    outer loop
      vertex -12.241509132410853 -5.450271017215723 2
      vertex -12.334765036262702 -5.235797121756269 0
      vertex -12.334765036262702 -5.235797121756269 2
    endloop
  endfacet
  facet normal 0.9238795325112886 0.38268343236508506 0
    outer loop
      vertex -12.334765036262702 -5.235797121756269 2
      vertex -12.334765036262702 -5.235797121756269 0
      vertex -12.424263651194952 -5.019728351773221 2
    endloop
  endfacet
  facet normal 0.8241261886220146 0.5664062369248344 0
    outer loop
      vertex -10.97663739347249 -7.685924247104017 2
      vertex -10.97663739347249 -7.685924247104017 0
      vertex -11.109103472237559 -7.4931849065080085 0
    endloop
  endfacet
  facet normal 0.8241261886220146 0.5664062369248344 0
    outer loop
      vertex -10.97663739347249 -7.685924247104017 2
      vertex -11.109103472237559 -7.4931849065080085 0
      vertex -11.109103472237559 -7.4931849065080085 2
    endloop
  endfacet
  facet normal 0.833885822067166 0.5519369853120614 0
    outer loop
      vertex -11.109103472237559 -7.4931849065080085 2
      vertex -11.109103472237559 -7.4931849065080085 0
      vertex -11.238185610468683 -7.2981630692013635 0
    endloop
  endfacet
  facet normal 0.833885822067166 0.5519369853120614 0
    outer loop
      vertex -11.238185610468683 -7.2981630692013635 2
      vertex -11.109103472237559 -7.4931849065080085 2
      vertex -11.238185610468683 -7.2981630692013635 0
    endloop
  endfacet
  facet normal 0.8141155183563193 0.5807029557109396 0
    outer loop
      vertex -10.97663739347249 -7.685924247104017 2
      vertex -10.840827724624296 -7.87632238071914 0
      vertex -10.97663739347249 -7.685924247104017 0
    endloop
  endfacet
  facet normal 0.9681476403781094 0.2503800040544348 0
    outer loop
      vertex -13.001962732098352 -3.2417534010355475 2
      vertex -12.943406072273516 -3.468175204373778 0
      vertex -13.001962732098352 -3.2417534010355475 0
    endloop
  endfacet
  facet normal 0.9681476403781094 0.2503800040544348 0
    outer loop
      vertex -12.943406072273516 -3.468175204373778 2
      vertex -12.943406072273516 -3.468175204373778 0
      vertex -13.001962732098352 -3.2417534010355475 2
    endloop
  endfacet
  facet normal 0.9723699203976757 0.2334453638559093 0
    outer loop
      vertex -13.001962732098352 -3.2417534010355475 2
      vertex -13.001962732098352 -3.2417534010355475 0
      vertex -13.056558868122153 -3.014344128207791 0
    endloop
  endfacet
  facet normal 0.9723699203976757 0.2334453638559093 0
    outer loop
      vertex -13.056558868122153 -3.014344128207791 2
      vertex -13.001962732098352 -3.2417534010355475 2
      vertex -13.056558868122153 -3.014344128207791 0
    endloop
  endfacet
  facet normal 0.9762960071199326 0.21643961393810596 0
    outer loop
      vertex -13.056558868122153 -3.014344128207791 2
      vertex -13.056558868122153 -3.014344128207791 0
      vertex -13.107177849832997 -2.786016656957975 2
    endloop
  endfacet
  facet normal 0.9588197348681922 0.2840153447039254 0
    outer loop
      vertex -12.814483729904675 -3.917780843284673 2
      vertex -12.814483729904675 -3.917780843284673 0
      vertex -12.880906725573473 -3.693540567947789 0
    endloop
  endfacet
  facet normal 0.9588197348681922 0.2840153447039254 0
    outer loop
      vertex -12.814483729904675 -3.917780843284673 2
      vertex -12.880906725573473 -3.693540567947789 0
      vertex -12.880906725573473 -3.693540567947789 2
    endloop
  endfacet
  facet normal 0.9636304532086215 0.2672383760782622 0
    outer loop
      vertex -12.943406072273516 -3.468175204373778 2
      vertex -12.880906725573473 -3.693540567947789 0
      vertex -12.943406072273516 -3.468175204373778 0
    endloop
  endfacet
  facet normal 0.9636304532086215 0.2672383760782622 0
    outer loop
      vertex -12.880906725573473 -3.693540567947789 2
      vertex -12.880906725573473 -3.693540567947789 0
      vertex -12.943406072273516 -3.468175204373778 2
    endloop
  endfacet
  facet normal 0.9762960071199326 0.21643961393810596 0
    outer loop
      vertex -13.107177849832997 -2.786016656957975 2
      vertex -13.056558868122153 -3.014344128207791 0
      vertex -13.107177849832997 -2.786016656957975 0
    endloop
  endfacet
  facet normal 0.9799247046208307 0.19936793441719225 0
    outer loop
      vertex -13.107177849832997 -2.786016656957975 2
      vertex -13.107177849832997 -2.786016656957975 0
      vertex -13.153804258198697 -2.5568405380457007 0
    endloop
  endfacet
  facet normal 0.9799247046208307 0.19936793441719225 0
    outer loop
      vertex -13.107177849832997 -2.786016656957975 2
      vertex -13.153804258198697 -2.5568405380457007 0
      vertex -13.153804258198697 -2.5568405380457007 2
    endloop
  endfacet
  facet normal 0.9832549075639545 0.18223552549214828 0
    outer loop
      vertex -13.153804258198697 -2.5568405380457007 2
      vertex -13.153804258198697 -2.5568405380457007 0
      vertex -13.196423890363588 -2.3268855807368665 2
    endloop
  endfacet
  facet normal 0.9862856015372312 0.16504760586067826 0
    outer loop
      vertex -13.235023763974846 -2.096221831539094 2
      vertex -13.196423890363588 -2.3268855807368665 0
      vertex -13.235023763974846 -2.096221831539094 0
    endloop
  endfacet
  facet normal 0.9890158633619167 0.14780941112961118 0
    outer loop
      vertex -13.235023763974846 -2.096221831539094 2
      vertex -13.235023763974846 -2.096221831539094 0
      vertex -13.269592121137043 -1.864919552864877 0
    endloop
  endfacet
  facet normal 0.9832549075639545 0.18223552549214828 0
    outer loop
      vertex -13.196423890363588 -2.3268855807368665 2
      vertex -13.153804258198697 -2.5568405380457007 0
      vertex -13.196423890363588 -2.3268855807368665 0
    endloop
  endfacet
  facet normal 0.9862856015372312 0.16504760586067826 0
    outer loop
      vertex -13.196423890363588 -2.3268855807368665 2
      vertex -13.196423890363588 -2.3268855807368665 0
      vertex -13.235023763974846 -2.096221831539094 2
    endloop
  endfacet
  facet normal 0.9914448613738109 0.13052619222004716 0
    outer loop
      vertex -13.269592121137043 -1.864919552864877 2
      vertex -13.269592121137043 -1.864919552864877 0
      vertex -13.300118431993715 -1.6330492016289762 0
    endloop
  endfacet
  facet normal 0.9890158633619167 0.14780941112961118 0
    outer loop
      vertex -13.235023763974846 -2.096221831539094 2
      vertex -13.269592121137043 -1.864919552864877 0
      vertex -13.269592121137043 -1.864919552864877 2
    endloop
  endfacet
  facet normal 0.9914448613738109 0.13052619222004716 0
    outer loop
      vertex -13.269592121137043 -1.864919552864877 2
      vertex -13.300118431993715 -1.6330492016289762 0
      vertex -13.300118431993715 -1.6330492016289762 2
    endloop
  endfacet
  facet normal 0.9935718556765873 0.11320321376790848 0
    outer loop
      vertex -13.326593397934863 -1.4006814077865566 2
      vertex -13.300118431993715 -1.6330492016289762 0
      vertex -13.326593397934863 -1.4006814077865566 0
    endloop
  endfacet
  facet normal 0.9935718556765873 0.11320321376790848 0
    outer loop
      vertex -13.300118431993715 -1.6330492016289762 2
      vertex -13.300118431993715 -1.6330492016289762 0
      vertex -13.326593397934863 -1.4006814077865566 2
    endloop
  endfacet
  facet normal 0.9953961983671787 0.09584575252022398 0
    outer loop
      vertex -13.326593397934863 -1.4006814077865566 2
      vertex -13.326593397934863 -1.4006814077865566 0
      vertex -13.34900895442939 -1.1678869528186195 0
    endloop
  endfacet
  facet normal 0.9953961983671787 0.09584575252022398 0
    outer loop
      vertex -13.326593397934863 -1.4006814077865566 2
      vertex -13.34900895442939 -1.1678869528186195 0
      vertex -13.34900895442939 -1.1678869528186195 2
    endloop
  endfacet
  facet normal 0.9969173337331283 0.07845909572784024 0
    outer loop
      vertex -13.367358273481644 -0.934736748171279 2
      vertex -13.34900895442939 -1.1678869528186195 0
      vertex -13.367358273481644 -0.934736748171279 0
    endloop
  endfacet
  facet normal 0.9969173337331283 0.07845909572784024 0
    outer loop
      vertex -13.34900895442939 -1.1678869528186195 2
      vertex -13.34900895442939 -1.1678869528186195 0
      vertex -13.367358273481644 -0.934736748171279 2
    endloop
  endfacet
  facet normal 0.9981347984218669 0.061048539534858455 0
    outer loop
      vertex -13.38163576571129 -0.7013018136554474 2
      vertex -13.367358273481644 -0.934736748171279 0
      vertex -13.38163576571129 -0.7013018136554474 0
    endloop
  endfacet
  facet normal 0.9981347984218669 0.061048539534858455 0
    outer loop
      vertex -13.367358273481644 -0.934736748171279 2
      vertex -13.367358273481644 -0.934736748171279 0
      vertex -13.38163576571129 -0.7013018136554474 2
    endloop
  endfacet
  facet normal 0.9990482215818577 0.04361938736533882 0
    outer loop
      vertex -13.38163576571129 -0.7013018136554474 2
      vertex -13.38163576571129 -0.7013018136554474 0
      vertex -13.391837082055883 -0.467653255813513 0
    endloop
  endfacet
  facet normal 0.9990482215818577 0.04361938736533882 0
    outer loop
      vertex -13.38163576571129 -0.7013018136554474 2
      vertex -13.391837082055883 -0.467653255813513 0
      vertex -13.391837082055883 -0.467653255813513 2
    endloop
  endfacet
  facet normal 0.9996573249755571 0.026176948307876754 0
    outer loop
      vertex -13.391837082055883 -0.467653255813513 2
      vertex -13.391837082055883 -0.467653255813513 0
      vertex -13.397959115095643 -0.23386224625959906 0
    endloop
  endfacet
  facet normal 0.9996573249755571 0.026176948307876754 0
    outer loop
      vertex -13.391837082055883 -0.467653255813513 2
      vertex -13.397959115095643 -0.23386224625959906 0
      vertex -13.397959115095643 -0.23386224625959906 2
    endloop
  endfacet
  facet normal 0.9999619230641713 0.008726535498372002 0
    outer loop
      vertex -13.4 0 2
      vertex -13.397959115095643 -0.23386224625959906 0
      vertex -13.4 0 0
    endloop
  endfacet
  facet normal 0.9999619230641713 0.008726535498372002 0
    outer loop
      vertex -13.397959115095643 -0.23386224625959906 2
      vertex -13.397959115095643 -0.23386224625959906 0
      vertex -13.4 0 2
    endloop
  endfacet
  facet normal 0.4771587602596147 0.8788171126619619 0
    outer loop
      vertex -6.290918941330937 -11.831497744309623 2
      vertex -6.290918941330937 -11.831497744309623 0
      vertex -6.4964489113009165 -11.719904075667904 0
    endloop
  endfacet
  facet normal 0.4771587602596147 0.8788171126619619 0
    outer loop
      vertex -6.4964489113009165 -11.719904075667904 2
      vertex -6.290918941330937 -11.831497744309623 2
      vertex -6.4964489113009165 -11.719904075667904 0
    endloop
  endfacet
  facet normal 0.4617486132350267 0.8870108331782255 0
    outer loop
      vertex -6.083472696509927 -11.93948742412413 2
      vertex -6.290918941330937 -11.831497744309623 0
      vertex -6.290918941330937 -11.831497744309623 2
    endloop
  endfacet
  facet normal 0.4461978131098137 0.8949343616020226 0
    outer loop
      vertex -6.083472696509927 -11.93948742412413 2
      vertex -5.874173366973637 -12.043840220408839 0
      vertex -6.083472696509927 -11.93948742412413 0
    endloop
  endfacet
  facet normal 0.4461978131098137 0.8949343616020226 0
    outer loop
      vertex -6.083472696509927 -11.93948742412413 2
      vertex -5.874173366973637 -12.043840220408839 2
      vertex -5.874173366973637 -12.043840220408839 0
    endloop
  endfacet
  facet normal 0.4617486132350267 0.8870108331782255 0
    outer loop
      vertex -6.083472696509927 -11.93948742412413 2
      vertex -6.083472696509927 -11.93948742412413 0
      vertex -6.290918941330937 -11.831497744309623 0
    endloop
  endfacet
  facet normal 0.43051109680829375 0.9025852843498612 0
    outer loop
      vertex -5.874173366973637 -12.043840220408839 2
      vertex -5.663084707325373 -12.14452434629111 0
      vertex -5.874173366973637 -12.043840220408839 0
    endloop
  endfacet
  facet normal 0.43051109680829375 0.9025852843498612 0
    outer loop
      vertex -5.663084707325373 -12.14452434629111 2
      vertex -5.663084707325373 -12.14452434629111 0
      vertex -5.874173366973637 -12.043840220408839 2
    endloop
  endfacet
  facet normal 0.41469324265623886 0.9099612708765433 0
    outer loop
      vertex -5.450271017215723 -12.241509132410853 2
      vertex -5.450271017215723 -12.241509132410853 0
      vertex -5.663084707325373 -12.14452434629111 0
    endloop
  endfacet
  facet normal 0.3987490689252507 0.9170600743851222 0
    outer loop
      vertex -5.450271017215723 -12.241509132410853 2
      vertex -5.235797121756269 -12.334765036262702 2
      vertex -5.450271017215723 -12.241509132410853 0
    endloop
  endfacet
  facet normal 0.3987490689252507 0.9170600743851222 0
    outer loop
      vertex -5.235797121756269 -12.334765036262702 2
      vertex -5.235797121756269 -12.334765036262702 0
      vertex -5.450271017215723 -12.241509132410853 0
    endloop
  endfacet
  facet normal 0.38268343236508506 0.9238795325112886 0
    outer loop
      vertex -5.235797121756269 -12.334765036262702 2
      vertex -5.019728351773221 -12.424263651194952 0
      vertex -5.235797121756269 -12.334765036262702 0
    endloop
  endfacet
  facet normal 0.38268343236508506 0.9238795325112886 0
    outer loop
      vertex -5.235797121756269 -12.334765036262702 2
      vertex -5.019728351773221 -12.424263651194952 2
      vertex -5.019728351773221 -12.424263651194952 0
    endloop
  endfacet
  facet normal 0.41469324265623886 0.9099612708765433 0
    outer loop
      vertex -5.663084707325373 -12.14452434629111 2
      vertex -5.450271017215723 -12.241509132410853 2
      vertex -5.663084707325373 -12.14452434629111 0
    endloop
  endfacet
  facet normal 0.36650122672429813 0.9304175679820241 0
    outer loop
      vertex -4.8021305239070236 -12.509977715062504 2
      vertex -4.8021305239070236 -12.509977715062504 0
      vertex -5.019728351773221 -12.424263651194952 0
    endloop
  endfacet
  facet normal 0.36650122672429813 0.9304175679820241 0
    outer loop
      vertex -5.019728351773221 -12.424263651194952 2
      vertex -4.8021305239070236 -12.509977715062504 2
      vertex -5.019728351773221 -12.424263651194952 0
    endloop
  endfacet
  facet normal 0.3502073812594672 0.9366721892483978 0
    outer loop
      vertex -4.8021305239070236 -12.509977715062504 2
      vertex -4.583069920563961 -12.591881118531173 0
      vertex -4.8021305239070236 -12.509977715062504 0
    endloop
  endfacet
  facet normal 0.3338068592337687 0.9426414910921792 0
    outer loop
      vertex -4.583069920563961 -12.591881118531173 2
      vertex -4.3626132697259 -12.669948913030845 0
      vertex -4.583069920563961 -12.591881118531173 0
    endloop
  endfacet
  facet normal 0.3502073812594672 0.9366721892483978 0
    outer loop
      vertex -4.8021305239070236 -12.509977715062504 2
      vertex -4.583069920563961 -12.591881118531173 2
      vertex -4.583069920563961 -12.591881118531173 0
    endloop
  endfacet
  facet normal 0.5948227867513403 0.8038568606172182 0
    outer loop
      vertex -7.87632238071914 -10.840827724624296 2
      vertex -7.87632238071914 -10.840827724624296 0
      vertex -8.064321310237448 -10.701715834633724 0
    endloop
  endfacet
  facet normal 0.5948227867513403 0.8038568606172182 0
    outer loop
      vertex -8.064321310237448 -10.701715834633724 2
      vertex -7.87632238071914 -10.840827724624296 2
      vertex -8.064321310237448 -10.701715834633724 0
    endloop
  endfacet
  facet normal 0.636078220277769 0.7716245833877158 0
    outer loop
      vertex -8.432893240067822 -10.413755883523411 2
      vertex -8.432893240067822 -10.413755883523411 0
      vertex -8.613353969799626 -10.264995537794306 0
    endloop
  endfacet
  facet normal 0.636078220277769 0.7716245833877158 0
    outer loop
      vertex -8.613353969799626 -10.264995537794306 2
      vertex -8.432893240067822 -10.413755883523411 2
      vertex -8.613353969799626 -10.264995537794306 0
    endloop
  endfacet
  facet normal 0.6626200482157367 0.7489557207890029 0
    outer loop
      vertex -8.9663501252087 -9.958140661397083 2
      vertex -8.791190988472797 -10.113108374985146 0
      vertex -8.9663501252087 -9.958140661397083 0
    endloop
  endfacet
  facet normal 0.6494480483301799 0.7604059656000343 0
    outer loop
      vertex -8.613353969799626 -10.264995537794306 2
      vertex -8.791190988472797 -10.113108374985146 0
      vertex -8.791190988472797 -10.113108374985146 2
    endloop
  endfacet
  facet normal 0.6626200482157367 0.7489557207890029 0
    outer loop
      vertex -8.9663501252087 -9.958140661397083 2
      vertex -8.791190988472797 -10.113108374985146 2
      vertex -8.791190988472797 -10.113108374985146 0
    endloop
  endfacet
  facet normal 0.6494480483301799 0.7604059656000343 0
    outer loop
      vertex -8.613353969799626 -10.264995537794306 2
      vertex -8.613353969799626 -10.264995537794306 0
      vertex -8.791190988472797 -10.113108374985146 0
    endloop
  endfacet
  facet normal 0.6087614290087202 0.7933533402912355 0
    outer loop
      vertex -8.249863769363822 -10.559344098330074 2
      vertex -8.064321310237448 -10.701715834633724 0
      vertex -8.249863769363822 -10.559344098330074 0
    endloop
  endfacet
  facet normal 0.6225146366376189 0.7826081568524145 0
    outer loop
      vertex -8.432893240067822 -10.413755883523411 2
      vertex -8.249863769363822 -10.559344098330074 2
      vertex -8.249863769363822 -10.559344098330074 0
    endloop
  endfacet
  facet normal 0.6225146366376189 0.7826081568524145 0
    outer loop
      vertex -8.432893240067822 -10.413755883523411 2
      vertex -8.249863769363822 -10.559344098330074 0
      vertex -8.432893240067822 -10.413755883523411 0
    endloop
  endfacet
  facet normal 0.6087614290087202 0.7933533402912355 0
    outer loop
      vertex -8.064321310237448 -10.701715834633724 2
      vertex -8.064321310237448 -10.701715834633724 0
      vertex -8.249863769363822 -10.559344098330074 2
    endloop
  endfacet
  facet normal 0.5664062369248344 0.8241261886220146 0
    outer loop
      vertex -7.4931849065080085 -11.109103472237559 2
      vertex -7.685924247104017 -10.97663739347249 0
      vertex -7.685924247104017 -10.97663739347249 2
    endloop
  endfacet
  facet normal 0.5807029557109396 0.8141155183563193 0
    outer loop
      vertex -7.87632238071914 -10.840827724624296 2
      vertex -7.685924247104017 -10.97663739347249 0
      vertex -7.87632238071914 -10.840827724624296 0
    endloop
  endfacet
  facet normal 0.5807029557109396 0.8141155183563193 0
    outer loop
      vertex -7.87632238071914 -10.840827724624296 2
      vertex -7.685924247104017 -10.97663739347249 2
      vertex -7.685924247104017 -10.97663739347249 0
    endloop
  endfacet
  facet normal 0.5664062369248344 0.8241261886220146 0
    outer loop
      vertex -7.4931849065080085 -11.109103472237559 2
      vertex -7.4931849065080085 -11.109103472237559 0
      vertex -7.685924247104017 -10.97663739347249 0
    endloop
  endfacet
  facet normal 0.5519369853120614 0.833885822067166 0
    outer loop
      vertex -7.4931849065080085 -11.109103472237559 2
      vertex -7.2981630692013635 -11.238185610468683 0
      vertex -7.4931849065080085 -11.109103472237559 0
    endloop
  endfacet
  facet normal 0.5519369853120614 0.833885822067166 0
    outer loop
      vertex -7.2981630692013635 -11.238185610468683 2
      vertex -7.2981630692013635 -11.238185610468683 0
      vertex -7.4931849065080085 -11.109103472237559 2
    endloop
  endfacet
  facet normal 0.5224985647159536 0.8526401643540892 0
    outer loop
      vertex -7.1009181407249455 -11.363844488496108 2
      vertex -6.901510203794726 -11.486041829408306 0
      vertex -7.1009181407249455 -11.363844488496108 0
    endloop
  endfacet
  facet normal 0.5372996083468167 0.8433914458128902 0
    outer loop
      vertex -7.1009181407249455 -11.363844488496108 2
      vertex -7.1009181407249455 -11.363844488496108 0
      vertex -7.2981630692013635 -11.238185610468683 0
    endloop
  endfacet
  facet normal 0.5372996083468167 0.8433914458128902 0
    outer loop
      vertex -7.2981630692013635 -11.238185610468683 2
      vertex -7.1009181407249455 -11.363844488496108 2
      vertex -7.2981630692013635 -11.238185610468683 0
    endloop
  endfacet
  facet normal 0.5075383629606987 0.861629160441529 0
    outer loop
      vertex -6.7 -11.604740410711477 2
      vertex -6.7 -11.604740410711477 0
      vertex -6.901510203794726 -11.486041829408306 0
    endloop
  endfacet
  facet normal 0.5075383629606987 0.861629160441529 0
    outer loop
      vertex -6.901510203794726 -11.486041829408306 2
      vertex -6.7 -11.604740410711477 2
      vertex -6.901510203794726 -11.486041829408306 0
    endloop
  endfacet
  facet normal 0.5224985647159536 0.8526401643540892 0
    outer loop
      vertex -6.901510203794726 -11.486041829408306 2
      vertex -6.901510203794726 -11.486041829408306 0
      vertex -7.1009181407249455 -11.363844488496108 2
    endloop
  endfacet
  facet normal 0.49242356010347016 0.870355695939898 0
    outer loop
      vertex -6.7 -11.604740410711477 2
      vertex -6.4964489113009165 -11.719904075667904 0
      vertex -6.7 -11.604740410711477 0
    endloop
  endfacet
  facet normal 0.49242356010347016 0.870355695939898 0
    outer loop
      vertex -6.7 -11.604740410711477 2
      vertex -6.4964489113009165 -11.719904075667904 2
      vertex -6.4964489113009165 -11.719904075667904 0
    endloop
  endfacet
  facet normal 0.3173046564050892 0.9483236552062003 0
    outer loop
      vertex -4.1408277246242955 -12.744157318355057 2
      vertex -4.3626132697259 -12.669948913030845 0
      vertex -4.3626132697259 -12.669948913030845 2
    endloop
  endfacet
  facet normal 0.3173046564050892 0.9483236552062003 0
    outer loop
      vertex -4.1408277246242955 -12.744157318355057 2
      vertex -4.1408277246242955 -12.744157318355057 0
      vertex -4.3626132697259 -12.669948913030845 0
    endloop
  endfacet
  facet normal 0.3007057995042723 0.9537169507482272 0
    outer loop
      vertex -4.1408277246242955 -12.744157318355057 2
      vertex -3.917780843284673 -12.814483729904675 0
      vertex -4.1408277246242955 -12.744157318355057 0
    endloop
  endfacet
  facet normal 0.3007057995042723 0.9537169507482272 0
    outer loop
      vertex -4.1408277246242955 -12.744157318355057 2
      vertex -3.917780843284673 -12.814483729904675 2
      vertex -3.917780843284673 -12.814483729904675 0
    endloop
  endfacet
  facet normal 0.2840153447039254 0.9588197348681922 0
    outer loop
      vertex -3.917780843284673 -12.814483729904675 2
      vertex -3.693540567947789 -12.880906725573473 0
      vertex -3.917780843284673 -12.814483729904675 0
    endloop
  endfacet
  facet normal 0.2840153447039254 0.9588197348681922 0
    outer loop
      vertex -3.917780843284673 -12.814483729904675 2
      vertex -3.693540567947789 -12.880906725573473 2
      vertex -3.693540567947789 -12.880906725573473 0
    endloop
  endfacet
  facet normal 0.2672383760782622 0.9636304532086215 0
    outer loop
      vertex -3.468175204373778 -12.943406072273516 2
      vertex -3.468175204373778 -12.943406072273516 0
      vertex -3.693540567947789 -12.880906725573473 0
    endloop
  endfacet
  facet normal 0.2503800040544348 0.9681476403781094 0
    outer loop
      vertex -3.468175204373778 -12.943406072273516 2
      vertex -3.2417534010355475 -13.001962732098352 2
      vertex -3.468175204373778 -12.943406072273516 0
    endloop
  endfacet
  facet normal 0.2672383760782622 0.9636304532086215 0
    outer loop
      vertex -3.468175204373778 -12.943406072273516 2
      vertex -3.693540567947789 -12.880906725573473 0
      vertex -3.693540567947789 -12.880906725573473 2
    endloop
  endfacet
  facet normal 0.3338068592337687 0.9426414910921792 0
    outer loop
      vertex -4.583069920563961 -12.591881118531173 2
      vertex -4.3626132697259 -12.669948913030845 2
      vertex -4.3626132697259 -12.669948913030845 0
    endloop
  endfacet
  facet normal 0.2503800040544348 0.9681476403781094 0
    outer loop
      vertex -3.2417534010355475 -13.001962732098352 2
      vertex -3.2417534010355475 -13.001962732098352 0
      vertex -3.468175204373778 -12.943406072273516 0
    endloop
  endfacet
  facet normal 0.2334453638559093 0.9723699203976757 0
    outer loop
      vertex -3.2417534010355475 -13.001962732098352 2
      vertex -3.014344128207791 -13.056558868122153 0
      vertex -3.2417534010355475 -13.001962732098352 0
    endloop
  endfacet
  facet normal 0.21643961393810596 0.9762960071199326 0
    outer loop
      vertex -2.786016656957975 -13.107177849832997 2
      vertex -2.786016656957975 -13.107177849832997 0
      vertex -3.014344128207791 -13.056558868122153 0
    endloop
  endfacet
  facet normal 0.2334453638559093 0.9723699203976757 0
    outer loop
      vertex -3.2417534010355475 -13.001962732098352 2
      vertex -3.014344128207791 -13.056558868122153 2
      vertex -3.014344128207791 -13.056558868122153 0
    endloop
  endfacet
  facet normal 0.21643961393810596 0.9762960071199326 0
    outer loop
      vertex -3.014344128207791 -13.056558868122153 2
      vertex -2.786016656957975 -13.107177849832997 2
      vertex -3.014344128207791 -13.056558868122153 0
    endloop
  endfacet
  facet normal 0.18223552549214828 0.9832549075639545 0
    outer loop
      vertex -2.3268855807368665 -13.196423890363588 2
      vertex -2.3268855807368665 -13.196423890363588 0
      vertex -2.5568405380457007 -13.153804258198697 0
    endloop
  endfacet
  facet normal 0.18223552549214828 0.9832549075639545 0
    outer loop
      vertex -2.5568405380457007 -13.153804258198697 2
      vertex -2.3268855807368665 -13.196423890363588 2
      vertex -2.5568405380457007 -13.153804258198697 0
    endloop
  endfacet
  facet normal 0.19936793441719225 0.9799247046208307 0
    outer loop
      vertex -2.786016656957975 -13.107177849832997 2
      vertex -2.5568405380457007 -13.153804258198697 0
      vertex -2.786016656957975 -13.107177849832997 0
    endloop
  endfacet
  facet normal 0.19936793441719225 0.9799247046208307 0
    outer loop
      vertex -2.786016656957975 -13.107177849832997 2
      vertex -2.5568405380457007 -13.153804258198697 2
      vertex -2.5568405380457007 -13.153804258198697 0
    endloop
  endfacet
  facet normal 0.16504760586067826 0.9862856015372312 0
    outer loop
      vertex -2.3268855807368665 -13.196423890363588 2
      vertex -2.096221831539094 -13.235023763974846 0
      vertex -2.3268855807368665 -13.196423890363588 0
    endloop
  endfacet
  facet normal 0.16504760586067826 0.9862856015372312 0
    outer loop
      vertex -2.3268855807368665 -13.196423890363588 2
      vertex -2.096221831539094 -13.235023763974846 2
      vertex -2.096221831539094 -13.235023763974846 0
    endloop
  endfacet
  facet normal 0.14780941112961118 0.9890158633619167 0
    outer loop
      vertex -2.096221831539094 -13.235023763974846 2
      vertex -1.864919552864877 -13.269592121137043 2
      vertex -2.096221831539094 -13.235023763974846 0
    endloop
  endfacet
  facet normal 0.14780941112961118 0.9890158633619167 0
    outer loop
      vertex -1.864919552864877 -13.269592121137043 2
      vertex -1.864919552864877 -13.269592121137043 0
      vertex -2.096221831539094 -13.235023763974846 0
    endloop
  endfacet
  facet normal 0.13052619222004716 0.9914448613738109 0
    outer loop
      vertex -1.6330492016289762 -13.300118431993715 2
      vertex -1.6330492016289762 -13.300118431993715 0
      vertex -1.864919552864877 -13.269592121137043 0
    endloop
  endfacet
  facet normal 0.13052619222004716 0.9914448613738109 0
    outer loop
      vertex -1.864919552864877 -13.269592121137043 2
      vertex -1.6330492016289762 -13.300118431993715 2
      vertex -1.864919552864877 -13.269592121137043 0
    endloop
  endfacet
  facet normal 0.11320321376790848 0.9935718556765873 0
    outer loop
      vertex -1.6330492016289762 -13.300118431993715 2
      vertex -1.4006814077865566 -13.326593397934863 0
      vertex -1.6330492016289762 -13.300118431993715 0
    endloop
  endfacet
  facet normal 0.11320321376790848 0.9935718556765873 0
    outer loop
      vertex -1.6330492016289762 -13.300118431993715 2
      vertex -1.4006814077865566 -13.326593397934863 2
      vertex -1.4006814077865566 -13.326593397934863 0
    endloop
  endfacet
  facet normal 0.09584575252022398 0.9953961983671787 0
    outer loop
      vertex -1.1678869528186195 -13.34900895442939 2
      vertex -1.1678869528186195 -13.34900895442939 0
      vertex -1.4006814077865566 -13.326593397934863 0
    endloop
  endfacet
  facet normal 0.09584575252022398 0.9953961983671787 0
    outer loop
      vertex -1.4006814077865566 -13.326593397934863 2
      vertex -1.1678869528186195 -13.34900895442939 2
      vertex -1.4006814077865566 -13.326593397934863 0
    endloop
  endfacet
  facet normal 0.07845909572784024 0.9969173337331283 0
    outer loop
      vertex -1.1678869528186195 -13.34900895442939 2
      vertex -0.934736748171279 -13.367358273481644 0
      vertex -1.1678869528186195 -13.34900895442939 0
    endloop
  endfacet
  facet normal 0.07845909572784024 0.9969173337331283 0
    outer loop
      vertex -1.1678869528186195 -13.34900895442939 2
      vertex -0.934736748171279 -13.367358273481644 2
      vertex -0.934736748171279 -13.367358273481644 0
    endloop
  endfacet
  facet normal 0.061048539534858455 0.9981347984218669 0
    outer loop
      vertex -0.934736748171279 -13.367358273481644 2
      vertex -0.7013018136554474 -13.38163576571129 2
      vertex -0.934736748171279 -13.367358273481644 0
    endloop
  endfacet
  facet normal 0.061048539534858455 0.9981347984218669 0
    outer loop
      vertex -0.7013018136554474 -13.38163576571129 2
      vertex -0.7013018136554474 -13.38163576571129 0
      vertex -0.934736748171279 -13.367358273481644 0
    endloop
  endfacet
  facet normal 0.04361938736533882 0.9990482215818577 0
    outer loop
      vertex -0.7013018136554474 -13.38163576571129 2
      vertex -0.467653255813513 -13.391837082055883 2
      vertex -0.7013018136554474 -13.38163576571129 0
    endloop
  endfacet
  facet normal 0.04361938736533882 0.9990482215818577 0
    outer loop
      vertex -0.467653255813513 -13.391837082055883 2
      vertex -0.467653255813513 -13.391837082055883 0
      vertex -0.7013018136554474 -13.38163576571129 0
    endloop
  endfacet
  facet normal 0.026176948307876754 0.9996573249755571 0
    outer loop
      vertex -0.23386224625959906 -13.397959115095643 2
      vertex -0.23386224625959906 -13.397959115095643 0
      vertex -0.467653255813513 -13.391837082055883 0
    endloop
  endfacet
  facet normal 0.026176948307876754 0.9996573249755571 0
    outer loop
      vertex -0.467653255813513 -13.391837082055883 2
      vertex -0.23386224625959906 -13.397959115095643 2
      vertex -0.467653255813513 -13.391837082055883 0
    endloop
  endfacet
  facet normal 0.008726535498372002 0.9999619230641713 0
    outer loop
      vertex -0.23386224625959906 -13.397959115095643 2
      vertex 0 -13.4 0
      vertex -0.23386224625959906 -13.397959115095643 0
    endloop
  endfacet
  facet normal 0.008726535498372002 0.9999619230641713 0
    outer loop
      vertex -0.23386224625959906 -13.397959115095643 2
      vertex 0 -13.4 2
      vertex 0 -13.4 0
    endloop
  endfacet
  facet normal 0.9999619230641713 -0.008726535498372002 0
    outer loop
      vertex -13.397959115095643 0.23386224625959906 2
      vertex -13.4 0 0
      vertex -13.397959115095643 0.23386224625959906 0
    endloop
  endfacet
  facet normal 0.9999619230641713 -0.008726535498372002 0
    outer loop
      vertex -13.4 0 2
      vertex -13.4 0 0
      vertex -13.397959115095643 0.23386224625959906 2
    endloop
  endfacet
  facet normal 0.9996573249755571 -0.026176948307876754 0
    outer loop
      vertex -13.397959115095643 0.23386224625959906 2
      vertex -13.397959115095643 0.23386224625959906 0
      vertex -13.391837082055883 0.467653255813513 0
    endloop
  endfacet
  facet normal 0.9996573249755571 -0.026176948307876754 0
    outer loop
      vertex -13.397959115095643 0.23386224625959906 2
      vertex -13.391837082055883 0.467653255813513 0
      vertex -13.391837082055883 0.467653255813513 2
    endloop
  endfacet
  facet normal 0.9990482215818577 -0.04361938736533882 0
    outer loop
      vertex -13.38163576571129 0.7013018136554474 2
      vertex -13.391837082055883 0.467653255813513 0
      vertex -13.38163576571129 0.7013018136554474 0
    endloop
  endfacet
  facet normal 0.9990482215818577 -0.04361938736533882 0
    outer loop
      vertex -13.391837082055883 0.467653255813513 2
      vertex -13.391837082055883 0.467653255813513 0
      vertex -13.38163576571129 0.7013018136554474 2
    endloop
  endfacet
  facet normal 0.9981347984218669 -0.061048539534858455 0
    outer loop
      vertex -13.38163576571129 0.7013018136554474 2
      vertex -13.38163576571129 0.7013018136554474 0
      vertex -13.367358273481644 0.934736748171279 0
    endloop
  endfacet
  facet normal 0.9981347984218669 -0.061048539534858455 0
    outer loop
      vertex -13.38163576571129 0.7013018136554474 2
      vertex -13.367358273481644 0.934736748171279 0
      vertex -13.367358273481644 0.934736748171279 2
    endloop
  endfacet
  facet normal 0.9969173337331283 -0.07845909572784024 0
    outer loop
      vertex -13.34900895442939 1.1678869528186195 2
      vertex -13.367358273481644 0.934736748171279 0
      vertex -13.34900895442939 1.1678869528186195 0
    endloop
  endfacet
  facet normal 0.9969173337331283 -0.07845909572784024 0
    outer loop
      vertex -13.367358273481644 0.934736748171279 2
      vertex -13.367358273481644 0.934736748171279 0
      vertex -13.34900895442939 1.1678869528186195 2
    endloop
  endfacet
  facet normal 0.9953961983671787 -0.09584575252022398 0
    outer loop
      vertex -13.34900895442939 1.1678869528186195 2
      vertex -13.34900895442939 1.1678869528186195 0
      vertex -13.326593397934863 1.4006814077865566 0
    endloop
  endfacet
  facet normal 0.9953961983671787 -0.09584575252022398 0
    outer loop
      vertex -13.34900895442939 1.1678869528186195 2
      vertex -13.326593397934863 1.4006814077865566 0
      vertex -13.326593397934863 1.4006814077865566 2
    endloop
  endfacet
  facet normal 0.9935718556765873 -0.11320321376790848 0
    outer loop
      vertex -13.300118431993715 1.6330492016289762 2
      vertex -13.326593397934863 1.4006814077865566 0
      vertex -13.300118431993715 1.6330492016289762 0
    endloop
  endfacet
  facet normal 0.9935718556765873 -0.11320321376790848 0
    outer loop
      vertex -13.326593397934863 1.4006814077865566 2
      vertex -13.326593397934863 1.4006814077865566 0
      vertex -13.300118431993715 1.6330492016289762 2
    endloop
  endfacet
  facet normal 0.9914448613738109 -0.13052619222004716 0
    outer loop
      vertex -13.300118431993715 1.6330492016289762 2
      vertex -13.300118431993715 1.6330492016289762 0
      vertex -13.269592121137043 1.864919552864877 0
    endloop
  endfacet
  facet normal 0.9914448613738109 -0.13052619222004716 0
    outer loop
      vertex -13.300118431993715 1.6330492016289762 2
      vertex -13.269592121137043 1.864919552864877 0
      vertex -13.269592121137043 1.864919552864877 2
    endloop
  endfacet
  facet normal 0.9890158633619167 -0.14780941112961118 0
    outer loop
      vertex -13.269592121137043 1.864919552864877 2
      vertex -13.269592121137043 1.864919552864877 0
      vertex -13.235023763974846 2.096221831539094 2
    endloop
  endfacet
  facet normal 0.9890158633619167 -0.14780941112961118 0
    outer loop
      vertex -13.235023763974846 2.096221831539094 2
      vertex -13.269592121137043 1.864919552864877 0
      vertex -13.235023763974846 2.096221831539094 0
    endloop
  endfacet
  facet normal 0.9862856015372312 -0.16504760586067826 0
    outer loop
      vertex -13.235023763974846 2.096221831539094 2
      vertex -13.235023763974846 2.096221831539094 0
      vertex -13.196423890363588 2.3268855807368665 0
    endloop
  endfacet
  facet normal 0.9832549075639545 -0.18223552549214828 0
    outer loop
      vertex -13.196423890363588 2.3268855807368665 2
      vertex -13.196423890363588 2.3268855807368665 0
      vertex -13.153804258198697 2.5568405380457007 0
    endloop
  endfacet
  facet normal 0.9862856015372312 -0.16504760586067826 0
    outer loop
      vertex -13.235023763974846 2.096221831539094 2
      vertex -13.196423890363588 2.3268855807368665 0
      vertex -13.196423890363588 2.3268855807368665 2
    endloop
  endfacet
  facet normal 0.9832549075639545 -0.18223552549214828 0
    outer loop
      vertex -13.196423890363588 2.3268855807368665 2
      vertex -13.153804258198697 2.5568405380457007 0
      vertex -13.153804258198697 2.5568405380457007 2
    endloop
  endfacet
  facet normal 0.9799247046208307 -0.19936793441719225 0
    outer loop
      vertex -13.153804258198697 2.5568405380457007 2
      vertex -13.153804258198697 2.5568405380457007 0
      vertex -13.107177849832997 2.786016656957975 2
    endloop
  endfacet
  facet normal 0.9799247046208307 -0.19936793441719225 0
    outer loop
      vertex -13.107177849832997 2.786016656957975 2
      vertex -13.153804258198697 2.5568405380457007 0
      vertex -13.107177849832997 2.786016656957975 0
    endloop
  endfacet
  facet normal 0.9762960071199326 -0.21643961393810596 0
    outer loop
      vertex -13.107177849832997 2.786016656957975 2
      vertex -13.107177849832997 2.786016656957975 0
      vertex -13.056558868122153 3.014344128207791 0
    endloop
  endfacet
  facet normal 0.9723699203976757 -0.2334453638559093 0
    outer loop
      vertex -13.056558868122153 3.014344128207791 2
      vertex -13.056558868122153 3.014344128207791 0
      vertex -13.001962732098352 3.2417534010355475 0
    endloop
  endfacet
  facet normal 0.9762960071199326 -0.21643961393810596 0
    outer loop
      vertex -13.107177849832997 2.786016656957975 2
      vertex -13.056558868122153 3.014344128207791 0
      vertex -13.056558868122153 3.014344128207791 2
    endloop
  endfacet
  facet normal 0.9723699203976757 -0.2334453638559093 0
    outer loop
      vertex -13.056558868122153 3.014344128207791 2
      vertex -13.001962732098352 3.2417534010355475 0
      vertex -13.001962732098352 3.2417534010355475 2
    endloop
  endfacet
  facet normal 0.9681476403781094 -0.2503800040544348 0
    outer loop
      vertex -12.943406072273516 3.468175204373778 2
      vertex -13.001962732098352 3.2417534010355475 0
      vertex -12.943406072273516 3.468175204373778 0
    endloop
  endfacet
  facet normal 0.9681476403781094 -0.2503800040544348 0
    outer loop
      vertex -13.001962732098352 3.2417534010355475 2
      vertex -13.001962732098352 3.2417534010355475 0
      vertex -12.943406072273516 3.468175204373778 2
    endloop
  endfacet
  facet normal 0.9636304532086215 -0.2672383760782622 0
    outer loop
      vertex -12.880906725573473 3.693540567947789 2
      vertex -12.943406072273516 3.468175204373778 0
      vertex -12.880906725573473 3.693540567947789 0
    endloop
  endfacet
  facet normal 0.9636304532086215 -0.2672383760782622 0
    outer loop
      vertex -12.943406072273516 3.468175204373778 2
      vertex -12.943406072273516 3.468175204373778 0
      vertex -12.880906725573473 3.693540567947789 2
    endloop
  endfacet
  facet normal 0.9588197348681922 -0.2840153447039254 0
    outer loop
      vertex -12.880906725573473 3.693540567947789 2
      vertex -12.880906725573473 3.693540567947789 0
      vertex -12.814483729904675 3.917780843284673 0
    endloop
  endfacet
  facet normal 0.9588197348681922 -0.2840153447039254 0
    outer loop
      vertex -12.880906725573473 3.693540567947789 2
      vertex -12.814483729904675 3.917780843284673 0
      vertex -12.814483729904675 3.917780843284673 2
    endloop
  endfacet
  facet normal 0.9537169507482272 -0.3007057995042723 0
    outer loop
      vertex -12.744157318355057 4.1408277246242955 2
      vertex -12.814483729904675 3.917780843284673 0
      vertex -12.744157318355057 4.1408277246242955 0
    endloop
  endfacet
  facet normal 0.9537169507482272 -0.3007057995042723 0
    outer loop
      vertex -12.814483729904675 3.917780843284673 2
      vertex -12.814483729904675 3.917780843284673 0
      vertex -12.744157318355057 4.1408277246242955 2
    endloop
  endfacet
  facet normal 0.9483236552062003 -0.3173046564050892 0
    outer loop
      vertex -12.744157318355057 4.1408277246242955 2
      vertex -12.744157318355057 4.1408277246242955 0
      vertex -12.669948913030845 4.3626132697259 0
    endloop
  endfacet
  facet normal 0.9483236552062003 -0.3173046564050892 0
    outer loop
      vertex -12.744157318355057 4.1408277246242955 2
      vertex -12.669948913030845 4.3626132697259 0
      vertex -12.669948913030845 4.3626132697259 2
    endloop
  endfacet
  facet normal 0.9426414910921792 -0.3338068592337687 0
    outer loop
      vertex -12.591881118531173 4.583069920563961 2
      vertex -12.669948913030845 4.3626132697259 0
      vertex -12.591881118531173 4.583069920563961 0
    endloop
  endfacet
  facet normal 0.9426414910921792 -0.3338068592337687 0
    outer loop
      vertex -12.669948913030845 4.3626132697259 2
      vertex -12.669948913030845 4.3626132697259 0
      vertex -12.591881118531173 4.583069920563961 2
    endloop
  endfacet
  facet normal 0.9366721892483978 -0.3502073812594672 0
    outer loop
      vertex -12.509977715062504 4.8021305239070236 2
      vertex -12.591881118531173 4.583069920563961 0
      vertex -12.509977715062504 4.8021305239070236 0
    endloop
  endfacet
  facet normal 0.9366721892483978 -0.3502073812594672 0
    outer loop
      vertex -12.591881118531173 4.583069920563961 2
      vertex -12.591881118531173 4.583069920563961 0
      vertex -12.509977715062504 4.8021305239070236 2
    endloop
  endfacet
  facet normal 0.9304175679820241 -0.36650122672429813 0
    outer loop
      vertex -12.509977715062504 4.8021305239070236 2
      vertex -12.509977715062504 4.8021305239070236 0
      vertex -12.424263651194952 5.019728351773221 0
    endloop
  endfacet
  facet normal 0.9304175679820241 -0.36650122672429813 0
    outer loop
      vertex -12.509977715062504 4.8021305239070236 2
      vertex -12.424263651194952 5.019728351773221 0
      vertex -12.424263651194952 5.019728351773221 2
    endloop
  endfacet
  facet normal 0.9238795325112886 -0.38268343236508506 0
    outer loop
      vertex -12.424263651194952 5.019728351773221 2
      vertex -12.424263651194952 5.019728351773221 0
      vertex -12.334765036262702 5.235797121756269 2
    endloop
  endfacet
  facet normal 0.9238795325112886 -0.38268343236508506 0
    outer loop
      vertex -12.334765036262702 5.235797121756269 2
      vertex -12.424263651194952 5.019728351773221 0
      vertex -12.334765036262702 5.235797121756269 0
    endloop
  endfacet
  facet normal 0.9170600743851222 -0.3987490689252507 0
    outer loop
      vertex -12.334765036262702 5.235797121756269 2
      vertex -12.334765036262702 5.235797121756269 0
      vertex -12.241509132410853 5.450271017215723 0
    endloop
  endfacet
  facet normal 0.9099612708765433 -0.41469324265623886 0
    outer loop
      vertex -12.14452434629111 5.663084707325373 2
      vertex -12.241509132410853 5.450271017215723 0
      vertex -12.14452434629111 5.663084707325373 0
    endloop
  endfacet
  facet normal 0.9170600743851222 -0.3987490689252507 0
    outer loop
      vertex -12.334765036262702 5.235797121756269 2
      vertex -12.241509132410853 5.450271017215723 0
      vertex -12.241509132410853 5.450271017215723 2
    endloop
  endfacet
  facet normal 0.9099612708765433 -0.41469324265623886 0
    outer loop
      vertex -12.241509132410853 5.450271017215723 2
      vertex -12.241509132410853 5.450271017215723 0
      vertex -12.14452434629111 5.663084707325373 2
    endloop
  endfacet
  facet normal 0.9025852843498612 -0.43051109680829375 0
    outer loop
      vertex -12.14452434629111 5.663084707325373 2
      vertex -12.14452434629111 5.663084707325373 0
      vertex -12.043840220408839 5.874173366973637 0
    endloop
  endfacet
  facet normal 0.9025852843498612 -0.43051109680829375 0
    outer loop
      vertex -12.14452434629111 5.663084707325373 2
      vertex -12.043840220408839 5.874173366973637 0
      vertex -12.043840220408839 5.874173366973637 2
    endloop
  endfacet
  facet normal 0.8949343616020226 -0.4461978131098137 0
    outer loop
      vertex -11.93948742412413 6.083472696509927 2
      vertex -12.043840220408839 5.874173366973637 0
      vertex -11.93948742412413 6.083472696509927 0
    endloop
  endfacet
  facet normal 0.8949343616020226 -0.4461978131098137 0
    outer loop
      vertex -12.043840220408839 5.874173366973637 2
      vertex -12.043840220408839 5.874173366973637 0
      vertex -11.93948742412413 6.083472696509927 2
    endloop
  endfacet
  facet normal 0.8870108331782255 -0.4617486132350267 0
    outer loop
      vertex -11.93948742412413 6.083472696509927 2
      vertex -11.93948742412413 6.083472696509927 0
      vertex -11.831497744309623 6.290918941330937 0
    endloop
  endfacet
  facet normal 0.8870108331782255 -0.4617486132350267 0
    outer loop
      vertex -11.93948742412413 6.083472696509927 2
      vertex -11.831497744309623 6.290918941330937 0
      vertex -11.831497744309623 6.290918941330937 2
    endloop
  endfacet
  facet normal 0.8788171126619619 -0.4771587602596147 0
    outer loop
      vertex -11.719904075667904 6.4964489113009165 2
      vertex -11.831497744309623 6.290918941330937 0
      vertex -11.719904075667904 6.4964489113009165 0
    endloop
  endfacet
  facet normal 0.870355695939898 -0.49242356010347016 0
    outer loop
      vertex -11.719904075667904 6.4964489113009165 2
      vertex -11.719904075667904 6.4964489113009165 0
      vertex -11.604740410711477 6.7 0
    endloop
  endfacet
  facet normal 0.8788171126619619 -0.4771587602596147 0
    outer loop
      vertex -11.831497744309623 6.290918941330937 2
      vertex -11.831497744309623 6.290918941330937 0
      vertex -11.719904075667904 6.4964489113009165 2
    endloop
  endfacet
  facet normal 0.870355695939898 -0.49242356010347016 0
    outer loop
      vertex -11.719904075667904 6.4964489113009165 2
      vertex -11.604740410711477 6.7 0
      vertex -11.604740410711477 6.7 2
    endloop
  endfacet
  facet normal 0.861629160441529 -0.5075383629606987 0
    outer loop
      vertex -11.604740410711477 6.7 2
      vertex -11.604740410711477 6.7 0
      vertex -11.486041829408306 6.901510203794726 2
    endloop
  endfacet
  facet normal 0.861629160441529 -0.5075383629606987 0
    outer loop
      vertex -11.486041829408306 6.901510203794726 2
      vertex -11.604740410711477 6.7 0
      vertex -11.486041829408306 6.901510203794726 0
    endloop
  endfacet
  facet normal 0.8526401643540892 -0.5224985647159536 0
    outer loop
      vertex -11.486041829408306 6.901510203794726 2
      vertex -11.486041829408306 6.901510203794726 0
      vertex -11.363844488496108 7.1009181407249455 0
    endloop
  endfacet
  facet normal 0.8526401643540892 -0.5224985647159536 0
    outer loop
      vertex -11.486041829408306 6.901510203794726 2
      vertex -11.363844488496108 7.1009181407249455 0
      vertex -11.363844488496108 7.1009181407249455 2
    endloop
  endfacet
  facet normal 0.8433914458128902 -0.5372996083468167 0
    outer loop
      vertex -11.238185610468683 7.2981630692013635 2
      vertex -11.363844488496108 7.1009181407249455 0
      vertex -11.238185610468683 7.2981630692013635 0
    endloop
  endfacet
  facet normal 0.8433914458128902 -0.5372996083468167 0
    outer loop
      vertex -11.363844488496108 7.1009181407249455 2
      vertex -11.363844488496108 7.1009181407249455 0
      vertex -11.238185610468683 7.2981630692013635 2
    endloop
  endfacet
  facet normal 0.833885822067166 -0.5519369853120614 0
    outer loop
      vertex -11.109103472237559 7.4931849065080085 2
      vertex -11.238185610468683 7.2981630692013635 0
      vertex -11.109103472237559 7.4931849065080085 0
    endloop
  endfacet
  facet normal 0.833885822067166 -0.5519369853120614 0
    outer loop
      vertex -11.238185610468683 7.2981630692013635 2
      vertex -11.238185610468683 7.2981630692013635 0
      vertex -11.109103472237559 7.4931849065080085 2
    endloop
  endfacet
  facet normal 0.8241261886220146 -0.5664062369248344 0
    outer loop
      vertex -11.109103472237559 7.4931849065080085 2
      vertex -11.109103472237559 7.4931849065080085 0
      vertex -10.97663739347249 7.685924247104017 0
    endloop
  endfacet
  facet normal 0.8241261886220146 -0.5664062369248344 0
    outer loop
      vertex -11.109103472237559 7.4931849065080085 2
      vertex -10.97663739347249 7.685924247104017 0
      vertex -10.97663739347249 7.685924247104017 2
    endloop
  endfacet
  facet normal 0.8141155183563193 -0.5807029557109396 0
    outer loop
      vertex -10.97663739347249 7.685924247104017 2
      vertex -10.97663739347249 7.685924247104017 0
      vertex -10.840827724624296 7.87632238071914 2
    endloop
  endfacet
  facet normal 0.8141155183563193 -0.5807029557109396 0
    outer loop
      vertex -10.840827724624296 7.87632238071914 2
      vertex -10.97663739347249 7.685924247104017 0
      vertex -10.840827724624296 7.87632238071914 0
    endloop
  endfacet
  facet normal 0.8038568606172182 -0.5948227867513403 0
    outer loop
      vertex -10.840827724624296 7.87632238071914 2
      vertex -10.840827724624296 7.87632238071914 0
      vertex -10.701715834633724 8.064321310237448 0
    endloop
  endfacet
  facet normal 0.8038568606172182 -0.5948227867513403 0
    outer loop
      vertex -10.840827724624296 7.87632238071914 2
      vertex -10.701715834633724 8.064321310237448 0
      vertex -10.701715834633724 8.064321310237448 2
    endloop
  endfacet
  facet normal 0.7933533402912355 -0.6087614290087202 0
    outer loop
      vertex -10.559344098330074 8.249863769363822 2
      vertex -10.701715834633724 8.064321310237448 0
      vertex -10.559344098330074 8.249863769363822 0
    endloop
  endfacet
  facet normal 0.7933533402912355 -0.6087614290087202 0
    outer loop
      vertex -10.701715834633724 8.064321310237448 2
      vertex -10.701715834633724 8.064321310237448 0
      vertex -10.559344098330074 8.249863769363822 2
    endloop
  endfacet
  facet normal 0.7826081568524145 -0.6225146366376189 0
    outer loop
      vertex -10.559344098330074 8.249863769363822 2
      vertex -10.559344098330074 8.249863769363822 0
      vertex -10.413755883523411 8.432893240067822 0
    endloop
  endfacet
  facet normal 0.7826081568524145 -0.6225146366376189 0
    outer loop
      vertex -10.559344098330074 8.249863769363822 2
      vertex -10.413755883523411 8.432893240067822 0
      vertex -10.413755883523411 8.432893240067822 2
    endloop
  endfacet
  facet normal 0.7716245833877158 -0.636078220277769 0
    outer loop
      vertex -10.413755883523411 8.432893240067822 2
      vertex -10.413755883523411 8.432893240067822 0
      vertex -10.264995537794306 8.613353969799626 0
    endloop
  endfacet
  facet normal 0.7604059656000343 -0.6494480483301799 0
    outer loop
      vertex -10.113108374985146 8.791190988472797 2
      vertex -10.264995537794306 8.613353969799626 0
      vertex -10.113108374985146 8.791190988472797 0
    endloop
  endfacet
  facet normal 0.7716245833877158 -0.636078220277769 0
    outer loop
      vertex -10.413755883523411 8.432893240067822 2
      vertex -10.264995537794306 8.613353969799626 0
      vertex -10.264995537794306 8.613353969799626 2
    endloop
  endfacet
  facet normal 0.7604059656000343 -0.6494480483301799 0
    outer loop
      vertex -10.264995537794306 8.613353969799626 2
      vertex -10.264995537794306 8.613353969799626 0
      vertex -10.113108374985146 8.791190988472797 2
    endloop
  endfacet
  facet normal 0.7489557207890029 -0.6626200482157367 0
    outer loop
      vertex -9.958140661397083 8.9663501252087 2
      vertex -10.113108374985146 8.791190988472797 0
      vertex -9.958140661397083 8.9663501252087 0
    endloop
  endfacet
  facet normal 0.7489557207890029 -0.6626200482157367 0
    outer loop
      vertex -10.113108374985146 8.791190988472797 2
      vertex -10.113108374985146 8.791190988472797 0
      vertex -9.958140661397083 8.9663501252087 2
    endloop
  endfacet
  facet normal 0.7372773368101214 -0.6755902076156631 0
    outer loop
      vertex -9.958140661397083 8.9663501252087 2
      vertex -9.958140661397083 8.9663501252087 0
      vertex -9.800139601696884 9.13877802483748 0
    endloop
  endfacet
  facet normal 0.7372773368101214 -0.6755902076156631 0
    outer loop
      vertex -9.958140661397083 8.9663501252087 2
      vertex -9.800139601696884 9.13877802483748 0
      vertex -9.800139601696884 9.13877802483748 2
    endloop
  endfacet
  facet normal 0.7253743710122894 -0.6883545756937521 0
    outer loop
      vertex -9.639153324537926 9.308422164150564 2
      vertex -9.800139601696884 9.13877802483748 0
      vertex -9.639153324537926 9.308422164150564 0
    endloop
  endfacet
  facet normal 0.7253743710122894 -0.6883545756937521 0
    outer loop
      vertex -9.800139601696884 9.13877802483748 2
      vertex -9.800139601696884 9.13877802483748 0
      vertex -9.639153324537926 9.308422164150564 2
    endloop
  endfacet
  facet normal 0.7132504491541843 -0.7009092642998481 0
    outer loop
      vertex -9.639153324537926 9.308422164150564 2
      vertex -9.639153324537926 9.308422164150564 0
      vertex -9.475230867899738 9.475230867899738 0
    endloop
  endfacet
  facet normal 0.7132504491541843 -0.7009092642998481 0
    outer loop
      vertex -9.639153324537926 9.308422164150564 2
      vertex -9.475230867899738 9.475230867899738 0
      vertex -9.475230867899738 9.475230867899738 2
    endloop
  endfacet
  facet normal 0.7009092642998481 -0.7132504491541843 0
    outer loop
      vertex -9.308422164150564 9.639153324537926 2
      vertex -9.475230867899738 9.475230867899738 0
      vertex -9.308422164150564 9.639153324537926 0
    endloop
  endfacet
  facet normal 0.7009092642998481 -0.7132504491541843 0
    outer loop
      vertex -9.475230867899738 9.475230867899738 2
      vertex -9.475230867899738 9.475230867899738 0
      vertex -9.308422164150564 9.639153324537926 2
    endloop
  endfacet
  facet normal 0.6883545756937521 -0.7253743710122894 0
    outer loop
      vertex -9.308422164150564 9.639153324537926 2
      vertex -9.308422164150564 9.639153324537926 0
      vertex -9.13877802483748 9.800139601696884 0
    endloop
  endfacet
  facet normal 0.6755902076156631 -0.7372773368101214 0
    outer loop
      vertex -8.9663501252087 9.958140661397083 2
      vertex -9.13877802483748 9.800139601696884 0
      vertex -8.9663501252087 9.958140661397083 0
    endloop
  endfacet
  facet normal 0.6883545756937521 -0.7253743710122894 0
    outer loop
      vertex -9.308422164150564 9.639153324537926 2
      vertex -9.13877802483748 9.800139601696884 0
      vertex -9.13877802483748 9.800139601696884 2
    endloop
  endfacet
  facet normal 0.6755902076156631 -0.7372773368101214 0
    outer loop
      vertex -9.13877802483748 9.800139601696884 2
      vertex -9.13877802483748 9.800139601696884 0
      vertex -8.9663501252087 9.958140661397083 2
    endloop
  endfacet
  facet normal 0.6626200482157367 -0.7489557207890029 0
    outer loop
      vertex -8.9663501252087 9.958140661397083 2
      vertex -8.9663501252087 9.958140661397083 0
      vertex -8.791190988472797 10.113108374985146 0
    endloop
  endfacet
  facet normal 0.6626200482157367 -0.7489557207890029 0
    outer loop
      vertex -8.9663501252087 9.958140661397083 2
      vertex -8.791190988472797 10.113108374985146 0
      vertex -8.791190988472797 10.113108374985146 2
    endloop
  endfacet
  facet normal 0.6494480483301799 -0.7604059656000343 0
    outer loop
      vertex -8.791190988472797 10.113108374985146 2
      vertex -8.791190988472797 10.113108374985146 0
      vertex -8.613353969799626 10.264995537794306 2
    endloop
  endfacet
  facet normal 0.6494480483301799 -0.7604059656000343 0
    outer loop
      vertex -8.613353969799626 10.264995537794306 2
      vertex -8.791190988472797 10.113108374985146 0
      vertex -8.613353969799626 10.264995537794306 0
    endloop
  endfacet
  facet normal 0.636078220277769 -0.7716245833877158 0
    outer loop
      vertex -8.613353969799626 10.264995537794306 2
      vertex -8.613353969799626 10.264995537794306 0
      vertex -8.432893240067822 10.413755883523411 0
    endloop
  endfacet
  facet normal 0.636078220277769 -0.7716245833877158 0
    outer loop
      vertex -8.613353969799626 10.264995537794306 2
      vertex -8.432893240067822 10.413755883523411 0
      vertex -8.432893240067822 10.413755883523411 2
    endloop
  endfacet
  facet normal 0.6225146366376189 -0.7826081568524145 0
    outer loop
      vertex -8.432893240067822 10.413755883523411 2
      vertex -8.432893240067822 10.413755883523411 0
      vertex -8.249863769363822 10.559344098330074 2
    endloop
  endfacet
  facet normal 0.6225146366376189 -0.7826081568524145 0
    outer loop
      vertex -8.249863769363822 10.559344098330074 2
      vertex -8.432893240067822 10.413755883523411 0
      vertex -8.249863769363822 10.559344098330074 0
    endloop
  endfacet
  facet normal 0.6087614290087202 -0.7933533402912355 0
    outer loop
      vertex -8.249863769363822 10.559344098330074 2
      vertex -8.249863769363822 10.559344098330074 0
      vertex -8.064321310237448 10.701715834633724 0
    endloop
  endfacet
  facet normal 0.6087614290087202 -0.7933533402912355 0
    outer loop
      vertex -8.249863769363822 10.559344098330074 2
      vertex -8.064321310237448 10.701715834633724 0
      vertex -8.064321310237448 10.701715834633724 2
    endloop
  endfacet
  facet normal 0.5948227867513403 -0.8038568606172182 0
    outer loop
      vertex -7.87632238071914 10.840827724624296 2
      vertex -8.064321310237448 10.701715834633724 0
      vertex -7.87632238071914 10.840827724624296 0
    endloop
  endfacet
  facet normal 0.5948227867513403 -0.8038568606172182 0
    outer loop
      vertex -8.064321310237448 10.701715834633724 2
      vertex -8.064321310237448 10.701715834633724 0
      vertex -7.87632238071914 10.840827724624296 2
    endloop
  endfacet
  facet normal 0.5807029557109396 -0.8141155183563193 0
    outer loop
      vertex -7.87632238071914 10.840827724624296 2
      vertex -7.87632238071914 10.840827724624296 0
      vertex -7.685924247104017 10.97663739347249 0
    endloop
  endfacet
  facet normal 0.5807029557109396 -0.8141155183563193 0
    outer loop
      vertex -7.87632238071914 10.840827724624296 2
      vertex -7.685924247104017 10.97663739347249 0
      vertex -7.685924247104017 10.97663739347249 2
    endloop
  endfacet
  facet normal 0.5664062369248344 -0.8241261886220146 0
    outer loop
      vertex -7.685924247104017 10.97663739347249 2
      vertex -7.685924247104017 10.97663739347249 0
      vertex -7.4931849065080085 11.109103472237559 2
    endloop
  endfacet
  facet normal 0.5664062369248344 -0.8241261886220146 0
    outer loop
      vertex -7.4931849065080085 11.109103472237559 2
      vertex -7.685924247104017 10.97663739347249 0
      vertex -7.4931849065080085 11.109103472237559 0
    endloop
  endfacet
  facet normal 0.5519369853120614 -0.833885822067166 0
    outer loop
      vertex -7.4931849065080085 11.109103472237559 2
      vertex -7.4931849065080085 11.109103472237559 0
      vertex -7.2981630692013635 11.238185610468683 0
    endloop
  endfacet
  facet normal 0.5519369853120614 -0.833885822067166 0
    outer loop
      vertex -7.4931849065080085 11.109103472237559 2
      vertex -7.2981630692013635 11.238185610468683 0
      vertex -7.2981630692013635 11.238185610468683 2
    endloop
  endfacet
  facet normal 0.5372996083468167 -0.8433914458128902 0
    outer loop
      vertex -7.1009181407249455 11.363844488496108 2
      vertex -7.2981630692013635 11.238185610468683 0
      vertex -7.1009181407249455 11.363844488496108 0
    endloop
  endfacet
  facet normal 0.5224985647159536 -0.8526401643540892 0
    outer loop
      vertex -7.1009181407249455 11.363844488496108 2
      vertex -7.1009181407249455 11.363844488496108 0
      vertex -6.901510203794726 11.486041829408306 0
    endloop
  endfacet
  facet normal 0.5372996083468167 -0.8433914458128902 0
    outer loop
      vertex -7.2981630692013635 11.238185610468683 2
      vertex -7.2981630692013635 11.238185610468683 0
      vertex -7.1009181407249455 11.363844488496108 2
    endloop
  endfacet
  facet normal 0.5224985647159536 -0.8526401643540892 0
    outer loop
      vertex -7.1009181407249455 11.363844488496108 2
      vertex -6.901510203794726 11.486041829408306 0
      vertex -6.901510203794726 11.486041829408306 2
    endloop
  endfacet
  facet normal 0.5075383629606987 -0.861629160441529 0
    outer loop
      vertex -6.901510203794726 11.486041829408306 2
      vertex -6.901510203794726 11.486041829408306 0
      vertex -6.7 11.604740410711477 0
    endloop
  endfacet
  facet normal 0.5075383629606987 -0.861629160441529 0
    outer loop
      vertex -6.901510203794726 11.486041829408306 2
      vertex -6.7 11.604740410711477 0
      vertex -6.7 11.604740410711477 2
    endloop
  endfacet
  facet normal 0.49242356010347016 -0.870355695939898 0
    outer loop
      vertex -6.4964489113009165 11.719904075667904 2
      vertex -6.7 11.604740410711477 0
      vertex -6.4964489113009165 11.719904075667904 0
    endloop
  endfacet
  facet normal 0.49242356010347016 -0.870355695939898 0
    outer loop
      vertex -6.7 11.604740410711477 2
      vertex -6.7 11.604740410711477 0
      vertex -6.4964489113009165 11.719904075667904 2
    endloop
  endfacet
  facet normal 0.4771587602596147 -0.8788171126619619 0
    outer loop
      vertex -6.4964489113009165 11.719904075667904 2
      vertex -6.4964489113009165 11.719904075667904 0
      vertex -6.290918941330937 11.831497744309623 0
    endloop
  endfacet
  facet normal 0.4771587602596147 -0.8788171126619619 0
    outer loop
      vertex -6.4964489113009165 11.719904075667904 2
      vertex -6.290918941330937 11.831497744309623 0
      vertex -6.290918941330937 11.831497744309623 2
    endloop
  endfacet
  facet normal 0.4617486132350267 -0.8870108331782255 0
    outer loop
      vertex -6.290918941330937 11.831497744309623 2
      vertex -6.290918941330937 11.831497744309623 0
      vertex -6.083472696509927 11.93948742412413 2
    endloop
  endfacet
  facet normal 0.4617486132350267 -0.8870108331782255 0
    outer loop
      vertex -6.083472696509927 11.93948742412413 2
      vertex -6.290918941330937 11.831497744309623 0
      vertex -6.083472696509927 11.93948742412413 0
    endloop
  endfacet
  facet normal 0.4461978131098137 -0.8949343616020226 0
    outer loop
      vertex -6.083472696509927 11.93948742412413 2
      vertex -6.083472696509927 11.93948742412413 0
      vertex -5.874173366973637 12.043840220408839 0
    endloop
  endfacet
  facet normal 0.4461978131098137 -0.8949343616020226 0
    outer loop
      vertex -6.083472696509927 11.93948742412413 2
      vertex -5.874173366973637 12.043840220408839 0
      vertex -5.874173366973637 12.043840220408839 2
    endloop
  endfacet
  facet normal 0.43051109680829375 -0.9025852843498612 0
    outer loop
      vertex -5.663084707325373 12.14452434629111 2
      vertex -5.874173366973637 12.043840220408839 0
      vertex -5.663084707325373 12.14452434629111 0
    endloop
  endfacet
  facet normal 0.43051109680829375 -0.9025852843498612 0
    outer loop
      vertex -5.874173366973637 12.043840220408839 2
      vertex -5.874173366973637 12.043840220408839 0
      vertex -5.663084707325373 12.14452434629111 2
    endloop
  endfacet
  facet normal 0.41469324265623886 -0.9099612708765433 0
    outer loop
      vertex -5.663084707325373 12.14452434629111 2
      vertex -5.663084707325373 12.14452434629111 0
      vertex -5.450271017215723 12.241509132410853 0
    endloop
  endfacet
  facet normal 0.41469324265623886 -0.9099612708765433 0
    outer loop
      vertex -5.663084707325373 12.14452434629111 2
      vertex -5.450271017215723 12.241509132410853 0
      vertex -5.450271017215723 12.241509132410853 2
    endloop
  endfacet
  facet normal 0.3987490689252507 -0.9170600743851222 0
    outer loop
      vertex -5.450271017215723 12.241509132410853 2
      vertex -5.450271017215723 12.241509132410853 0
      vertex -5.235797121756269 12.334765036262702 2
    endloop
  endfacet
  facet normal 0.3987490689252507 -0.9170600743851222 0
    outer loop
      vertex -5.235797121756269 12.334765036262702 2
      vertex -5.450271017215723 12.241509132410853 0
      vertex -5.235797121756269 12.334765036262702 0
    endloop
  endfacet
  facet normal 0.38268343236508506 -0.9238795325112886 0
    outer loop
      vertex -5.235797121756269 12.334765036262702 2
      vertex -5.235797121756269 12.334765036262702 0
      vertex -5.019728351773221 12.424263651194952 0
    endloop
  endfacet
  facet normal 0.38268343236508506 -0.9238795325112886 0
    outer loop
      vertex -5.235797121756269 12.334765036262702 2
      vertex -5.019728351773221 12.424263651194952 0
      vertex -5.019728351773221 12.424263651194952 2
    endloop
  endfacet
  facet normal 0.36650122672429813 -0.9304175679820241 0
    outer loop
      vertex -4.8021305239070236 12.509977715062504 2
      vertex -5.019728351773221 12.424263651194952 0
      vertex -4.8021305239070236 12.509977715062504 0
    endloop
  endfacet
  facet normal 0.36650122672429813 -0.9304175679820241 0
    outer loop
      vertex -5.019728351773221 12.424263651194952 2
      vertex -5.019728351773221 12.424263651194952 0
      vertex -4.8021305239070236 12.509977715062504 2
    endloop
  endfacet
  facet normal 0.3502073812594672 -0.9366721892483978 0
    outer loop
      vertex -4.8021305239070236 12.509977715062504 2
      vertex -4.8021305239070236 12.509977715062504 0
      vertex -4.583069920563961 12.591881118531173 0
    endloop
  endfacet
  facet normal 0.3502073812594672 -0.9366721892483978 0
    outer loop
      vertex -4.8021305239070236 12.509977715062504 2
      vertex -4.583069920563961 12.591881118531173 0
      vertex -4.583069920563961 12.591881118531173 2
    endloop
  endfacet
  facet normal 0.3338068592337687 -0.9426414910921792 0
    outer loop
      vertex -4.583069920563961 12.591881118531173 2
      vertex -4.583069920563961 12.591881118531173 0
      vertex -4.3626132697259 12.669948913030845 2
    endloop
  endfacet
  facet normal 0.3338068592337687 -0.9426414910921792 0
    outer loop
      vertex -4.3626132697259 12.669948913030845 2
      vertex -4.583069920563961 12.591881118531173 0
      vertex -4.3626132697259 12.669948913030845 0
    endloop
  endfacet
  facet normal 0.3173046564050892 -0.9483236552062003 0
    outer loop
      vertex -4.3626132697259 12.669948913030845 2
      vertex -4.3626132697259 12.669948913030845 0
      vertex -4.1408277246242955 12.744157318355057 0
    endloop
  endfacet
  facet normal 0.3007057995042723 -0.9537169507482272 0
    outer loop
      vertex -4.1408277246242955 12.744157318355057 2
      vertex -4.1408277246242955 12.744157318355057 0
      vertex -3.917780843284673 12.814483729904675 0
    endloop
  endfacet
  facet normal 0.3173046564050892 -0.9483236552062003 0
    outer loop
      vertex -4.3626132697259 12.669948913030845 2
      vertex -4.1408277246242955 12.744157318355057 0
      vertex -4.1408277246242955 12.744157318355057 2
    endloop
  endfacet
  facet normal 0.3007057995042723 -0.9537169507482272 0
    outer loop
      vertex -4.1408277246242955 12.744157318355057 2
      vertex -3.917780843284673 12.814483729904675 0
      vertex -3.917780843284673 12.814483729904675 2
    endloop
  endfacet
  facet normal 0.2840153447039254 -0.9588197348681922 0
    outer loop
      vertex -3.693540567947789 12.880906725573473 2
      vertex -3.917780843284673 12.814483729904675 0
      vertex -3.693540567947789 12.880906725573473 0
    endloop
  endfacet
  facet normal 0.2840153447039254 -0.9588197348681922 0
    outer loop
      vertex -3.917780843284673 12.814483729904675 2
      vertex -3.917780843284673 12.814483729904675 0
      vertex -3.693540567947789 12.880906725573473 2
    endloop
  endfacet
  facet normal 0.2672383760782622 -0.9636304532086215 0
    outer loop
      vertex -3.693540567947789 12.880906725573473 2
      vertex -3.693540567947789 12.880906725573473 0
      vertex -3.468175204373778 12.943406072273516 2
    endloop
  endfacet
  facet normal 0.2672383760782622 -0.9636304532086215 0
    outer loop
      vertex -3.468175204373778 12.943406072273516 2
      vertex -3.693540567947789 12.880906725573473 0
      vertex -3.468175204373778 12.943406072273516 0
    endloop
  endfacet
  facet normal 0.2503800040544348 -0.9681476403781094 0
    outer loop
      vertex -3.468175204373778 12.943406072273516 2
      vertex -3.468175204373778 12.943406072273516 0
      vertex -3.2417534010355475 13.001962732098352 0
    endloop
  endfacet
  facet normal 0.2503800040544348 -0.9681476403781094 0
    outer loop
      vertex -3.468175204373778 12.943406072273516 2
      vertex -3.2417534010355475 13.001962732098352 0
      vertex -3.2417534010355475 13.001962732098352 2
    endloop
  endfacet
  facet normal 0.2334453638559093 -0.9723699203976757 0
    outer loop
      vertex -3.2417534010355475 13.001962732098352 2
      vertex -3.2417534010355475 13.001962732098352 0
      vertex -3.014344128207791 13.056558868122153 2
    endloop
  endfacet
  facet normal 0.2334453638559093 -0.9723699203976757 0
    outer loop
      vertex -3.014344128207791 13.056558868122153 2
      vertex -3.2417534010355475 13.001962732098352 0
      vertex -3.014344128207791 13.056558868122153 0
    endloop
  endfacet
  facet normal 0.21643961393810596 -0.9762960071199326 0
    outer loop
      vertex -3.014344128207791 13.056558868122153 2
      vertex -3.014344128207791 13.056558868122153 0
      vertex -2.786016656957975 13.107177849832997 0
    endloop
  endfacet
  facet normal 0.21643961393810596 -0.9762960071199326 0
    outer loop
      vertex -3.014344128207791 13.056558868122153 2
      vertex -2.786016656957975 13.107177849832997 0
      vertex -2.786016656957975 13.107177849832997 2
    endloop
  endfacet
  facet normal 0.19936793441719225 -0.9799247046208307 0
    outer loop
      vertex -2.786016656957975 13.107177849832997 2
      vertex -2.786016656957975 13.107177849832997 0
      vertex -2.5568405380457007 13.153804258198697 0
    endloop
  endfacet
  facet normal 0.19936793441719225 -0.9799247046208307 0
    outer loop
      vertex -2.786016656957975 13.107177849832997 2
      vertex -2.5568405380457007 13.153804258198697 0
      vertex -2.5568405380457007 13.153804258198697 2
    endloop
  endfacet
  facet normal 0.18223552549214828 -0.9832549075639545 0
    outer loop
      vertex -2.3268855807368665 13.196423890363588 2
      vertex -2.5568405380457007 13.153804258198697 0
      vertex -2.3268855807368665 13.196423890363588 0
    endloop
  endfacet
  facet normal 0.18223552549214828 -0.9832549075639545 0
    outer loop
      vertex -2.5568405380457007 13.153804258198697 2
      vertex -2.5568405380457007 13.153804258198697 0
      vertex -2.3268855807368665 13.196423890363588 2
    endloop
  endfacet
  facet normal 0.16504760586067826 -0.9862856015372312 0
    outer loop
      vertex -2.096221831539094 13.235023763974846 2
      vertex -2.3268855807368665 13.196423890363588 0
      vertex -2.096221831539094 13.235023763974846 0
    endloop
  endfacet
  facet normal 0.14780941112961118 -0.9890158633619167 0
    outer loop
      vertex -2.096221831539094 13.235023763974846 2
      vertex -2.096221831539094 13.235023763974846 0
      vertex -1.864919552864877 13.269592121137043 0
    endloop
  endfacet
  facet normal 0.16504760586067826 -0.9862856015372312 0
    outer loop
      vertex -2.3268855807368665 13.196423890363588 2
      vertex -2.3268855807368665 13.196423890363588 0
      vertex -2.096221831539094 13.235023763974846 2
    endloop
  endfacet
  facet normal 0.13052619222004716 -0.9914448613738109 0
    outer loop
      vertex -1.6330492016289762 13.300118431993715 2
      vertex -1.864919552864877 13.269592121137043 0
      vertex -1.6330492016289762 13.300118431993715 0
    endloop
  endfacet
  facet normal 0.14780941112961118 -0.9890158633619167 0
    outer loop
      vertex -2.096221831539094 13.235023763974846 2
      vertex -1.864919552864877 13.269592121137043 0
      vertex -1.864919552864877 13.269592121137043 2
    endloop
  endfacet
  facet normal 0.13052619222004716 -0.9914448613738109 0
    outer loop
      vertex -1.864919552864877 13.269592121137043 2
      vertex -1.864919552864877 13.269592121137043 0
      vertex -1.6330492016289762 13.300118431993715 2
    endloop
  endfacet
  facet normal 0.11320321376790848 -0.9935718556765873 0
    outer loop
      vertex -1.6330492016289762 13.300118431993715 2
      vertex -1.6330492016289762 13.300118431993715 0
      vertex -1.4006814077865566 13.326593397934863 0
    endloop
  endfacet
  facet normal 0.11320321376790848 -0.9935718556765873 0
    outer loop
      vertex -1.6330492016289762 13.300118431993715 2
      vertex -1.4006814077865566 13.326593397934863 0
      vertex -1.4006814077865566 13.326593397934863 2
    endloop
  endfacet
  facet normal 0.09584575252022398 -0.9953961983671787 0
    outer loop
      vertex -1.1678869528186195 13.34900895442939 2
      vertex -1.4006814077865566 13.326593397934863 0
      vertex -1.1678869528186195 13.34900895442939 0
    endloop
  endfacet
  facet normal 0.09584575252022398 -0.9953961983671787 0
    outer loop
      vertex -1.4006814077865566 13.326593397934863 2
      vertex -1.4006814077865566 13.326593397934863 0
      vertex -1.1678869528186195 13.34900895442939 2
    endloop
  endfacet
  facet normal 0.07845909572784024 -0.9969173337331283 0
    outer loop
      vertex -1.1678869528186195 13.34900895442939 2
      vertex -1.1678869528186195 13.34900895442939 0
      vertex -0.934736748171279 13.367358273481644 0
    endloop
  endfacet
  facet normal 0.07845909572784024 -0.9969173337331283 0
    outer loop
      vertex -1.1678869528186195 13.34900895442939 2
      vertex -0.934736748171279 13.367358273481644 0
      vertex -0.934736748171279 13.367358273481644 2
    endloop
  endfacet
  facet normal 0.061048539534858455 -0.9981347984218669 0
    outer loop
      vertex -0.934736748171279 13.367358273481644 2
      vertex -0.934736748171279 13.367358273481644 0
      vertex -0.7013018136554474 13.38163576571129 2
    endloop
  endfacet
  facet normal 0.061048539534858455 -0.9981347984218669 0
    outer loop
      vertex -0.7013018136554474 13.38163576571129 2
      vertex -0.934736748171279 13.367358273481644 0
      vertex -0.7013018136554474 13.38163576571129 0
    endloop
  endfacet
  facet normal 0.04361938736533882 -0.9990482215818577 0
    outer loop
      vertex -0.7013018136554474 13.38163576571129 2
      vertex -0.7013018136554474 13.38163576571129 0
      vertex -0.467653255813513 13.391837082055883 2
    endloop
  endfacet
  facet normal 0.04361938736533882 -0.9990482215818577 0
    outer loop
      vertex -0.467653255813513 13.391837082055883 2
      vertex -0.7013018136554474 13.38163576571129 0
      vertex -0.467653255813513 13.391837082055883 0
    endloop
  endfacet
  facet normal 0.026176948307876754 -0.9996573249755571 0
    outer loop
      vertex -0.467653255813513 13.391837082055883 2
      vertex -0.467653255813513 13.391837082055883 0
      vertex -0.23386224625959906 13.397959115095643 0
    endloop
  endfacet
  facet normal 0.026176948307876754 -0.9996573249755571 0
    outer loop
      vertex -0.467653255813513 13.391837082055883 2
      vertex -0.23386224625959906 13.397959115095643 0
      vertex -0.23386224625959906 13.397959115095643 2
    endloop
  endfacet
  facet normal 0.008726535498372002 -0.9999619230641713 0
    outer loop
      vertex 0 13.4 2
      vertex -0.23386224625959906 13.397959115095643 0
      vertex 0 13.4 0
    endloop
  endfacet
  facet normal 0.008726535498372002 -0.9999619230641713 0
    outer loop
      vertex -0.23386224625959906 13.397959115095643 2
      vertex -0.23386224625959906 13.397959115095643 0
      vertex 0 13.4 2
    endloop
  endfacet
  facet normal 0 1 0
    outer loop
      vertex 0 -13.4 2
      vertex 10 -13.4 2
      vertex 0 -13.4 0
    endloop
  endfacet
  facet normal 0 1 0
    outer loop
      vertex 10 -13.4 2
      vertex 10 -13.4 0
      vertex 0 -13.4 0
    endloop
  endfacet
  facet normal -0.008726535498371981 0.9999619230641713 0
    outer loop
      vertex 10 -13.4 2
      vertex 10.2338622462596 -13.397959115095643 0
      vertex 10 -13.4 0
    endloop
  endfacet
  facet normal -0.02617694830787745 0.999657324975557 0
    outer loop
      vertex 10.265157839128479 -13.397139611155318 0
      vertex 10.2338622462596 -13.397959115095643 0
      vertex 10.265157839128479 -13.397139611155318 2
    endloop
  endfacet
  facet normal -0.008726535498371981 0.9999619230641713 0
    outer loop
      vertex 10 -13.4 2
      vertex 10.2338622462596 -13.397959115095643 2
      vertex 10.2338622462596 -13.397959115095643 0
    endloop
  endfacet
  facet normal -0.02617694830787745 0.999657324975557 0
    outer loop
      vertex 10.2338622462596 -13.397959115095643 2
      vertex 10.265157839128479 -13.397139611155318 2
      vertex 10.2338622462596 -13.397959115095643 0
    endloop
  endfacet
  facet normal 0 -1 0
    outer loop
      vertex 0 13.4 2
      vertex 0 13.4 0
      vertex 10 13.4 0
    endloop
  endfacet
  facet normal 0 -1 0
    outer loop
      vertex 0 13.4 2
      vertex 10 13.4 0
      vertex 10 13.4 2
    endloop
  endfacet
  facet normal -0.008726535498371981 -0.9999619230641713 0
    outer loop
      vertex 10 13.4 2
      vertex 10 13.4 0
      vertex 10.2338622462596 13.397959115095643 2
    endloop
  endfacet
  facet normal -0.008726535498371981 -0.9999619230641713 0
    outer loop
      vertex 10.2338622462596 13.397959115095643 2
      vertex 10 13.4 0
      vertex 10.2338622462596 13.397959115095643 0
    endloop
  endfacet
  facet normal -0.02617694830787745 -0.999657324975557 0
    outer loop
      vertex 10.2338622462596 13.397959115095643 2
      vertex 10.2338622462596 13.397959115095643 0
      vertex 10.265157839128479 13.397139611155318 0
    endloop
  endfacet
  facet normal -0.02617694830787745 -0.999657324975557 0
    outer loop
      vertex 10.2338622462596 13.397959115095643 2
      vertex 10.265157839128479 13.397139611155318 0
      vertex 10.265157839128479 13.397139611155318 2
    endloop
  endfacet
  facet normal 0.9025852843498624 0.43051109680829147 0
    outer loop
      vertex -8.98794046299167 -4.383711467890774 7
      vertex -9.063077870366499 -4.2261826174069945 7
      vertex -9.063077870366499 -4.2261826174069945 12
    endloop
  endfacet
  facet normal 0.9099612708765422 0.41469324265624147 0
    outer loop
      vertex -9.063077870366499 -4.2261826174069945 7
      vertex -9.135454576426008 -4.067366430758002 7
      vertex -9.063077870366499 -4.2261826174069945 12
    endloop
  endfacet
  facet normal 0.9170600743851235 0.39874906892524764 0
    outer loop
      vertex -9.205048534524403 -3.907311284892738 7
      vertex -9.135454576426008 -4.067366430758002 12
      vertex -9.135454576426008 -4.067366430758002 7
    endloop
  endfacet
  facet normal 0.9025852843498624 0.43051109680829147 0
    outer loop
      vertex -8.98794046299167 -4.383711467890774 7
      vertex -9.063077870366499 -4.2261826174069945 12
      vertex -8.98794046299167 -4.383711467890774 12
    endloop
  endfacet
  facet normal 0.9170600743851235 0.39874906892524764 0
    outer loop
      vertex -9.205048534524403 -3.907311284892738 7
      vertex -9.205048534524403 -3.907311284892738 12
      vertex -9.135454576426008 -4.067366430758002 12
    endloop
  endfacet
  facet normal 0.9099612708765422 0.41469324265624147 0
    outer loop
      vertex -9.135454576426008 -4.067366430758002 7
      vertex -9.135454576426008 -4.067366430758002 12
      vertex -9.063077870366499 -4.2261826174069945 12
    endloop
  endfacet
  facet normal 0.9304175679820254 0.36650122672429525 0
    outer loop
      vertex -9.271838545667874 -3.74606593415912 7
      vertex -9.335804264972017 -3.5836794954530027 7
      vertex -9.335804264972017 -3.5836794954530027 12
    endloop
  endfacet
  facet normal 0.9366721892483948 0.3502073812594751 0
    outer loop
      vertex -9.396926207859085 -3.420201433256687 7
      vertex -9.335804264972017 -3.5836794954530027 12
      vertex -9.335804264972017 -3.5836794954530027 7
    endloop
  endfacet
  facet normal 0.9238795325112864 0.38268343236509067 0
    outer loop
      vertex -9.205048534524403 -3.907311284892738 7
      vertex -9.271838545667874 -3.74606593415912 7
      vertex -9.271838545667874 -3.74606593415912 12
    endloop
  endfacet
  facet normal 0.9426414910921793 0.33380685923376824 0
    outer loop
      vertex -9.396926207859085 -3.420201433256687 7
      vertex -9.455185755993169 -3.255681544571567 7
      vertex -9.396926207859085 -3.420201433256687 12
    endloop
  endfacet
  facet normal 0.9483236552062025 0.3173046564050828 0
    outer loop
      vertex -9.510565162951535 -3.090169943749474 7
      vertex -9.510565162951535 -3.090169943749474 12
      vertex -9.455185755993169 -3.255681544571567 7
    endloop
  endfacet
  facet normal 0.9537169507482267 0.30070579950427384 0
    outer loop
      vertex -9.510565162951535 -3.090169943749474 7
      vertex -9.563047559630354 -2.9237170472273677 7
      vertex -9.510565162951535 -3.090169943749474 12
    endloop
  endfacet
  facet normal 0.9304175679820254 0.36650122672429525 0
    outer loop
      vertex -9.271838545667874 -3.74606593415912 7
      vertex -9.335804264972017 -3.5836794954530027 12
      vertex -9.271838545667874 -3.74606593415912 12
    endloop
  endfacet
  facet normal 0.9366721892483948 0.3502073812594751 0
    outer loop
      vertex -9.396926207859085 -3.420201433256687 7
      vertex -9.396926207859085 -3.420201433256687 12
      vertex -9.335804264972017 -3.5836794954530027 12
    endloop
  endfacet
  facet normal 0.9238795325112864 0.38268343236509067 0
    outer loop
      vertex -9.205048534524403 -3.907311284892738 7
      vertex -9.271838545667874 -3.74606593415912 12
      vertex -9.205048534524403 -3.907311284892738 12
    endloop
  endfacet
  facet normal 0.9426414910921793 0.33380685923376824 0
    outer loop
      vertex -9.396926207859085 -3.420201433256687 12
      vertex -9.455185755993169 -3.255681544571567 7
      vertex -9.455185755993169 -3.255681544571567 12
    endloop
  endfacet
  facet normal 0.9483236552062025 0.3173046564050828 0
    outer loop
      vertex -9.455185755993169 -3.255681544571567 7
      vertex -9.510565162951535 -3.090169943749474 12
      vertex -9.455185755993169 -3.255681544571567 12
    endloop
  endfacet
  facet normal 0.9537169507482267 0.30070579950427384 0
    outer loop
      vertex -9.563047559630354 -2.9237170472273677 7
      vertex -9.563047559630354 -2.9237170472273677 12
      vertex -9.510565162951535 -3.090169943749474 12
    endloop
  endfacet
  facet normal 0.958819734868191 0.2840153447039291 0
    outer loop
      vertex -9.563047559630354 -2.9237170472273677 7
      vertex -9.612616959383189 -2.7563735581699915 7
      vertex -9.612616959383189 -2.7563735581699915 12
    endloop
  endfacet
  facet normal 0.9636304532086234 0.26723837607825546 0
    outer loop
      vertex -9.612616959383189 -2.7563735581699915 7
      vertex -9.659258262890683 -2.5881904510252074 7
      vertex -9.659258262890683 -2.5881904510252074 12
    endloop
  endfacet
  facet normal 0.9681476403781081 0.25038000405444044 0
    outer loop
      vertex -9.659258262890683 -2.5881904510252074 7
      vertex -9.702957262759965 -2.4192189559966772 7
      vertex -9.659258262890683 -2.5881904510252074 12
    endloop
  endfacet
  facet normal 0.972369920397677 0.2334453638559039 0
    outer loop
      vertex -9.702957262759965 -2.4192189559966772 7
      vertex -9.743700647852352 -2.24951054343865 7
      vertex -9.743700647852352 -2.24951054343865 12
    endloop
  endfacet
  facet normal 0.9762960071199321 0.21643961393810857 0
    outer loop
      vertex -9.743700647852352 -2.24951054343865 7
      vertex -9.781476007338057 -2.0791169081775935 7
      vertex -9.743700647852352 -2.24951054343865 12
    endloop
  endfacet
  facet normal 0.9799247046208305 0.19936793441719294 0
    outer loop
      vertex -9.781476007338057 -2.0791169081775935 7
      vertex -9.81627183447664 -1.908089953765448 7
      vertex -9.81627183447664 -1.908089953765448 12
    endloop
  endfacet
  facet normal 0.958819734868191 0.2840153447039291 0
    outer loop
      vertex -9.563047559630354 -2.9237170472273677 7
      vertex -9.612616959383189 -2.7563735581699915 12
      vertex -9.563047559630354 -2.9237170472273677 12
    endloop
  endfacet
  facet normal 0.9636304532086234 0.26723837607825546 0
    outer loop
      vertex -9.612616959383189 -2.7563735581699915 7
      vertex -9.659258262890683 -2.5881904510252074 12
      vertex -9.612616959383189 -2.7563735581699915 12
    endloop
  endfacet
  facet normal 0.9681476403781081 0.25038000405444044 0
    outer loop
      vertex -9.659258262890683 -2.5881904510252074 12
      vertex -9.702957262759965 -2.4192189559966772 7
      vertex -9.702957262759965 -2.4192189559966772 12
    endloop
  endfacet
  facet normal 0.972369920397677 0.2334453638559039 0
    outer loop
      vertex -9.702957262759965 -2.4192189559966772 7
      vertex -9.743700647852352 -2.24951054343865 12
      vertex -9.702957262759965 -2.4192189559966772 12
    endloop
  endfacet
  facet normal 0.9762960071199321 0.21643961393810857 0
    outer loop
      vertex -9.781476007338057 -2.0791169081775935 7
      vertex -9.781476007338057 -2.0791169081775935 12
      vertex -9.743700647852352 -2.24951054343865 12
    endloop
  endfacet
  facet normal 0.9799247046208305 0.19936793441719294 0
    outer loop
      vertex -9.781476007338057 -2.0791169081775935 7
      vertex -9.81627183447664 -1.908089953765448 12
      vertex -9.781476007338057 -2.0791169081775935 12
    endloop
  endfacet
  facet normal 0.9862856015372291 0.16504760586069112 0
    outer loop
      vertex -9.84807753012208 -1.7364817766693033 7
      vertex -9.876883405951379 -1.5643446504023086 7
      vertex -9.84807753012208 -1.7364817766693033 12
    endloop
  endfacet
  facet normal 0.9890158633619179 0.14780941112960325 0
    outer loop
      vertex -9.876883405951379 -1.5643446504023086 7
      vertex -9.902680687415703 -1.3917310096006543 7
      vertex -9.876883405951379 -1.5643446504023086 12
    endloop
  endfacet
  facet normal 0.9832549075639555 0.1822355254921426 0
    outer loop
      vertex -9.84807753012208 -1.7364817766693033 7
      vertex -9.84807753012208 -1.7364817766693033 12
      vertex -9.81627183447664 -1.908089953765448 7
    endloop
  endfacet
  facet normal 0.9914448613738106 0.13052619222004985 0
    outer loop
      vertex -9.902680687415703 -1.3917310096006543 7
      vertex -9.92546151641322 -1.2186934340514748 7
      vertex -9.92546151641322 -1.2186934340514748 12
    endloop
  endfacet
  facet normal 0.9935718556765872 0.11320321376790832 0
    outer loop
      vertex -9.92546151641322 -1.2186934340514748 7
      vertex -9.945218953682733 -1.0452846326765348 7
      vertex -9.945218953682733 -1.0452846326765348 12
    endloop
  endfacet
  facet normal 0.9862856015372291 0.16504760586069112 0
    outer loop
      vertex -9.84807753012208 -1.7364817766693033 12
      vertex -9.876883405951379 -1.5643446504023086 7
      vertex -9.876883405951379 -1.5643446504023086 12
    endloop
  endfacet
  facet normal 0.9832549075639555 0.1822355254921426 0
    outer loop
      vertex -9.81627183447664 -1.908089953765448 7
      vertex -9.84807753012208 -1.7364817766693033 12
      vertex -9.81627183447664 -1.908089953765448 12
    endloop
  endfacet
  facet normal 0.9890158633619179 0.14780941112960325 0
    outer loop
      vertex -9.902680687415703 -1.3917310096006543 7
      vertex -9.902680687415703 -1.3917310096006543 12
      vertex -9.876883405951379 -1.5643446504023086 12
    endloop
  endfacet
  facet normal 0.9914448613738106 0.13052619222004985 0
    outer loop
      vertex -9.902680687415703 -1.3917310096006543 7
      vertex -9.92546151641322 -1.2186934340514748 12
      vertex -9.902680687415703 -1.3917310096006543 12
    endloop
  endfacet
  facet normal 0.9935718556765872 0.11320321376790832 0
    outer loop
      vertex -9.92546151641322 -1.2186934340514748 7
      vertex -9.945218953682733 -1.0452846326765348 12
      vertex -9.92546151641322 -1.2186934340514748 12
    endloop
  endfacet
  facet normal 0.9953961983671789 0.09584575252022222 0
    outer loop
      vertex -9.945218953682733 -1.0452846326765348 7
      vertex -9.961946980917455 -0.8715574274765816 12
      vertex -9.945218953682733 -1.0452846326765348 12
    endloop
  endfacet
  facet normal 0.9953961983671789 0.09584575252022222 0
    outer loop
      vertex -9.945218953682733 -1.0452846326765348 7
      vertex -9.961946980917455 -0.8715574274765816 7
      vertex -9.961946980917455 -0.8715574274765816 12
    endloop
  endfacet
  facet normal 0.9969173337331279 0.07845909572784648 0
    outer loop
      vertex -9.961946980917455 -0.8715574274765816 7
      vertex -9.975640502598242 -0.697564737441253 7
      vertex -9.961946980917455 -0.8715574274765816 12
    endloop
  endfacet
  facet normal 0.9981347984218671 0.06104853953485362 0
    outer loop
      vertex -9.975640502598242 -0.697564737441253 7
      vertex -9.986295347545738 -0.5233595624294384 7
      vertex -9.986295347545738 -0.5233595624294384 12
    endloop
  endfacet
  facet normal 0.9990482215818576 0.0436193873653376 0
    outer loop
      vertex -9.986295347545738 -0.5233595624294384 7
      vertex -9.993908270190957 -0.3489949670250097 7
      vertex -9.986295347545738 -0.5233595624294384 12
    endloop
  endfacet
  facet normal 0.9996573249755573 0.026176948307874332 0
    outer loop
      vertex -9.993908270190957 -0.3489949670250097 7
      vertex -9.998476951563912 -0.17452406437283513 7
      vertex -9.993908270190957 -0.3489949670250097 12
    endloop
  endfacet
  facet normal 0.9999619230641712 0.008726535498374734 0
    outer loop
      vertex -9.998476951563912 -0.17452406437283513 7
      vertex -10 0 7
      vertex -10 0 12
    endloop
  endfacet
  facet normal 0.9969173337331279 0.07845909572784648 0
    outer loop
      vertex -9.961946980917455 -0.8715574274765816 12
      vertex -9.975640502598242 -0.697564737441253 7
      vertex -9.975640502598242 -0.697564737441253 12
    endloop
  endfacet
  facet normal 0.9981347984218671 0.06104853953485362 0
    outer loop
      vertex -9.975640502598242 -0.697564737441253 7
      vertex -9.986295347545738 -0.5233595624294384 12
      vertex -9.975640502598242 -0.697564737441253 12
    endloop
  endfacet
  facet normal 0.9990482215818576 0.0436193873653376 0
    outer loop
      vertex -9.993908270190957 -0.3489949670250097 7
      vertex -9.993908270190957 -0.3489949670250097 12
      vertex -9.986295347545738 -0.5233595624294384 12
    endloop
  endfacet
  facet normal 0.9996573249755573 0.026176948307874332 0
    outer loop
      vertex -9.998476951563912 -0.17452406437283513 7
      vertex -9.998476951563912 -0.17452406437283513 12
      vertex -9.993908270190957 -0.3489949670250097 12
    endloop
  endfacet
  facet normal 0.9999619230641712 0.008726535498374734 0
    outer loop
      vertex -9.998476951563912 -0.17452406437283513 7
      vertex -10 0 12
      vertex -9.998476951563912 -0.17452406437283513 12
    endloop
  endfacet
  facet normal 0.6225146366376182 0.7826081568524149 0
    outer loop
      vertex -6.293203910498374 -7.771459614569709 7
      vertex -6.293203910498374 -7.771459614569709 12
      vertex -6.156614753256583 -7.880107536067219 7
    endloop
  endfacet
  facet normal 0.6087614290087239 0.7933533402912326 0
    outer loop
      vertex -6.156614753256583 -7.880107536067219 7
      vertex -6.018150231520483 -7.986355100472928 12
      vertex -6.018150231520483 -7.986355100472928 7
    endloop
  endfacet
  facet normal 0.5948227867513435 0.8038568606172157 0
    outer loop
      vertex -6.018150231520483 -7.986355100472928 7
      vertex -6.018150231520483 -7.986355100472928 12
      vertex -5.877852522924732 -8.090169943749475 7
    endloop
  endfacet
  facet normal 0.5807029557109339 0.8141155183563235 0
    outer loop
      vertex -5.877852522924732 -8.090169943749475 7
      vertex -5.877852522924732 -8.090169943749475 12
      vertex -5.7357643635104605 -8.191520442889917 7
    endloop
  endfacet
  facet normal 0.5664062369248328 0.8241261886220156 0
    outer loop
      vertex -5.7357643635104605 -8.191520442889917 7
      vertex -5.7357643635104605 -8.191520442889917 12
      vertex -5.591929034707469 -8.290375725550415 7
    endloop
  endfacet
  facet normal 0.6225146366376182 0.7826081568524149 0
    outer loop
      vertex -6.156614753256583 -7.880107536067219 7
      vertex -6.293203910498374 -7.771459614569709 12
      vertex -6.156614753256583 -7.880107536067219 12
    endloop
  endfacet
  facet normal 0.5948227867513435 0.8038568606172157 0
    outer loop
      vertex -5.877852522924732 -8.090169943749475 7
      vertex -6.018150231520483 -7.986355100472928 12
      vertex -5.877852522924732 -8.090169943749475 12
    endloop
  endfacet
  facet normal 0.6087614290087239 0.7933533402912326 0
    outer loop
      vertex -6.156614753256583 -7.880107536067219 7
      vertex -6.156614753256583 -7.880107536067219 12
      vertex -6.018150231520483 -7.986355100472928 12
    endloop
  endfacet
  facet normal 0.5807029557109339 0.8141155183563235 0
    outer loop
      vertex -5.7357643635104605 -8.191520442889917 7
      vertex -5.877852522924732 -8.090169943749475 12
      vertex -5.7357643635104605 -8.191520442889917 12
    endloop
  endfacet
  facet normal 0.5664062369248328 0.8241261886220156 0
    outer loop
      vertex -5.591929034707469 -8.290375725550415 7
      vertex -5.7357643635104605 -8.191520442889917 12
      vertex -5.591929034707469 -8.290375725550415 12
    endloop
  endfacet
  facet normal 0.4771587602596122 0.8788171126619634 0
    outer loop
      vertex -4.8480962024633705 -8.746197071393958 7
      vertex -4.694715627858908 -8.82947592858927 12
      vertex -4.694715627858908 -8.82947592858927 7
    endloop
  endfacet
  facet normal 0.46174861323503 0.8870108331782238 0
    outer loop
      vertex -4.694715627858908 -8.82947592858927 7
      vertex -4.5399049973954675 -8.910065241883679 12
      vertex -4.5399049973954675 -8.910065241883679 7
    endloop
  endfacet
  facet normal 0.4771587602596122 0.8788171126619634 0
    outer loop
      vertex -4.8480962024633705 -8.746197071393958 7
      vertex -4.8480962024633705 -8.746197071393958 12
      vertex -4.694715627858908 -8.82947592858927 12
    endloop
  endfacet
  facet normal 0.46174861323503 0.8870108331782238 0
    outer loop
      vertex -4.694715627858908 -8.82947592858927 7
      vertex -4.694715627858908 -8.82947592858927 12
      vertex -4.5399049973954675 -8.910065241883679 12
    endloop
  endfacet
  facet normal 0.5519369853120657 0.8338858220671632 0
    outer loop
      vertex -5.591929034707469 -8.290375725550415 7
      vertex -5.446390350150271 -8.386705679454241 12
      vertex -5.446390350150271 -8.386705679454241 7
    endloop
  endfacet
  facet normal 0.5372996083468159 0.8433914458128907 0
    outer loop
      vertex -5.446390350150271 -8.386705679454241 7
      vertex -5.446390350150271 -8.386705679454241 12
      vertex -5.299192642332049 -8.48048096156426 7
    endloop
  endfacet
  facet normal 0.5224985647159558 0.8526401643540881 0
    outer loop
      vertex -5.299192642332049 -8.48048096156426 7
      vertex -5.150380749100542 -8.571673007021124 12
      vertex -5.150380749100542 -8.571673007021124 7
    endloop
  endfacet
  facet normal 0.49242356010347105 0.8703556959398975 0
    outer loop
      vertex -5 -8.660254037844386 7
      vertex -5 -8.660254037844386 12
      vertex -4.8480962024633705 -8.746197071393958 7
    endloop
  endfacet
  facet normal 0.5075383629606971 0.8616291604415299 0
    outer loop
      vertex -5.150380749100542 -8.571673007021124 7
      vertex -5 -8.660254037844386 12
      vertex -5 -8.660254037844386 7
    endloop
  endfacet
  facet normal 0.5519369853120657 0.8338858220671632 0
    outer loop
      vertex -5.591929034707469 -8.290375725550415 7
      vertex -5.591929034707469 -8.290375725550415 12
      vertex -5.446390350150271 -8.386705679454241 12
    endloop
  endfacet
  facet normal 0.5372996083468159 0.8433914458128907 0
    outer loop
      vertex -5.446390350150271 -8.386705679454241 12
      vertex -5.299192642332049 -8.48048096156426 12
      vertex -5.299192642332049 -8.48048096156426 7
    endloop
  endfacet
  facet normal 0.5075383629606971 0.8616291604415299 0
    outer loop
      vertex -5.150380749100542 -8.571673007021124 7
      vertex -5.150380749100542 -8.571673007021124 12
      vertex -5 -8.660254037844386 12
    endloop
  endfacet
  facet normal 0.5224985647159558 0.8526401643540881 0
    outer loop
      vertex -5.299192642332049 -8.48048096156426 7
      vertex -5.299192642332049 -8.48048096156426 12
      vertex -5.150380749100542 -8.571673007021124 12
    endloop
  endfacet
  facet normal 0.49242356010347105 0.8703556959398975 0
    outer loop
      vertex -4.8480962024633705 -8.746197071393958 7
      vertex -5 -8.660254037844386 12
      vertex -4.8480962024633705 -8.746197071393958 12
    endloop
  endfacet
  facet normal 0.43051109680829147 0.9025852843498624 0
    outer loop
      vertex -4.383711467890774 -8.98794046299167 7
      vertex -4.2261826174069945 -9.063077870366499 12
      vertex -4.2261826174069945 -9.063077870366499 7
    endloop
  endfacet
  facet normal 0.4461978131098088 0.8949343616020251 0
    outer loop
      vertex -4.5399049973954675 -8.910065241883679 7
      vertex -4.5399049973954675 -8.910065241883679 12
      vertex -4.383711467890774 -8.98794046299167 7
    endloop
  endfacet
  facet normal 0.41469324265624147 0.9099612708765422 0
    outer loop
      vertex -4.067366430758002 -9.135454576426008 7
      vertex -4.2261826174069945 -9.063077870366499 7
      vertex -4.2261826174069945 -9.063077870366499 12
    endloop
  endfacet
  facet normal 0.39874906892524764 0.9170600743851235 0
    outer loop
      vertex -4.067366430758002 -9.135454576426008 7
      vertex -4.067366430758002 -9.135454576426008 12
      vertex -3.907311284892738 -9.205048534524403 7
    endloop
  endfacet
  facet normal 0.36650122672429525 0.9304175679820254 0
    outer loop
      vertex -3.5836794954530027 -9.335804264972017 7
      vertex -3.74606593415912 -9.271838545667874 7
      vertex -3.74606593415912 -9.271838545667874 12
    endloop
  endfacet
  facet normal 0.3502073812594751 0.9366721892483948 0
    outer loop
      vertex -3.5836794954530027 -9.335804264972017 7
      vertex -3.420201433256687 -9.396926207859085 12
      vertex -3.420201433256687 -9.396926207859085 7
    endloop
  endfacet
  facet normal 0.38268343236509067 0.9238795325112864 0
    outer loop
      vertex -3.907311284892738 -9.205048534524403 7
      vertex -3.74606593415912 -9.271838545667874 12
      vertex -3.74606593415912 -9.271838545667874 7
    endloop
  endfacet
  facet normal 0.43051109680829147 0.9025852843498624 0
    outer loop
      vertex -4.383711467890774 -8.98794046299167 7
      vertex -4.383711467890774 -8.98794046299167 12
      vertex -4.2261826174069945 -9.063077870366499 12
    endloop
  endfacet
  facet normal 0.4461978131098088 0.8949343616020251 0
    outer loop
      vertex -4.383711467890774 -8.98794046299167 7
      vertex -4.5399049973954675 -8.910065241883679 12
      vertex -4.383711467890774 -8.98794046299167 12
    endloop
  endfacet
  facet normal 0.41469324265624147 0.9099612708765422 0
    outer loop
      vertex -4.067366430758002 -9.135454576426008 7
      vertex -4.2261826174069945 -9.063077870366499 12
      vertex -4.067366430758002 -9.135454576426008 12
    endloop
  endfacet
  facet normal 0.39874906892524764 0.9170600743851235 0
    outer loop
      vertex -4.067366430758002 -9.135454576426008 12
      vertex -3.907311284892738 -9.205048534524403 12
      vertex -3.907311284892738 -9.205048534524403 7
    endloop
  endfacet
  facet normal 0.36650122672429525 0.9304175679820254 0
    outer loop
      vertex -3.5836794954530027 -9.335804264972017 7
      vertex -3.74606593415912 -9.271838545667874 12
      vertex -3.5836794954530027 -9.335804264972017 12
    endloop
  endfacet
  facet normal 0.3502073812594751 0.9366721892483948 0
    outer loop
      vertex -3.5836794954530027 -9.335804264972017 7
      vertex -3.5836794954530027 -9.335804264972017 12
      vertex -3.420201433256687 -9.396926207859085 12
    endloop
  endfacet
  facet normal 0.38268343236509067 0.9238795325112864 0
    outer loop
      vertex -3.907311284892738 -9.205048534524403 7
      vertex -3.907311284892738 -9.205048534524403 12
      vertex -3.74606593415912 -9.271838545667874 12
    endloop
  endfacet
  facet normal 0.33380685923376824 0.9426414910921793 0
    outer loop
      vertex -3.420201433256687 -9.396926207859085 7
      vertex -3.255681544571567 -9.455185755993169 12
      vertex -3.255681544571567 -9.455185755993169 7
    endloop
  endfacet
  facet normal 0.3173046564050828 0.9483236552062025 0
    outer loop
      vertex -3.255681544571567 -9.455185755993169 7
      vertex -3.090169943749474 -9.510565162951535 12
      vertex -3.090169943749474 -9.510565162951535 7
    endloop
  endfacet
  facet normal 0.30070579950427384 0.9537169507482267 0
    outer loop
      vertex -3.090169943749474 -9.510565162951535 7
      vertex -3.090169943749474 -9.510565162951535 12
      vertex -2.9237170472273677 -9.563047559630354 7
    endloop
  endfacet
  facet normal 0.2840153447039291 0.958819734868191 0
    outer loop
      vertex -2.9237170472273677 -9.563047559630354 7
      vertex -2.9237170472273677 -9.563047559630354 12
      vertex -2.7563735581699915 -9.612616959383189 7
    endloop
  endfacet
  facet normal 0.26723837607825546 0.9636304532086234 0
    outer loop
      vertex -2.7563735581699915 -9.612616959383189 7
      vertex -2.5881904510252074 -9.659258262890683 12
      vertex -2.5881904510252074 -9.659258262890683 7
    endloop
  endfacet
  facet normal 0.25038000405444044 0.9681476403781081 0
    outer loop
      vertex -2.5881904510252074 -9.659258262890683 7
      vertex -2.5881904510252074 -9.659258262890683 12
      vertex -2.4192189559966772 -9.702957262759965 7
    endloop
  endfacet
  facet normal 0.2334453638559039 0.972369920397677 0
    outer loop
      vertex -2.24951054343865 -9.743700647852352 7
      vertex -2.4192189559966772 -9.702957262759965 7
      vertex -2.24951054343865 -9.743700647852352 12
    endloop
  endfacet
  facet normal 0.33380685923376824 0.9426414910921793 0
    outer loop
      vertex -3.420201433256687 -9.396926207859085 7
      vertex -3.420201433256687 -9.396926207859085 12
      vertex -3.255681544571567 -9.455185755993169 12
    endloop
  endfacet
  facet normal 0.3173046564050828 0.9483236552062025 0
    outer loop
      vertex -3.255681544571567 -9.455185755993169 7
      vertex -3.255681544571567 -9.455185755993169 12
      vertex -3.090169943749474 -9.510565162951535 12
    endloop
  endfacet
  facet normal 0.30070579950427384 0.9537169507482267 0
    outer loop
      vertex -2.9237170472273677 -9.563047559630354 7
      vertex -3.090169943749474 -9.510565162951535 12
      vertex -2.9237170472273677 -9.563047559630354 12
    endloop
  endfacet
  facet normal 0.26723837607825546 0.9636304532086234 0
    outer loop
      vertex -2.7563735581699915 -9.612616959383189 7
      vertex -2.7563735581699915 -9.612616959383189 12
      vertex -2.5881904510252074 -9.659258262890683 12
    endloop
  endfacet
  facet normal 0.2840153447039291 0.958819734868191 0
    outer loop
      vertex -2.7563735581699915 -9.612616959383189 7
      vertex -2.9237170472273677 -9.563047559630354 12
      vertex -2.7563735581699915 -9.612616959383189 12
    endloop
  endfacet
  facet normal 0.25038000405444044 0.9681476403781081 0
    outer loop
      vertex -2.4192189559966772 -9.702957262759965 7
      vertex -2.5881904510252074 -9.659258262890683 12
      vertex -2.4192189559966772 -9.702957262759965 12
    endloop
  endfacet
  facet normal 0.2334453638559039 0.972369920397677 0
    outer loop
      vertex -2.4192189559966772 -9.702957262759965 7
      vertex -2.4192189559966772 -9.702957262759965 12
      vertex -2.24951054343865 -9.743700647852352 12
    endloop
  endfacet
  facet normal 0.21643961393810857 0.9762960071199321 0
    outer loop
      vertex -2.24951054343865 -9.743700647852352 7
      vertex -2.24951054343865 -9.743700647852352 12
      vertex -2.0791169081775935 -9.781476007338057 7
    endloop
  endfacet
  facet normal 0.19936793441719294 0.9799247046208305 0
    outer loop
      vertex -2.0791169081775935 -9.781476007338057 7
      vertex -1.908089953765448 -9.81627183447664 12
      vertex -1.908089953765448 -9.81627183447664 7
    endloop
  endfacet
  facet normal 0.1822355254921426 0.9832549075639555 0
    outer loop
      vertex -1.908089953765448 -9.81627183447664 7
      vertex -1.7364817766693033 -9.84807753012208 12
      vertex -1.7364817766693033 -9.84807753012208 7
    endloop
  endfacet
  facet normal 0.16504760586069112 0.9862856015372291 0
    outer loop
      vertex -1.7364817766693033 -9.84807753012208 7
      vertex -1.7364817766693033 -9.84807753012208 12
      vertex -1.5643446504023086 -9.876883405951379 7
    endloop
  endfacet
  facet normal 0.14780941112960325 0.9890158633619179 0
    outer loop
      vertex -1.5643446504023086 -9.876883405951379 7
      vertex -1.5643446504023086 -9.876883405951379 12
      vertex -1.3917310096006543 -9.902680687415703 7
    endloop
  endfacet
  facet normal 0.13052619222004985 0.9914448613738106 0
    outer loop
      vertex -1.3917310096006543 -9.902680687415703 7
      vertex -1.2186934340514748 -9.92546151641322 12
      vertex -1.2186934340514748 -9.92546151641322 7
    endloop
  endfacet
  facet normal 0.21643961393810857 0.9762960071199321 0
    outer loop
      vertex -2.0791169081775935 -9.781476007338057 7
      vertex -2.24951054343865 -9.743700647852352 12
      vertex -2.0791169081775935 -9.781476007338057 12
    endloop
  endfacet
  facet normal 0.19936793441719294 0.9799247046208305 0
    outer loop
      vertex -2.0791169081775935 -9.781476007338057 7
      vertex -2.0791169081775935 -9.781476007338057 12
      vertex -1.908089953765448 -9.81627183447664 12
    endloop
  endfacet
  facet normal 0.1822355254921426 0.9832549075639555 0
    outer loop
      vertex -1.908089953765448 -9.81627183447664 7
      vertex -1.908089953765448 -9.81627183447664 12
      vertex -1.7364817766693033 -9.84807753012208 12
    endloop
  endfacet
  facet normal 0.16504760586069112 0.9862856015372291 0
    outer loop
      vertex -1.5643446504023086 -9.876883405951379 7
      vertex -1.7364817766693033 -9.84807753012208 12
      vertex -1.5643446504023086 -9.876883405951379 12
    endloop
  endfacet
  facet normal 0.14780941112960325 0.9890158633619179 0
    outer loop
      vertex -1.5643446504023086 -9.876883405951379 12
      vertex -1.3917310096006543 -9.902680687415703 12
      vertex -1.3917310096006543 -9.902680687415703 7
    endloop
  endfacet
  facet normal 0.13052619222004985 0.9914448613738106 0
    outer loop
      vertex -1.3917310096006543 -9.902680687415703 7
      vertex -1.3917310096006543 -9.902680687415703 12
      vertex -1.2186934340514748 -9.92546151641322 12
    endloop
  endfacet
  facet normal 0.11320321376790832 0.9935718556765872 0
    outer loop
      vertex -1.2186934340514748 -9.92546151641322 7
      vertex -1.2186934340514748 -9.92546151641322 12
      vertex -1.0452846326765348 -9.945218953682733 12
    endloop
  endfacet
  facet normal 0.11320321376790832 0.9935718556765872 0
    outer loop
      vertex -1.2186934340514748 -9.92546151641322 7
      vertex -1.0452846326765348 -9.945218953682733 12
      vertex -1.0452846326765348 -9.945218953682733 7
    endloop
  endfacet
  facet normal 0.09584575252022222 0.9953961983671789 0
    outer loop
      vertex -1.0452846326765348 -9.945218953682733 7
      vertex -0.8715574274765816 -9.961946980917455 12
      vertex -0.8715574274765816 -9.961946980917455 7
    endloop
  endfacet
  facet normal 0.07845909572784648 0.9969173337331279 0
    outer loop
      vertex -0.8715574274765816 -9.961946980917455 7
      vertex -0.8715574274765816 -9.961946980917455 12
      vertex -0.697564737441253 -9.975640502598242 7
    endloop
  endfacet
  facet normal 0.06104853953485362 0.9981347984218671 0
    outer loop
      vertex -0.697564737441253 -9.975640502598242 7
      vertex -0.5233595624294384 -9.986295347545738 12
      vertex -0.5233595624294384 -9.986295347545738 7
    endloop
  endfacet
  facet normal 0.0436193873653376 0.9990482215818576 0
    outer loop
      vertex -0.5233595624294384 -9.986295347545738 7
      vertex -0.3489949670250097 -9.993908270190957 12
      vertex -0.3489949670250097 -9.993908270190957 7
    endloop
  endfacet
  facet normal 0.026176948307874332 0.9996573249755573 0
    outer loop
      vertex -0.3489949670250097 -9.993908270190957 7
      vertex -0.3489949670250097 -9.993908270190957 12
      vertex -0.17452406437283513 -9.998476951563912 7
    endloop
  endfacet
  facet normal 0.008726535498374734 0.9999619230641712 0
    outer loop
      vertex -0.17452406437283513 -9.998476951563912 7
      vertex -0.17452406437283513 -9.998476951563912 12
      vertex 0 -10 7
    endloop
  endfacet
  facet normal 0.09584575252022222 0.9953961983671789 0
    outer loop
      vertex -1.0452846326765348 -9.945218953682733 7
      vertex -1.0452846326765348 -9.945218953682733 12
      vertex -0.8715574274765816 -9.961946980917455 12
    endloop
  endfacet
  facet normal 0.07845909572784648 0.9969173337331279 0
    outer loop
      vertex -0.697564737441253 -9.975640502598242 7
      vertex -0.8715574274765816 -9.961946980917455 12
      vertex -0.697564737441253 -9.975640502598242 12
    endloop
  endfacet
  facet normal 0.06104853953485362 0.9981347984218671 0
    outer loop
      vertex -0.697564737441253 -9.975640502598242 7
      vertex -0.697564737441253 -9.975640502598242 12
      vertex -0.5233595624294384 -9.986295347545738 12
    endloop
  endfacet
  facet normal 0.0436193873653376 0.9990482215818576 0
    outer loop
      vertex -0.5233595624294384 -9.986295347545738 7
      vertex -0.5233595624294384 -9.986295347545738 12
      vertex -0.3489949670250097 -9.993908270190957 12
    endloop
  endfacet
  facet normal 0.026176948307874332 0.9996573249755573 0
    outer loop
      vertex -0.17452406437283513 -9.998476951563912 7
      vertex -0.3489949670250097 -9.993908270190957 12
      vertex -0.17452406437283513 -9.998476951563912 12
    endloop
  endfacet
  facet normal 0.008726535498374734 0.9999619230641712 0
    outer loop
      vertex -0.17452406437283513 -9.998476951563912 12
      vertex 0 -10 12
      vertex 0 -10 7
    endloop
  endfacet
  facet normal 0.7933533402912326 0.6087614290087239 0
    outer loop
      vertex -7.986355100472928 -6.018150231520483 7
      vertex -7.880107536067219 -6.156614753256583 12
      vertex -7.880107536067219 -6.156614753256583 7
    endloop
  endfacet
  facet normal 0.8038568606172157 0.5948227867513435 0
    outer loop
      vertex -7.986355100472928 -6.018150231520483 7
      vertex -8.090169943749475 -5.877852522924732 7
      vertex -8.090169943749475 -5.877852522924732 12
    endloop
  endfacet
  facet normal 0.8038568606172157 0.5948227867513435 0
    outer loop
      vertex -7.986355100472928 -6.018150231520483 7
      vertex -8.090169943749475 -5.877852522924732 12
      vertex -7.986355100472928 -6.018150231520483 12
    endloop
  endfacet
  facet normal 0.7933533402912326 0.6087614290087239 0
    outer loop
      vertex -7.986355100472928 -6.018150231520483 7
      vertex -7.986355100472928 -6.018150231520483 12
      vertex -7.880107536067219 -6.156614753256583 12
    endloop
  endfacet
  facet normal 0.7253743710122895 0.6883545756937518 0
    outer loop
      vertex -7.313537016191704 -6.819983600624985 7
      vertex -7.313537016191704 -6.819983600624985 12
      vertex -7.193398003386512 -6.9465837045899725 7
    endloop
  endfacet
  facet normal 0.7132504491541831 0.7009092642998493 0
    outer loop
      vertex -7.0710678118654755 -7.0710678118654755 7
      vertex -7.193398003386512 -6.9465837045899725 7
      vertex -7.193398003386512 -6.9465837045899725 12
    endloop
  endfacet
  facet normal 0.6883545756937518 0.7253743710122895 0
    outer loop
      vertex -6.9465837045899725 -7.193398003386512 7
      vertex -6.9465837045899725 -7.193398003386512 12
      vertex -6.819983600624985 -7.313537016191704 7
    endloop
  endfacet
  facet normal 0.7009092642998493 0.7132504491541831 0
    outer loop
      vertex -6.9465837045899725 -7.193398003386512 7
      vertex -7.0710678118654755 -7.0710678118654755 7
      vertex -7.0710678118654755 -7.0710678118654755 12
    endloop
  endfacet
  facet normal 0.675590207615662 0.7372773368101224 0
    outer loop
      vertex -6.819983600624985 -7.313537016191704 7
      vertex -6.819983600624985 -7.313537016191704 12
      vertex -6.691306063588582 -7.431448254773942 12
    endloop
  endfacet
  facet normal 0.7253743710122895 0.6883545756937518 0
    outer loop
      vertex -7.193398003386512 -6.9465837045899725 7
      vertex -7.313537016191704 -6.819983600624985 12
      vertex -7.193398003386512 -6.9465837045899725 12
    endloop
  endfacet
  facet normal 0.7132504491541831 0.7009092642998493 0
    outer loop
      vertex -7.0710678118654755 -7.0710678118654755 7
      vertex -7.193398003386512 -6.9465837045899725 12
      vertex -7.0710678118654755 -7.0710678118654755 12
    endloop
  endfacet
  facet normal 0.7009092642998493 0.7132504491541831 0
    outer loop
      vertex -6.9465837045899725 -7.193398003386512 7
      vertex -7.0710678118654755 -7.0710678118654755 12
      vertex -6.9465837045899725 -7.193398003386512 12
    endloop
  endfacet
  facet normal 0.6883545756937518 0.7253743710122895 0
    outer loop
      vertex -6.819983600624985 -7.313537016191704 7
      vertex -6.9465837045899725 -7.193398003386512 12
      vertex -6.819983600624985 -7.313537016191704 12
    endloop
  endfacet
  facet normal 0.7604059656000348 0.649448048330179 0
    outer loop
      vertex -7.66044443118978 -6.4278760968653925 7
      vertex -7.66044443118978 -6.4278760968653925 12
      vertex -7.54709580222772 -6.560590289905073 7
    endloop
  endfacet
  facet normal 0.7716245833877183 0.636078220277766 0
    outer loop
      vertex -7.66044443118978 -6.4278760968653925 7
      vertex -7.771459614569709 -6.293203910498374 7
      vertex -7.66044443118978 -6.4278760968653925 12
    endloop
  endfacet
  facet normal 0.7489557207890009 0.6626200482157389 0
    outer loop
      vertex -7.431448254773942 -6.691306063588582 7
      vertex -7.54709580222772 -6.560590289905073 7
      vertex -7.54709580222772 -6.560590289905073 12
    endloop
  endfacet
  facet normal 0.7372773368101224 0.675590207615662 0
    outer loop
      vertex -7.313537016191704 -6.819983600624985 7
      vertex -7.431448254773942 -6.691306063588582 7
      vertex -7.313537016191704 -6.819983600624985 12
    endloop
  endfacet
  facet normal 0.7826081568524149 0.6225146366376182 0
    outer loop
      vertex -7.771459614569709 -6.293203910498374 7
      vertex -7.880107536067219 -6.156614753256583 7
      vertex -7.880107536067219 -6.156614753256583 12
    endloop
  endfacet
  facet normal 0.7716245833877183 0.636078220277766 0
    outer loop
      vertex -7.771459614569709 -6.293203910498374 7
      vertex -7.771459614569709 -6.293203910498374 12
      vertex -7.66044443118978 -6.4278760968653925 12
    endloop
  endfacet
  facet normal 0.7489557207890009 0.6626200482157389 0
    outer loop
      vertex -7.431448254773942 -6.691306063588582 7
      vertex -7.54709580222772 -6.560590289905073 12
      vertex -7.431448254773942 -6.691306063588582 12
    endloop
  endfacet
  facet normal 0.7372773368101224 0.675590207615662 0
    outer loop
      vertex -7.313537016191704 -6.819983600624985 12
      vertex -7.431448254773942 -6.691306063588582 7
      vertex -7.431448254773942 -6.691306063588582 12
    endloop
  endfacet
  facet normal 0.7604059656000348 0.649448048330179 0
    outer loop
      vertex -7.54709580222772 -6.560590289905073 7
      vertex -7.66044443118978 -6.4278760968653925 12
      vertex -7.54709580222772 -6.560590289905073 12
    endloop
  endfacet
  facet normal 0.7826081568524149 0.6225146366376182 0
    outer loop
      vertex -7.771459614569709 -6.293203910498374 7
      vertex -7.880107536067219 -6.156614753256583 12
      vertex -7.771459614569709 -6.293203910498374 12
    endloop
  endfacet
  facet normal 0.8526401643540881 0.5224985647159558 0
    outer loop
      vertex -8.571673007021124 -5.150380749100542 7
      vertex -8.48048096156426 -5.299192642332049 12
      vertex -8.48048096156426 -5.299192642332049 7
    endloop
  endfacet
  facet normal 0.8433914458128907 0.5372996083468159 0
    outer loop
      vertex -8.386705679454241 -5.446390350150271 7
      vertex -8.48048096156426 -5.299192642332049 7
      vertex -8.48048096156426 -5.299192642332049 12
    endloop
  endfacet
  facet normal 0.8616291604415299 0.5075383629606971 0
    outer loop
      vertex -8.571673007021124 -5.150380749100542 7
      vertex -8.660254037844386 -5 7
      vertex -8.660254037844386 -5 12
    endloop
  endfacet
  facet normal 0.8703556959398975 0.49242356010347105 0
    outer loop
      vertex -8.660254037844386 -5 7
      vertex -8.746197071393958 -4.8480962024633705 7
      vertex -8.660254037844386 -5 12
    endloop
  endfacet
  facet normal 0.8141155183563235 0.5807029557109339 0
    outer loop
      vertex -8.090169943749475 -5.877852522924732 7
      vertex -8.191520442889917 -5.7357643635104605 7
      vertex -8.191520442889917 -5.7357643635104605 12
    endloop
  endfacet
  facet normal 0.8241261886220156 0.5664062369248328 0
    outer loop
      vertex -8.290375725550415 -5.591929034707469 7
      vertex -8.290375725550415 -5.591929034707469 12
      vertex -8.191520442889917 -5.7357643635104605 7
    endloop
  endfacet
  facet normal 0.8338858220671632 0.5519369853120657 0
    outer loop
      vertex -8.290375725550415 -5.591929034707469 7
      vertex -8.386705679454241 -5.446390350150271 7
      vertex -8.290375725550415 -5.591929034707469 12
    endloop
  endfacet
  facet normal 0.8526401643540881 0.5224985647159558 0
    outer loop
      vertex -8.571673007021124 -5.150380749100542 7
      vertex -8.571673007021124 -5.150380749100542 12
      vertex -8.48048096156426 -5.299192642332049 12
    endloop
  endfacet
  facet normal 0.8616291604415299 0.5075383629606971 0
    outer loop
      vertex -8.571673007021124 -5.150380749100542 7
      vertex -8.660254037844386 -5 12
      vertex -8.571673007021124 -5.150380749100542 12
    endloop
  endfacet
  facet normal 0.8703556959398975 0.49242356010347105 0
    outer loop
      vertex -8.746197071393958 -4.8480962024633705 7
      vertex -8.746197071393958 -4.8480962024633705 12
      vertex -8.660254037844386 -5 12
    endloop
  endfacet
  facet normal 0.8241261886220156 0.5664062369248328 0
    outer loop
      vertex -8.191520442889917 -5.7357643635104605 7
      vertex -8.290375725550415 -5.591929034707469 12
      vertex -8.191520442889917 -5.7357643635104605 12
    endloop
  endfacet
  facet normal 0.8338858220671632 0.5519369853120657 0
    outer loop
      vertex -8.386705679454241 -5.446390350150271 7
      vertex -8.386705679454241 -5.446390350150271 12
      vertex -8.290375725550415 -5.591929034707469 12
    endloop
  endfacet
  facet normal 0.8433914458128907 0.5372996083468159 0
    outer loop
      vertex -8.386705679454241 -5.446390350150271 7
      vertex -8.48048096156426 -5.299192642332049 12
      vertex -8.386705679454241 -5.446390350150271 12
    endloop
  endfacet
  facet normal 0.8141155183563235 0.5807029557109339 0
    outer loop
      vertex -8.090169943749475 -5.877852522924732 7
      vertex -8.191520442889917 -5.7357643635104605 12
      vertex -8.090169943749475 -5.877852522924732 12
    endloop
  endfacet
  facet normal 0.8788171126619634 0.4771587602596122 0
    outer loop
      vertex -8.746197071393958 -4.8480962024633705 7
      vertex -8.82947592858927 -4.694715627858908 7
      vertex -8.82947592858927 -4.694715627858908 12
    endloop
  endfacet
  facet normal 0.8870108331782238 0.46174861323503 0
    outer loop
      vertex -8.82947592858927 -4.694715627858908 7
      vertex -8.910065241883679 -4.5399049973954675 7
      vertex -8.82947592858927 -4.694715627858908 12
    endloop
  endfacet
  facet normal 0.8949343616020251 0.4461978131098088 0
    outer loop
      vertex -8.910065241883679 -4.5399049973954675 7
      vertex -8.98794046299167 -4.383711467890774 7
      vertex -8.98794046299167 -4.383711467890774 12
    endloop
  endfacet
  facet normal 0.8788171126619634 0.4771587602596122 0
    outer loop
      vertex -8.746197071393958 -4.8480962024633705 7
      vertex -8.82947592858927 -4.694715627858908 12
      vertex -8.746197071393958 -4.8480962024633705 12
    endloop
  endfacet
  facet normal 0.8870108331782238 0.46174861323503 0
    outer loop
      vertex -8.910065241883679 -4.5399049973954675 7
      vertex -8.910065241883679 -4.5399049973954675 12
      vertex -8.82947592858927 -4.694715627858908 12
    endloop
  endfacet
  facet normal 0.8949343616020251 0.4461978131098088 0
    outer loop
      vertex -8.910065241883679 -4.5399049973954675 7
      vertex -8.98794046299167 -4.383711467890774 12
      vertex -8.910065241883679 -4.5399049973954675 12
    endloop
  endfacet
  facet normal 0.649448048330179 0.7604059656000348 0
    outer loop
      vertex -6.4278760968653925 -7.66044443118978 7
      vertex -6.560590289905073 -7.54709580222772 7
      vertex -6.560590289905073 -7.54709580222772 12
    endloop
  endfacet
  facet normal 0.6626200482157389 0.7489557207890009 0
    outer loop
      vertex -6.691306063588582 -7.431448254773942 7
      vertex -6.691306063588582 -7.431448254773942 12
      vertex -6.560590289905073 -7.54709580222772 7
    endloop
  endfacet
  facet normal 0.675590207615662 0.7372773368101224 0
    outer loop
      vertex -6.691306063588582 -7.431448254773942 7
      vertex -6.819983600624985 -7.313537016191704 7
      vertex -6.691306063588582 -7.431448254773942 12
    endloop
  endfacet
  facet normal 0.636078220277766 0.7716245833877183 0
    outer loop
      vertex -6.293203910498374 -7.771459614569709 7
      vertex -6.4278760968653925 -7.66044443118978 7
      vertex -6.293203910498374 -7.771459614569709 12
    endloop
  endfacet
  facet normal 0.649448048330179 0.7604059656000348 0
    outer loop
      vertex -6.4278760968653925 -7.66044443118978 7
      vertex -6.560590289905073 -7.54709580222772 12
      vertex -6.4278760968653925 -7.66044443118978 12
    endloop
  endfacet
  facet normal 0.6626200482157389 0.7489557207890009 0
    outer loop
      vertex -6.691306063588582 -7.431448254773942 12
      vertex -6.560590289905073 -7.54709580222772 12
      vertex -6.560590289905073 -7.54709580222772 7
    endloop
  endfacet
  facet normal 0.636078220277766 0.7716245833877183 0
    outer loop
      vertex -6.4278760968653925 -7.66044443118978 7
      vertex -6.4278760968653925 -7.66044443118978 12
      vertex -6.293203910498374 -7.771459614569709 12
    endloop
  endfacet
  facet normal 0.9999619230641712 -0.008726535498374734 0
    outer loop
      vertex -10 0 7
      vertex -9.998476951563912 0.17452406437283513 7
      vertex -10 0 12
    endloop
  endfacet
  facet normal 0.9996573249755573 -0.026176948307874332 0
    outer loop
      vertex -9.998476951563912 0.17452406437283513 7
      vertex -9.993908270190957 0.3489949670250097 7
      vertex -9.993908270190957 0.3489949670250097 12
    endloop
  endfacet
  facet normal 0.9990482215818576 -0.0436193873653376 0
    outer loop
      vertex -9.993908270190957 0.3489949670250097 7
      vertex -9.986295347545738 0.5233595624294384 7
      vertex -9.986295347545738 0.5233595624294384 12
    endloop
  endfacet
  facet normal 0.9981347984218671 -0.06104853953485362 0
    outer loop
      vertex -9.986295347545738 0.5233595624294384 7
      vertex -9.975640502598242 0.697564737441253 7
      vertex -9.986295347545738 0.5233595624294384 12
    endloop
  endfacet
  facet normal 0.9969173337331279 -0.07845909572784648 0
    outer loop
      vertex -9.975640502598242 0.697564737441253 7
      vertex -9.961946980917455 0.8715574274765816 7
      vertex -9.961946980917455 0.8715574274765816 12
    endloop
  endfacet
  facet normal 0.9953961983671789 -0.09584575252022222 0
    outer loop
      vertex -9.961946980917455 0.8715574274765816 7
      vertex -9.945218953682733 1.0452846326765348 7
      vertex -9.961946980917455 0.8715574274765816 12
    endloop
  endfacet
  facet normal 0.9999619230641712 -0.008726535498374734 0
    outer loop
      vertex -9.998476951563912 0.17452406437283513 7
      vertex -9.998476951563912 0.17452406437283513 12
      vertex -10 0 12
    endloop
  endfacet
  facet normal 0.9996573249755573 -0.026176948307874332 0
    outer loop
      vertex -9.998476951563912 0.17452406437283513 7
      vertex -9.993908270190957 0.3489949670250097 12
      vertex -9.998476951563912 0.17452406437283513 12
    endloop
  endfacet
  facet normal 0.9990482215818576 -0.0436193873653376 0
    outer loop
      vertex -9.993908270190957 0.3489949670250097 7
      vertex -9.986295347545738 0.5233595624294384 12
      vertex -9.993908270190957 0.3489949670250097 12
    endloop
  endfacet
  facet normal 0.9981347984218671 -0.06104853953485362 0
    outer loop
      vertex -9.975640502598242 0.697564737441253 7
      vertex -9.975640502598242 0.697564737441253 12
      vertex -9.986295347545738 0.5233595624294384 12
    endloop
  endfacet
  facet normal 0.9969173337331279 -0.07845909572784648 0
    outer loop
      vertex -9.975640502598242 0.697564737441253 7
      vertex -9.961946980917455 0.8715574274765816 12
      vertex -9.975640502598242 0.697564737441253 12
    endloop
  endfacet
  facet normal 0.9935718556765872 -0.11320321376790832 0
    outer loop
      vertex -9.945218953682733 1.0452846326765348 7
      vertex -9.92546151641322 1.2186934340514748 7
      vertex -9.945218953682733 1.0452846326765348 12
    endloop
  endfacet
  facet normal 0.9914448613738106 -0.13052619222004985 0
    outer loop
      vertex -9.92546151641322 1.2186934340514748 7
      vertex -9.902680687415703 1.3917310096006543 7
      vertex -9.92546151641322 1.2186934340514748 12
    endloop
  endfacet
  facet normal 0.9890158633619179 -0.14780941112960325 0
    outer loop
      vertex -9.902680687415703 1.3917310096006543 7
      vertex -9.876883405951379 1.5643446504023086 7
      vertex -9.876883405951379 1.5643446504023086 12
    endloop
  endfacet
  facet normal 0.9862856015372291 -0.16504760586069112 0
    outer loop
      vertex -9.876883405951379 1.5643446504023086 7
      vertex -9.84807753012208 1.7364817766693033 7
      vertex -9.84807753012208 1.7364817766693033 12
    endloop
  endfacet
  facet normal 0.9832549075639555 -0.1822355254921426 0
    outer loop
      vertex -9.84807753012208 1.7364817766693033 7
      vertex -9.81627183447664 1.908089953765448 7
      vertex -9.84807753012208 1.7364817766693033 12
    endloop
  endfacet
  facet normal 0.9953961983671789 -0.09584575252022222 0
    outer loop
      vertex -9.945218953682733 1.0452846326765348 7
      vertex -9.945218953682733 1.0452846326765348 12
      vertex -9.961946980917455 0.8715574274765816 12
    endloop
  endfacet
  facet normal 0.9935718556765872 -0.11320321376790832 0
    outer loop
      vertex -9.92546151641322 1.2186934340514748 7
      vertex -9.92546151641322 1.2186934340514748 12
      vertex -9.945218953682733 1.0452846326765348 12
    endloop
  endfacet
  facet normal 0.9914448613738106 -0.13052619222004985 0
    outer loop
      vertex -9.902680687415703 1.3917310096006543 7
      vertex -9.902680687415703 1.3917310096006543 12
      vertex -9.92546151641322 1.2186934340514748 12
    endloop
  endfacet
  facet normal 0.9890158633619179 -0.14780941112960325 0
    outer loop
      vertex -9.902680687415703 1.3917310096006543 7
      vertex -9.876883405951379 1.5643446504023086 12
      vertex -9.902680687415703 1.3917310096006543 12
    endloop
  endfacet
  facet normal 0.9862856015372291 -0.16504760586069112 0
    outer loop
      vertex -9.876883405951379 1.5643446504023086 7
      vertex -9.84807753012208 1.7364817766693033 12
      vertex -9.876883405951379 1.5643446504023086 12
    endloop
  endfacet
  facet normal 0.9832549075639555 -0.1822355254921426 0
    outer loop
      vertex -9.81627183447664 1.908089953765448 7
      vertex -9.81627183447664 1.908089953765448 12
      vertex -9.84807753012208 1.7364817766693033 12
    endloop
  endfacet
  facet normal 0.9799247046208305 -0.19936793441719294 0
    outer loop
      vertex -9.81627183447664 1.908089953765448 7
      vertex -9.781476007338057 2.0791169081775935 7
      vertex -9.781476007338057 2.0791169081775935 12
    endloop
  endfacet
  facet normal 0.9762960071199321 -0.21643961393810857 0
    outer loop
      vertex -9.781476007338057 2.0791169081775935 7
      vertex -9.743700647852352 2.24951054343865 7
      vertex -9.781476007338057 2.0791169081775935 12
    endloop
  endfacet
  facet normal 0.972369920397677 -0.2334453638559039 0
    outer loop
      vertex -9.743700647852352 2.24951054343865 7
      vertex -9.702957262759965 2.4192189559966772 7
      vertex -9.702957262759965 2.4192189559966772 12
    endloop
  endfacet
  facet normal 0.9681476403781081 -0.25038000405444044 0
    outer loop
      vertex -9.702957262759965 2.4192189559966772 7
      vertex -9.659258262890683 2.5881904510252074 7
      vertex -9.702957262759965 2.4192189559966772 12
    endloop
  endfacet
  facet normal 0.9636304532086234 -0.26723837607825546 0
    outer loop
      vertex -9.659258262890683 2.5881904510252074 7
      vertex -9.612616959383189 2.7563735581699915 7
      vertex -9.612616959383189 2.7563735581699915 12
    endloop
  endfacet
  facet normal 0.958819734868191 -0.2840153447039291 0
    outer loop
      vertex -9.612616959383189 2.7563735581699915 7
      vertex -9.563047559630354 2.9237170472273677 7
      vertex -9.563047559630354 2.9237170472273677 12
    endloop
  endfacet
  facet normal 0.9799247046208305 -0.19936793441719294 0
    outer loop
      vertex -9.81627183447664 1.908089953765448 7
      vertex -9.781476007338057 2.0791169081775935 12
      vertex -9.81627183447664 1.908089953765448 12
    endloop
  endfacet
  facet normal 0.9762960071199321 -0.21643961393810857 0
    outer loop
      vertex -9.743700647852352 2.24951054343865 7
      vertex -9.743700647852352 2.24951054343865 12
      vertex -9.781476007338057 2.0791169081775935 12
    endloop
  endfacet
  facet normal 0.972369920397677 -0.2334453638559039 0
    outer loop
      vertex -9.743700647852352 2.24951054343865 7
      vertex -9.702957262759965 2.4192189559966772 12
      vertex -9.743700647852352 2.24951054343865 12
    endloop
  endfacet
  facet normal 0.9681476403781081 -0.25038000405444044 0
    outer loop
      vertex -9.702957262759965 2.4192189559966772 12
      vertex -9.659258262890683 2.5881904510252074 7
      vertex -9.659258262890683 2.5881904510252074 12
    endloop
  endfacet
  facet normal 0.9636304532086234 -0.26723837607825546 0
    outer loop
      vertex -9.659258262890683 2.5881904510252074 7
      vertex -9.612616959383189 2.7563735581699915 12
      vertex -9.659258262890683 2.5881904510252074 12
    endloop
  endfacet
  facet normal 0.958819734868191 -0.2840153447039291 0
    outer loop
      vertex -9.612616959383189 2.7563735581699915 7
      vertex -9.563047559630354 2.9237170472273677 12
      vertex -9.612616959383189 2.7563735581699915 12
    endloop
  endfacet
  facet normal 0.9537169507482267 -0.30070579950427384 0
    outer loop
      vertex -9.563047559630354 2.9237170472273677 7
      vertex -9.510565162951535 3.090169943749474 7
      vertex -9.563047559630354 2.9237170472273677 12
    endloop
  endfacet
  facet normal 0.9483236552062025 -0.3173046564050828 0
    outer loop
      vertex -9.510565162951535 3.090169943749474 7
      vertex -9.455185755993169 3.255681544571567 7
      vertex -9.455185755993169 3.255681544571567 12
    endloop
  endfacet
  facet normal 0.9426414910921793 -0.33380685923376824 0
    outer loop
      vertex -9.455185755993169 3.255681544571567 7
      vertex -9.396926207859085 3.420201433256687 7
      vertex -9.455185755993169 3.255681544571567 12
    endloop
  endfacet
  facet normal 0.9366721892483948 -0.3502073812594751 0
    outer loop
      vertex -9.396926207859085 3.420201433256687 7
      vertex -9.335804264972017 3.5836794954530027 7
      vertex -9.396926207859085 3.420201433256687 12
    endloop
  endfacet
  facet normal 0.9304175679820254 -0.36650122672429525 0
    outer loop
      vertex -9.335804264972017 3.5836794954530027 7
      vertex -9.271838545667874 3.74606593415912 7
      vertex -9.271838545667874 3.74606593415912 12
    endloop
  endfacet
  facet normal 0.9238795325112864 -0.38268343236509067 0
    outer loop
      vertex -9.271838545667874 3.74606593415912 7
      vertex -9.205048534524403 3.907311284892738 7
      vertex -9.271838545667874 3.74606593415912 12
    endloop
  endfacet
  facet normal 0.9537169507482267 -0.30070579950427384 0
    outer loop
      vertex -9.510565162951535 3.090169943749474 7
      vertex -9.510565162951535 3.090169943749474 12
      vertex -9.563047559630354 2.9237170472273677 12
    endloop
  endfacet
  facet normal 0.9483236552062025 -0.3173046564050828 0
    outer loop
      vertex -9.510565162951535 3.090169943749474 7
      vertex -9.455185755993169 3.255681544571567 12
      vertex -9.510565162951535 3.090169943749474 12
    endloop
  endfacet
  facet normal 0.9426414910921793 -0.33380685923376824 0
    outer loop
      vertex -9.455185755993169 3.255681544571567 12
      vertex -9.396926207859085 3.420201433256687 7
      vertex -9.396926207859085 3.420201433256687 12
    endloop
  endfacet
  facet normal 0.9366721892483948 -0.3502073812594751 0
    outer loop
      vertex -9.335804264972017 3.5836794954530027 7
      vertex -9.335804264972017 3.5836794954530027 12
      vertex -9.396926207859085 3.420201433256687 12
    endloop
  endfacet
  facet normal 0.9304175679820254 -0.36650122672429525 0
    outer loop
      vertex -9.335804264972017 3.5836794954530027 7
      vertex -9.271838545667874 3.74606593415912 12
      vertex -9.335804264972017 3.5836794954530027 12
    endloop
  endfacet
  facet normal 0.9238795325112864 -0.38268343236509067 0
    outer loop
      vertex -9.205048534524403 3.907311284892738 7
      vertex -9.205048534524403 3.907311284892738 12
      vertex -9.271838545667874 3.74606593415912 12
    endloop
  endfacet
  facet normal 0.9170600743851235 -0.39874906892524764 0
    outer loop
      vertex -9.205048534524403 3.907311284892738 7
      vertex -9.135454576426008 4.067366430758002 7
      vertex -9.135454576426008 4.067366430758002 12
    endloop
  endfacet
  facet normal 0.9099612708765422 -0.41469324265624147 0
    outer loop
      vertex -9.135454576426008 4.067366430758002 7
      vertex -9.063077870366499 4.2261826174069945 7
      vertex -9.063077870366499 4.2261826174069945 12
    endloop
  endfacet
  facet normal 0.9025852843498624 -0.43051109680829147 0
    outer loop
      vertex -9.063077870366499 4.2261826174069945 7
      vertex -8.98794046299167 4.383711467890774 7
      vertex -9.063077870366499 4.2261826174069945 12
    endloop
  endfacet
  facet normal 0.9170600743851235 -0.39874906892524764 0
    outer loop
      vertex -9.205048534524403 3.907311284892738 7
      vertex -9.135454576426008 4.067366430758002 12
      vertex -9.205048534524403 3.907311284892738 12
    endloop
  endfacet
  facet normal 0.9099612708765422 -0.41469324265624147 0
    outer loop
      vertex -9.135454576426008 4.067366430758002 7
      vertex -9.063077870366499 4.2261826174069945 12
      vertex -9.135454576426008 4.067366430758002 12
    endloop
  endfacet
  facet normal 0.9025852843498624 -0.43051109680829147 0
    outer loop
      vertex -9.063077870366499 4.2261826174069945 12
      vertex -8.98794046299167 4.383711467890774 7
      vertex -8.98794046299167 4.383711467890774 12
    endloop
  endfacet
  facet normal 0.8949343616020251 -0.4461978131098088 0
    outer loop
      vertex -8.98794046299167 4.383711467890774 7
      vertex -8.910065241883679 4.5399049973954675 7
      vertex -8.98794046299167 4.383711467890774 12
    endloop
  endfacet
  facet normal 0.8870108331782238 -0.46174861323503 0
    outer loop
      vertex -8.910065241883679 4.5399049973954675 7
      vertex -8.82947592858927 4.694715627858908 7
      vertex -8.82947592858927 4.694715627858908 12
    endloop
  endfacet
  facet normal 0.8788171126619634 -0.4771587602596122 0
    outer loop
      vertex -8.82947592858927 4.694715627858908 7
      vertex -8.746197071393958 4.8480962024633705 7
      vertex -8.746197071393958 4.8480962024633705 12
    endloop
  endfacet
  facet normal 0.8949343616020251 -0.4461978131098088 0
    outer loop
      vertex -8.910065241883679 4.5399049973954675 7
      vertex -8.910065241883679 4.5399049973954675 12
      vertex -8.98794046299167 4.383711467890774 12
    endloop
  endfacet
  facet normal 0.8870108331782238 -0.46174861323503 0
    outer loop
      vertex -8.910065241883679 4.5399049973954675 7
      vertex -8.82947592858927 4.694715627858908 12
      vertex -8.910065241883679 4.5399049973954675 12
    endloop
  endfacet
  facet normal 0.8788171126619634 -0.4771587602596122 0
    outer loop
      vertex -8.82947592858927 4.694715627858908 7
      vertex -8.746197071393958 4.8480962024633705 12
      vertex -8.82947592858927 4.694715627858908 12
    endloop
  endfacet
  facet normal 0.8703556959398975 -0.49242356010347105 0
    outer loop
      vertex -8.746197071393958 4.8480962024633705 7
      vertex -8.660254037844386 5 7
      vertex -8.746197071393958 4.8480962024633705 12
    endloop
  endfacet
  facet normal 0.8616291604415299 -0.5075383629606971 0
    outer loop
      vertex -8.660254037844386 5 7
      vertex -8.571673007021124 5.150380749100542 7
      vertex -8.571673007021124 5.150380749100542 12
    endloop
  endfacet
  facet normal 0.8526401643540881 -0.5224985647159558 0
    outer loop
      vertex -8.571673007021124 5.150380749100542 7
      vertex -8.48048096156426 5.299192642332049 7
      vertex -8.571673007021124 5.150380749100542 12
    endloop
  endfacet
  facet normal 0.8433914458128907 -0.5372996083468159 0
    outer loop
      vertex -8.48048096156426 5.299192642332049 7
      vertex -8.386705679454241 5.446390350150271 7
      vertex -8.386705679454241 5.446390350150271 12
    endloop
  endfacet
  facet normal 0.8338858220671632 -0.5519369853120657 0
    outer loop
      vertex -8.386705679454241 5.446390350150271 7
      vertex -8.290375725550415 5.591929034707469 7
      vertex -8.386705679454241 5.446390350150271 12
    endloop
  endfacet
  facet normal 0.8241261886220156 -0.5664062369248328 0
    outer loop
      vertex -8.290375725550415 5.591929034707469 7
      vertex -8.191520442889917 5.7357643635104605 7
      vertex -8.191520442889917 5.7357643635104605 12
    endloop
  endfacet
  facet normal 0.8141155183563235 -0.5807029557109339 0
    outer loop
      vertex -8.191520442889917 5.7357643635104605 7
      vertex -8.090169943749475 5.877852522924732 7
      vertex -8.191520442889917 5.7357643635104605 12
    endloop
  endfacet
  facet normal 0.8703556959398975 -0.49242356010347105 0
    outer loop
      vertex -8.660254037844386 5 7
      vertex -8.660254037844386 5 12
      vertex -8.746197071393958 4.8480962024633705 12
    endloop
  endfacet
  facet normal 0.8616291604415299 -0.5075383629606971 0
    outer loop
      vertex -8.660254037844386 5 7
      vertex -8.571673007021124 5.150380749100542 12
      vertex -8.660254037844386 5 12
    endloop
  endfacet
  facet normal 0.8526401643540881 -0.5224985647159558 0
    outer loop
      vertex -8.48048096156426 5.299192642332049 7
      vertex -8.48048096156426 5.299192642332049 12
      vertex -8.571673007021124 5.150380749100542 12
    endloop
  endfacet
  facet normal 0.8433914458128907 -0.5372996083468159 0
    outer loop
      vertex -8.48048096156426 5.299192642332049 7
      vertex -8.386705679454241 5.446390350150271 12
      vertex -8.48048096156426 5.299192642332049 12
    endloop
  endfacet
  facet normal 0.8338858220671632 -0.5519369853120657 0
    outer loop
      vertex -8.290375725550415 5.591929034707469 7
      vertex -8.290375725550415 5.591929034707469 12
      vertex -8.386705679454241 5.446390350150271 12
    endloop
  endfacet
  facet normal 0.8241261886220156 -0.5664062369248328 0
    outer loop
      vertex -8.290375725550415 5.591929034707469 7
      vertex -8.191520442889917 5.7357643635104605 12
      vertex -8.290375725550415 5.591929034707469 12
    endloop
  endfacet
  facet normal 0.8141155183563235 -0.5807029557109339 0
    outer loop
      vertex -8.090169943749475 5.877852522924732 7
      vertex -8.090169943749475 5.877852522924732 12
      vertex -8.191520442889917 5.7357643635104605 12
    endloop
  endfacet
  facet normal 0.8038568606172157 -0.5948227867513435 0
    outer loop
      vertex -8.090169943749475 5.877852522924732 7
      vertex -7.986355100472928 6.018150231520483 7
      vertex -7.986355100472928 6.018150231520483 12
    endloop
  endfacet
  facet normal 0.7933533402912326 -0.6087614290087239 0
    outer loop
      vertex -7.986355100472928 6.018150231520483 7
      vertex -7.880107536067219 6.156614753256583 7
      vertex -7.986355100472928 6.018150231520483 12
    endloop
  endfacet
  facet normal 0.8038568606172157 -0.5948227867513435 0
    outer loop
      vertex -8.090169943749475 5.877852522924732 7
      vertex -7.986355100472928 6.018150231520483 12
      vertex -8.090169943749475 5.877852522924732 12
    endloop
  endfacet
  facet normal 0.7933533402912326 -0.6087614290087239 0
    outer loop
      vertex -7.986355100472928 6.018150231520483 12
      vertex -7.880107536067219 6.156614753256583 7
      vertex -7.880107536067219 6.156614753256583 12
    endloop
  endfacet
  facet normal 0.7826081568524149 -0.6225146366376182 0
    outer loop
      vertex -7.880107536067219 6.156614753256583 7
      vertex -7.771459614569709 6.293203910498374 7
      vertex -7.771459614569709 6.293203910498374 12
    endloop
  endfacet
  facet normal 0.7716245833877183 -0.636078220277766 0
    outer loop
      vertex -7.771459614569709 6.293203910498374 7
      vertex -7.66044443118978 6.4278760968653925 7
      vertex -7.771459614569709 6.293203910498374 12
    endloop
  endfacet
  facet normal 0.7604059656000348 -0.649448048330179 0
    outer loop
      vertex -7.66044443118978 6.4278760968653925 7
      vertex -7.54709580222772 6.560590289905073 7
      vertex -7.54709580222772 6.560590289905073 12
    endloop
  endfacet
  facet normal 0.7489557207890009 -0.6626200482157389 0
    outer loop
      vertex -7.54709580222772 6.560590289905073 7
      vertex -7.431448254773942 6.691306063588582 7
      vertex -7.431448254773942 6.691306063588582 12
    endloop
  endfacet
  facet normal 0.7372773368101224 -0.675590207615662 0
    outer loop
      vertex -7.431448254773942 6.691306063588582 7
      vertex -7.313537016191704 6.819983600624985 7
      vertex -7.431448254773942 6.691306063588582 12
    endloop
  endfacet
  facet normal 0.7826081568524149 -0.6225146366376182 0
    outer loop
      vertex -7.880107536067219 6.156614753256583 7
      vertex -7.771459614569709 6.293203910498374 12
      vertex -7.880107536067219 6.156614753256583 12
    endloop
  endfacet
  facet normal 0.7716245833877183 -0.636078220277766 0
    outer loop
      vertex -7.66044443118978 6.4278760968653925 7
      vertex -7.66044443118978 6.4278760968653925 12
      vertex -7.771459614569709 6.293203910498374 12
    endloop
  endfacet
  facet normal 0.7604059656000348 -0.649448048330179 0
    outer loop
      vertex -7.66044443118978 6.4278760968653925 7
      vertex -7.54709580222772 6.560590289905073 12
      vertex -7.66044443118978 6.4278760968653925 12
    endloop
  endfacet
  facet normal 0.7489557207890009 -0.6626200482157389 0
    outer loop
      vertex -7.54709580222772 6.560590289905073 7
      vertex -7.431448254773942 6.691306063588582 12
      vertex -7.54709580222772 6.560590289905073 12
    endloop
  endfacet
  facet normal 0.7372773368101224 -0.675590207615662 0
    outer loop
      vertex -7.431448254773942 6.691306063588582 12
      vertex -7.313537016191704 6.819983600624985 7
      vertex -7.313537016191704 6.819983600624985 12
    endloop
  endfacet
  facet normal 0.7253743710122895 -0.6883545756937518 0
    outer loop
      vertex -7.313537016191704 6.819983600624985 7
      vertex -7.193398003386512 6.9465837045899725 7
      vertex -7.193398003386512 6.9465837045899725 12
    endloop
  endfacet
  facet normal 0.7132504491541831 -0.7009092642998493 0
    outer loop
      vertex -7.193398003386512 6.9465837045899725 7
      vertex -7.0710678118654755 7.0710678118654755 7
      vertex -7.193398003386512 6.9465837045899725 12
    endloop
  endfacet
  facet normal 0.7009092642998493 -0.7132504491541831 0
    outer loop
      vertex -7.0710678118654755 7.0710678118654755 7
      vertex -6.9465837045899725 7.193398003386512 7
      vertex -6.9465837045899725 7.193398003386512 12
    endloop
  endfacet
  facet normal 0.6883545756937518 -0.7253743710122895 0
    outer loop
      vertex -6.9465837045899725 7.193398003386512 7
      vertex -6.819983600624985 7.313537016191704 7
      vertex -6.819983600624985 7.313537016191704 12
    endloop
  endfacet
  facet normal 0.675590207615662 -0.7372773368101224 0
    outer loop
      vertex -6.819983600624985 7.313537016191704 7
      vertex -6.691306063588582 7.431448254773942 7
      vertex -6.819983600624985 7.313537016191704 12
    endloop
  endfacet
  facet normal 0.7253743710122895 -0.6883545756937518 0
    outer loop
      vertex -7.313537016191704 6.819983600624985 7
      vertex -7.193398003386512 6.9465837045899725 12
      vertex -7.313537016191704 6.819983600624985 12
    endloop
  endfacet
  facet normal 0.7132504491541831 -0.7009092642998493 0
    outer loop
      vertex -7.0710678118654755 7.0710678118654755 7
      vertex -7.0710678118654755 7.0710678118654755 12
      vertex -7.193398003386512 6.9465837045899725 12
    endloop
  endfacet
  facet normal 0.7009092642998493 -0.7132504491541831 0
    outer loop
      vertex -7.0710678118654755 7.0710678118654755 7
      vertex -6.9465837045899725 7.193398003386512 12
      vertex -7.0710678118654755 7.0710678118654755 12
    endloop
  endfacet
  facet normal 0.6883545756937518 -0.7253743710122895 0
    outer loop
      vertex -6.9465837045899725 7.193398003386512 7
      vertex -6.819983600624985 7.313537016191704 12
      vertex -6.9465837045899725 7.193398003386512 12
    endloop
  endfacet
  facet normal 0.6626200482157389 -0.7489557207890009 0
    outer loop
      vertex -6.691306063588582 7.431448254773942 7
      vertex -6.560590289905073 7.54709580222772 7
      vertex -6.560590289905073 7.54709580222772 12
    endloop
  endfacet
  facet normal 0.649448048330179 -0.7604059656000348 0
    outer loop
      vertex -6.560590289905073 7.54709580222772 7
      vertex -6.4278760968653925 7.66044443118978 7
      vertex -6.4278760968653925 7.66044443118978 12
    endloop
  endfacet
  facet normal 0.636078220277766 -0.7716245833877183 0
    outer loop
      vertex -6.4278760968653925 7.66044443118978 7
      vertex -6.293203910498374 7.771459614569709 7
      vertex -6.4278760968653925 7.66044443118978 12
    endloop
  endfacet
  facet normal 0.675590207615662 -0.7372773368101224 0
    outer loop
      vertex -6.691306063588582 7.431448254773942 7
      vertex -6.691306063588582 7.431448254773942 12
      vertex -6.819983600624985 7.313537016191704 12
    endloop
  endfacet
  facet normal 0.6626200482157389 -0.7489557207890009 0
    outer loop
      vertex -6.691306063588582 7.431448254773942 7
      vertex -6.560590289905073 7.54709580222772 12
      vertex -6.691306063588582 7.431448254773942 12
    endloop
  endfacet
  facet normal 0.649448048330179 -0.7604059656000348 0
    outer loop
      vertex -6.560590289905073 7.54709580222772 7
      vertex -6.4278760968653925 7.66044443118978 12
      vertex -6.560590289905073 7.54709580222772 12
    endloop
  endfacet
  facet normal 0.636078220277766 -0.7716245833877183 0
    outer loop
      vertex -6.293203910498374 7.771459614569709 7
      vertex -6.293203910498374 7.771459614569709 12
      vertex -6.4278760968653925 7.66044443118978 12
    endloop
  endfacet
  facet normal 0.6225146366376182 -0.7826081568524149 0
    outer loop
      vertex -6.293203910498374 7.771459614569709 7
      vertex -6.156614753256583 7.880107536067219 7
      vertex -6.156614753256583 7.880107536067219 12
    endloop
  endfacet
  facet normal 0.6087614290087239 -0.7933533402912326 0
    outer loop
      vertex -6.156614753256583 7.880107536067219 7
      vertex -6.018150231520483 7.986355100472928 7
      vertex -6.156614753256583 7.880107536067219 12
    endloop
  endfacet
  facet normal 0.5948227867513435 -0.8038568606172157 0
    outer loop
      vertex -6.018150231520483 7.986355100472928 7
      vertex -5.877852522924732 8.090169943749475 7
      vertex -5.877852522924732 8.090169943749475 12
    endloop
  endfacet
  facet normal 0.5807029557109339 -0.8141155183563235 0
    outer loop
      vertex -5.877852522924732 8.090169943749475 7
      vertex -5.7357643635104605 8.191520442889917 7
      vertex -5.7357643635104605 8.191520442889917 12
    endloop
  endfacet
  facet normal 0.5664062369248328 -0.8241261886220156 0
    outer loop
      vertex -5.7357643635104605 8.191520442889917 7
      vertex -5.591929034707469 8.290375725550415 7
      vertex -5.591929034707469 8.290375725550415 12
    endloop
  endfacet
  facet normal 0.6225146366376182 -0.7826081568524149 0
    outer loop
      vertex -6.293203910498374 7.771459614569709 7
      vertex -6.156614753256583 7.880107536067219 12
      vertex -6.293203910498374 7.771459614569709 12
    endloop
  endfacet
  facet normal 0.6087614290087239 -0.7933533402912326 0
    outer loop
      vertex -6.018150231520483 7.986355100472928 7
      vertex -6.018150231520483 7.986355100472928 12
      vertex -6.156614753256583 7.880107536067219 12
    endloop
  endfacet
  facet normal 0.5948227867513435 -0.8038568606172157 0
    outer loop
      vertex -6.018150231520483 7.986355100472928 7
      vertex -5.877852522924732 8.090169943749475 12
      vertex -6.018150231520483 7.986355100472928 12
    endloop
  endfacet
  facet normal 0.5807029557109339 -0.8141155183563235 0
    outer loop
      vertex -5.877852522924732 8.090169943749475 7
      vertex -5.7357643635104605 8.191520442889917 12
      vertex -5.877852522924732 8.090169943749475 12
    endloop
  endfacet
  facet normal 0.5664062369248328 -0.8241261886220156 0
    outer loop
      vertex -5.7357643635104605 8.191520442889917 7
      vertex -5.591929034707469 8.290375725550415 12
      vertex -5.7357643635104605 8.191520442889917 12
    endloop
  endfacet
  facet normal 0.5519369853120657 -0.8338858220671632 0
    outer loop
      vertex -5.591929034707469 8.290375725550415 7
      vertex -5.446390350150271 8.386705679454241 7
      vertex -5.591929034707469 8.290375725550415 12
    endloop
  endfacet
  facet normal 0.5372996083468159 -0.8433914458128907 0
    outer loop
      vertex -5.446390350150271 8.386705679454241 7
      vertex -5.299192642332049 8.48048096156426 7
      vertex -5.299192642332049 8.48048096156426 12
    endloop
  endfacet
  facet normal 0.5224985647159558 -0.8526401643540881 0
    outer loop
      vertex -5.299192642332049 8.48048096156426 7
      vertex -5.150380749100542 8.571673007021124 7
      vertex -5.299192642332049 8.48048096156426 12
    endloop
  endfacet
  facet normal 0.5075383629606971 -0.8616291604415299 0
    outer loop
      vertex -5.150380749100542 8.571673007021124 7
      vertex -5 8.660254037844386 7
      vertex -5 8.660254037844386 12
    endloop
  endfacet
  facet normal 0.49242356010347105 -0.8703556959398975 0
    outer loop
      vertex -5 8.660254037844386 7
      vertex -4.8480962024633705 8.746197071393958 7
      vertex -5 8.660254037844386 12
    endloop
  endfacet
  facet normal 0.5519369853120657 -0.8338858220671632 0
    outer loop
      vertex -5.446390350150271 8.386705679454241 7
      vertex -5.446390350150271 8.386705679454241 12
      vertex -5.591929034707469 8.290375725550415 12
    endloop
  endfacet
  facet normal 0.5372996083468159 -0.8433914458128907 0
    outer loop
      vertex -5.446390350150271 8.386705679454241 7
      vertex -5.299192642332049 8.48048096156426 12
      vertex -5.446390350150271 8.386705679454241 12
    endloop
  endfacet
  facet normal 0.5224985647159558 -0.8526401643540881 0
    outer loop
      vertex -5.150380749100542 8.571673007021124 7
      vertex -5.150380749100542 8.571673007021124 12
      vertex -5.299192642332049 8.48048096156426 12
    endloop
  endfacet
  facet normal 0.5075383629606971 -0.8616291604415299 0
    outer loop
      vertex -5.150380749100542 8.571673007021124 7
      vertex -5 8.660254037844386 12
      vertex -5.150380749100542 8.571673007021124 12
    endloop
  endfacet
  facet normal 0.49242356010347105 -0.8703556959398975 0
    outer loop
      vertex -4.8480962024633705 8.746197071393958 7
      vertex -4.8480962024633705 8.746197071393958 12
      vertex -5 8.660254037844386 12
    endloop
  endfacet
  facet normal 0.4771587602596122 -0.8788171126619634 0
    outer loop
      vertex -4.8480962024633705 8.746197071393958 7
      vertex -4.694715627858908 8.82947592858927 7
      vertex -4.694715627858908 8.82947592858927 12
    endloop
  endfacet
  facet normal 0.46174861323503 -0.8870108331782238 0
    outer loop
      vertex -4.694715627858908 8.82947592858927 7
      vertex -4.5399049973954675 8.910065241883679 7
      vertex -4.694715627858908 8.82947592858927 12
    endloop
  endfacet
  facet normal 0.4771587602596122 -0.8788171126619634 0
    outer loop
      vertex -4.8480962024633705 8.746197071393958 7
      vertex -4.694715627858908 8.82947592858927 12
      vertex -4.8480962024633705 8.746197071393958 12
    endloop
  endfacet
  facet normal 0.46174861323503 -0.8870108331782238 0
    outer loop
      vertex -4.5399049973954675 8.910065241883679 7
      vertex -4.5399049973954675 8.910065241883679 12
      vertex -4.694715627858908 8.82947592858927 12
    endloop
  endfacet
  facet normal 0.4461978131098088 -0.8949343616020251 0
    outer loop
      vertex -4.5399049973954675 8.910065241883679 7
      vertex -4.383711467890774 8.98794046299167 7
      vertex -4.383711467890774 8.98794046299167 12
    endloop
  endfacet
  facet normal 0.43051109680829147 -0.9025852843498624 0
    outer loop
      vertex -4.383711467890774 8.98794046299167 7
      vertex -4.2261826174069945 9.063077870366499 7
      vertex -4.2261826174069945 9.063077870366499 12
    endloop
  endfacet
  facet normal 0.41469324265624147 -0.9099612708765422 0
    outer loop
      vertex -4.2261826174069945 9.063077870366499 7
      vertex -4.067366430758002 9.135454576426008 7
      vertex -4.2261826174069945 9.063077870366499 12
    endloop
  endfacet
  facet normal 0.39874906892524764 -0.9170600743851235 0
    outer loop
      vertex -4.067366430758002 9.135454576426008 7
      vertex -3.907311284892738 9.205048534524403 7
      vertex -4.067366430758002 9.135454576426008 12
    endloop
  endfacet
  facet normal 0.38268343236509067 -0.9238795325112864 0
    outer loop
      vertex -3.907311284892738 9.205048534524403 7
      vertex -3.74606593415912 9.271838545667874 7
      vertex -3.74606593415912 9.271838545667874 12
    endloop
  endfacet
  facet normal 0.36650122672429525 -0.9304175679820254 0
    outer loop
      vertex -3.74606593415912 9.271838545667874 7
      vertex -3.5836794954530027 9.335804264972017 7
      vertex -3.5836794954530027 9.335804264972017 12
    endloop
  endfacet
  facet normal 0.3502073812594751 -0.9366721892483948 0
    outer loop
      vertex -3.5836794954530027 9.335804264972017 7
      vertex -3.420201433256687 9.396926207859085 7
      vertex -3.5836794954530027 9.335804264972017 12
    endloop
  endfacet
  facet normal 0.4461978131098088 -0.8949343616020251 0
    outer loop
      vertex -4.5399049973954675 8.910065241883679 7
      vertex -4.383711467890774 8.98794046299167 12
      vertex -4.5399049973954675 8.910065241883679 12
    endloop
  endfacet
  facet normal 0.43051109680829147 -0.9025852843498624 0
    outer loop
      vertex -4.383711467890774 8.98794046299167 7
      vertex -4.2261826174069945 9.063077870366499 12
      vertex -4.383711467890774 8.98794046299167 12
    endloop
  endfacet
  facet normal 0.41469324265624147 -0.9099612708765422 0
    outer loop
      vertex -4.067366430758002 9.135454576426008 7
      vertex -4.067366430758002 9.135454576426008 12
      vertex -4.2261826174069945 9.063077870366499 12
    endloop
  endfacet
  facet normal 0.39874906892524764 -0.9170600743851235 0
    outer loop
      vertex -4.067366430758002 9.135454576426008 12
      vertex -3.907311284892738 9.205048534524403 7
      vertex -3.907311284892738 9.205048534524403 12
    endloop
  endfacet
  facet normal 0.38268343236509067 -0.9238795325112864 0
    outer loop
      vertex -3.907311284892738 9.205048534524403 7
      vertex -3.74606593415912 9.271838545667874 12
      vertex -3.907311284892738 9.205048534524403 12
    endloop
  endfacet
  facet normal 0.36650122672429525 -0.9304175679820254 0
    outer loop
      vertex -3.74606593415912 9.271838545667874 7
      vertex -3.5836794954530027 9.335804264972017 12
      vertex -3.74606593415912 9.271838545667874 12
    endloop
  endfacet
  facet normal 0.3502073812594751 -0.9366721892483948 0
    outer loop
      vertex -3.420201433256687 9.396926207859085 7
      vertex -3.420201433256687 9.396926207859085 12
      vertex -3.5836794954530027 9.335804264972017 12
    endloop
  endfacet
  facet normal 0.33380685923376824 -0.9426414910921793 0
    outer loop
      vertex -3.420201433256687 9.396926207859085 7
      vertex -3.255681544571567 9.455185755993169 7
      vertex -3.420201433256687 9.396926207859085 12
    endloop
  endfacet
  facet normal 0.3173046564050828 -0.9483236552062025 0
    outer loop
      vertex -3.255681544571567 9.455185755993169 7
      vertex -3.090169943749474 9.510565162951535 7
      vertex -3.255681544571567 9.455185755993169 12
    endloop
  endfacet
  facet normal 0.30070579950427384 -0.9537169507482267 0
    outer loop
      vertex -3.090169943749474 9.510565162951535 7
      vertex -2.9237170472273677 9.563047559630354 7
      vertex -2.9237170472273677 9.563047559630354 12
    endloop
  endfacet
  facet normal 0.2840153447039291 -0.958819734868191 0
    outer loop
      vertex -2.9237170472273677 9.563047559630354 7
      vertex -2.7563735581699915 9.612616959383189 7
      vertex -2.9237170472273677 9.563047559630354 12
    endloop
  endfacet
  facet normal 0.26723837607825546 -0.9636304532086234 0
    outer loop
      vertex -2.7563735581699915 9.612616959383189 7
      vertex -2.5881904510252074 9.659258262890683 7
      vertex -2.7563735581699915 9.612616959383189 12
    endloop
  endfacet
  facet normal 0.25038000405444044 -0.9681476403781081 0
    outer loop
      vertex -2.5881904510252074 9.659258262890683 7
      vertex -2.4192189559966772 9.702957262759965 7
      vertex -2.4192189559966772 9.702957262759965 12
    endloop
  endfacet
  facet normal 0.2334453638559039 -0.972369920397677 0
    outer loop
      vertex -2.4192189559966772 9.702957262759965 7
      vertex -2.24951054343865 9.743700647852352 7
      vertex -2.4192189559966772 9.702957262759965 12
    endloop
  endfacet
  facet normal 0.33380685923376824 -0.9426414910921793 0
    outer loop
      vertex -3.255681544571567 9.455185755993169 7
      vertex -3.255681544571567 9.455185755993169 12
      vertex -3.420201433256687 9.396926207859085 12
    endloop
  endfacet
  facet normal 0.3173046564050828 -0.9483236552062025 0
    outer loop
      vertex -3.090169943749474 9.510565162951535 7
      vertex -3.090169943749474 9.510565162951535 12
      vertex -3.255681544571567 9.455185755993169 12
    endloop
  endfacet
  facet normal 0.30070579950427384 -0.9537169507482267 0
    outer loop
      vertex -3.090169943749474 9.510565162951535 7
      vertex -2.9237170472273677 9.563047559630354 12
      vertex -3.090169943749474 9.510565162951535 12
    endloop
  endfacet
  facet normal 0.2840153447039291 -0.958819734868191 0
    outer loop
      vertex -2.7563735581699915 9.612616959383189 7
      vertex -2.7563735581699915 9.612616959383189 12
      vertex -2.9237170472273677 9.563047559630354 12
    endloop
  endfacet
  facet normal 0.26723837607825546 -0.9636304532086234 0
    outer loop
      vertex -2.7563735581699915 9.612616959383189 12
      vertex -2.5881904510252074 9.659258262890683 7
      vertex -2.5881904510252074 9.659258262890683 12
    endloop
  endfacet
  facet normal 0.25038000405444044 -0.9681476403781081 0
    outer loop
      vertex -2.5881904510252074 9.659258262890683 7
      vertex -2.4192189559966772 9.702957262759965 12
      vertex -2.5881904510252074 9.659258262890683 12
    endloop
  endfacet
  facet normal 0.2334453638559039 -0.972369920397677 0
    outer loop
      vertex -2.24951054343865 9.743700647852352 7
      vertex -2.24951054343865 9.743700647852352 12
      vertex -2.4192189559966772 9.702957262759965 12
    endloop
  endfacet
  facet normal 0.21643961393810857 -0.9762960071199321 0
    outer loop
      vertex -2.24951054343865 9.743700647852352 7
      vertex -2.0791169081775935 9.781476007338057 7
      vertex -2.0791169081775935 9.781476007338057 12
    endloop
  endfacet
  facet normal 0.19936793441719294 -0.9799247046208305 0
    outer loop
      vertex -2.0791169081775935 9.781476007338057 7
      vertex -1.908089953765448 9.81627183447664 7
      vertex -2.0791169081775935 9.781476007338057 12
    endloop
  endfacet
  facet normal 0.1822355254921426 -0.9832549075639555 0
    outer loop
      vertex -1.908089953765448 9.81627183447664 7
      vertex -1.7364817766693033 9.84807753012208 7
      vertex -1.7364817766693033 9.84807753012208 12
    endloop
  endfacet
  facet normal 0.16504760586069112 -0.9862856015372291 0
    outer loop
      vertex -1.7364817766693033 9.84807753012208 7
      vertex -1.5643446504023086 9.876883405951379 7
      vertex -1.7364817766693033 9.84807753012208 12
    endloop
  endfacet
  facet normal 0.14780941112960325 -0.9890158633619179 0
    outer loop
      vertex -1.5643446504023086 9.876883405951379 7
      vertex -1.3917310096006543 9.902680687415703 7
      vertex -1.3917310096006543 9.902680687415703 12
    endloop
  endfacet
  facet normal 0.13052619222004985 -0.9914448613738106 0
    outer loop
      vertex -1.3917310096006543 9.902680687415703 7
      vertex -1.2186934340514748 9.92546151641322 7
      vertex -1.3917310096006543 9.902680687415703 12
    endloop
  endfacet
  facet normal 0.21643961393810857 -0.9762960071199321 0
    outer loop
      vertex -2.24951054343865 9.743700647852352 7
      vertex -2.0791169081775935 9.781476007338057 12
      vertex -2.24951054343865 9.743700647852352 12
    endloop
  endfacet
  facet normal 0.19936793441719294 -0.9799247046208305 0
    outer loop
      vertex -1.908089953765448 9.81627183447664 7
      vertex -1.908089953765448 9.81627183447664 12
      vertex -2.0791169081775935 9.781476007338057 12
    endloop
  endfacet
  facet normal 0.1822355254921426 -0.9832549075639555 0
    outer loop
      vertex -1.908089953765448 9.81627183447664 7
      vertex -1.7364817766693033 9.84807753012208 12
      vertex -1.908089953765448 9.81627183447664 12
    endloop
  endfacet
  facet normal 0.16504760586069112 -0.9862856015372291 0
    outer loop
      vertex -1.5643446504023086 9.876883405951379 7
      vertex -1.5643446504023086 9.876883405951379 12
      vertex -1.7364817766693033 9.84807753012208 12
    endloop
  endfacet
  facet normal 0.14780941112960325 -0.9890158633619179 0
    outer loop
      vertex -1.5643446504023086 9.876883405951379 7
      vertex -1.3917310096006543 9.902680687415703 12
      vertex -1.5643446504023086 9.876883405951379 12
    endloop
  endfacet
  facet normal 0.13052619222004985 -0.9914448613738106 0
    outer loop
      vertex -1.2186934340514748 9.92546151641322 7
      vertex -1.2186934340514748 9.92546151641322 12
      vertex -1.3917310096006543 9.902680687415703 12
    endloop
  endfacet
  facet normal 0.11320321376790832 -0.9935718556765872 0
    outer loop
      vertex -1.2186934340514748 9.92546151641322 7
      vertex -1.0452846326765348 9.945218953682733 12
      vertex -1.2186934340514748 9.92546151641322 12
    endloop
  endfacet
  facet normal 0.11320321376790832 -0.9935718556765872 0
    outer loop
      vertex -1.2186934340514748 9.92546151641322 7
      vertex -1.0452846326765348 9.945218953682733 7
      vertex -1.0452846326765348 9.945218953682733 12
    endloop
  endfacet
  facet normal 0.09584575252022222 -0.9953961983671789 0
    outer loop
      vertex -1.0452846326765348 9.945218953682733 7
      vertex -0.8715574274765816 9.961946980917455 7
      vertex -1.0452846326765348 9.945218953682733 12
    endloop
  endfacet
  facet normal 0.07845909572784648 -0.9969173337331279 0
    outer loop
      vertex -0.8715574274765816 9.961946980917455 7
      vertex -0.697564737441253 9.975640502598242 7
      vertex -0.697564737441253 9.975640502598242 12
    endloop
  endfacet
  facet normal 0.06104853953485362 -0.9981347984218671 0
    outer loop
      vertex -0.697564737441253 9.975640502598242 7
      vertex -0.5233595624294384 9.986295347545738 7
      vertex -0.5233595624294384 9.986295347545738 12
    endloop
  endfacet
  facet normal 0.0436193873653376 -0.9990482215818576 0
    outer loop
      vertex -0.5233595624294384 9.986295347545738 7
      vertex -0.3489949670250097 9.993908270190957 7
      vertex -0.5233595624294384 9.986295347545738 12
    endloop
  endfacet
  facet normal 0.026176948307874332 -0.9996573249755573 0
    outer loop
      vertex -0.3489949670250097 9.993908270190957 7
      vertex -0.17452406437283513 9.998476951563912 7
      vertex -0.3489949670250097 9.993908270190957 12
    endloop
  endfacet
  facet normal 0.008726535498374734 -0.9999619230641712 0
    outer loop
      vertex -0.17452406437283513 9.998476951563912 7
      vertex 0 10 7
      vertex 0 10 12
    endloop
  endfacet
  facet normal 0.09584575252022222 -0.9953961983671789 0
    outer loop
      vertex -0.8715574274765816 9.961946980917455 7
      vertex -0.8715574274765816 9.961946980917455 12
      vertex -1.0452846326765348 9.945218953682733 12
    endloop
  endfacet
  facet normal 0.07845909572784648 -0.9969173337331279 0
    outer loop
      vertex -0.8715574274765816 9.961946980917455 7
      vertex -0.697564737441253 9.975640502598242 12
      vertex -0.8715574274765816 9.961946980917455 12
    endloop
  endfacet
  facet normal 0.06104853953485362 -0.9981347984218671 0
    outer loop
      vertex -0.697564737441253 9.975640502598242 7
      vertex -0.5233595624294384 9.986295347545738 12
      vertex -0.697564737441253 9.975640502598242 12
    endloop
  endfacet
  facet normal 0.0436193873653376 -0.9990482215818576 0
    outer loop
      vertex -0.3489949670250097 9.993908270190957 7
      vertex -0.3489949670250097 9.993908270190957 12
      vertex -0.5233595624294384 9.986295347545738 12
    endloop
  endfacet
  facet normal 0.026176948307874332 -0.9996573249755573 0
    outer loop
      vertex -0.17452406437283513 9.998476951563912 7
      vertex -0.17452406437283513 9.998476951563912 12
      vertex -0.3489949670250097 9.993908270190957 12
    endloop
  endfacet
  facet normal 0.008726535498374734 -0.9999619230641712 0
    outer loop
      vertex -0.17452406437283513 9.998476951563912 7
      vertex 0 10 12
      vertex -0.17452406437283513 9.998476951563912 12
    endloop
  endfacet
  facet normal 0 1 0
    outer loop
      vertex 0 -10 7
      vertex 0 -10 12
      vertex 10 -10 7
    endloop
  endfacet
  facet normal 0 0 -1
    outer loop
      vertex 0 -10 12
      vertex 0.17452406437283513 -9.998476951563912 12
      vertex 10 -10 12
    endloop
  endfacet
  facet normal 0 0 -1
    outer loop
      vertex 0.17452406437283513 -9.998476951563912 12
      vertex 0.3489949670250097 -9.993908270190957 12
      vertex 10 -10 12
    endloop
  endfacet
  facet normal 0 0 -1
    outer loop
      vertex 0.3489949670250097 -9.993908270190957 12
      vertex 0.5233595624294384 -9.986295347545738 12
      vertex 10 -10 12
    endloop
  endfacet
  facet normal 0 0 -1
    outer loop
      vertex 0.5233595624294384 -9.986295347545738 12
      vertex 0.697564737441253 -9.975640502598242 12
      vertex 10 -10 12
    endloop
  endfacet
  facet normal 0 0 -1
    outer loop
      vertex 0.697564737441253 -9.975640502598242 12
      vertex 0.8715574274765816 -9.961946980917455 12
      vertex 10 -10 12
    endloop
  endfacet
  facet normal 0 0 -1
    outer loop
      vertex 0.8715574274765816 -9.961946980917455 12
      vertex 1.0452846326765348 -9.945218953682733 12
      vertex 10 -10 12
    endloop
  endfacet
  facet normal 0 0 -1
    outer loop
      vertex 1.0452846326765348 -9.945218953682733 12
      vertex 1.2186934340514748 -9.92546151641322 12
      vertex 10 -10 12
    endloop
  endfacet
  facet normal 0 0 -1
    outer loop
      vertex 1.2186934340514748 -9.92546151641322 12
      vertex 1.3917310096006543 -9.902680687415703 12
      vertex 12.394579788884824 -9.708872603424945 12
    endloop
  endfacet
  facet normal 0 0 -1
    outer loop
      vertex 1.3917310096006543 -9.902680687415703 12
      vertex 1.5643446504023086 -9.876883405951379 12
      vertex 12.394579788884824 -9.708872603424945 12
    endloop
  endfacet
  facet normal 0 0 -1
    outer loop
      vertex 1.5643446504023086 -9.876883405951379 12
      vertex 1.7364817766693033 -9.84807753012208 12
      vertex 12.394579788884824 -9.708872603424945 12
    endloop
  endfacet
  facet normal 0 0 -1
    outer loop
      vertex 1.7364817766693033 -9.84807753012208 12
      vertex 1.908089953765448 -9.81627183447664 12
      vertex 12.394579788884824 -9.708872603424945 12
    endloop
  endfacet
  facet normal 0 0 -1
    outer loop
      vertex 1.908089953765448 -9.81627183447664 12
      vertex 2.0791169081775935 -9.781476007338057 12
      vertex 12.394579788884824 -9.708872603424945 12
    endloop
  endfacet
  facet normal 0 0 -1
    outer loop
      vertex 2.0791169081775935 -9.781476007338057 12
      vertex 2.24951054343865 -9.743700647852352 12
      vertex 12.394579788884824 -9.708872603424945 12
    endloop
  endfacet
  facet normal 0 1 0
    outer loop
      vertex 0 -10 12
      vertex 10 -10 12
      vertex 10 -10 7
    endloop
  endfacet
  facet normal 0 0 -1
    outer loop
      vertex 2.24951054343865 -9.743700647852352 12
      vertex 2.4192189559966772 -9.702957262759965 12
      vertex 12.394579788884824 -9.708872603424945 12
    endloop
  endfacet
  facet normal 0 0 -1
    outer loop
      vertex 2.4192189559966772 -9.702957262759965 12
      vertex 2.5881904510252074 -9.659258262890683 12
      vertex 12.394579788884824 -9.708872603424945 12
    endloop
  endfacet
  facet normal 0 0 -1
    outer loop
      vertex 2.5881904510252074 -9.659258262890683 12
      vertex 2.7563735581699915 -9.612616959383189 12
      vertex 12.394579788884824 -9.708872603424945 12
    endloop
  endfacet
  facet normal 0 0 -1
    outer loop
      vertex 2.7563735581699915 -9.612616959383189 12
      vertex 2.9237170472273677 -9.563047559630354 12
      vertex 12.394579788884824 -9.708872603424945 12
    endloop
  endfacet
  facet normal 0 0 -1
    outer loop
      vertex 2.9237170472273677 -9.563047559630354 12
      vertex 3.090169943749474 -9.510565162951535 12
      vertex 12.394579788884824 -9.708872603424945 12
    endloop
  endfacet
  facet normal 0 0 -1
    outer loop
      vertex 3.090169943749474 -9.510565162951535 12
      vertex 3.255681544571567 -9.455185755993169 12
      vertex 12.394579788884824 -9.708872603424945 12
    endloop
  endfacet
  facet normal 0 0 -1
    outer loop
      vertex 3.255681544571567 -9.455185755993169 12
      vertex 3.420201433256687 -9.396926207859085 12
      vertex 12.394579788884824 -9.708872603424945 12
    endloop
  endfacet
  facet normal 0 0 -1
    outer loop
      vertex 3.420201433256687 -9.396926207859085 12
      vertex 3.5836794954530027 -9.335804264972017 12
      vertex 12.394579788884824 -9.708872603424945 12
    endloop
  endfacet
  facet normal 0 0 -1
    outer loop
      vertex 3.5836794954530027 -9.335804264972017 12
      vertex 3.74606593415912 -9.271838545667874 12
      vertex 12.394579788884824 -9.708872603424945 12
    endloop
  endfacet
  facet normal 0 0 -1
    outer loop
      vertex 3.74606593415912 -9.271838545667874 12
      vertex 3.907311284892738 -9.205048534524403 12
      vertex 12.394579788884824 -9.708872603424945 12
    endloop
  endfacet
  facet normal 0 0 -1
    outer loop
      vertex 1.2186934340514748 -9.92546151641322 12
      vertex 12.394579788884824 -9.708872603424945 12
      vertex 10 -10 12
    endloop
  endfacet
  facet normal 0 0 -1
    outer loop
      vertex 3.907311284892738 -9.205048534524403 12
      vertex 4.067366430758002 -9.135454576426008 12
      vertex 12.394579788884824 -9.708872603424945 12
    endloop
  endfacet
  facet normal 0 0 -1
    outer loop
      vertex 4.067366430758002 -9.135454576426008 12
      vertex 4.2261826174069945 -9.063077870366499 12
      vertex 12.394579788884824 -9.708872603424945 12
    endloop
  endfacet
  facet normal 0 0 -1
    outer loop
      vertex 4.2261826174069945 -9.063077870366499 12
      vertex 4.383711467890774 -8.98794046299167 12
      vertex 12.394579788884824 -9.708872603424945 12
    endloop
  endfacet
  facet normal 0 0 -1
    outer loop
      vertex 4.383711467890774 -8.98794046299167 12
      vertex 4.5399049973954675 -8.910065241883679 12
      vertex 12.394579788884824 -9.708872603424945 12
    endloop
  endfacet
  facet normal 0 0 -1
    outer loop
      vertex 4.5399049973954675 -8.910065241883679 12
      vertex 4.694715627858908 -8.82947592858927 12
      vertex 12.394579788884824 -9.708872603424945 12
    endloop
  endfacet
  facet normal 0 0 -1
    outer loop
      vertex 4.694715627858908 -8.82947592858927 12
      vertex 4.8480962024633705 -8.746197071393958 12
      vertex 12.394579788884824 -9.708872603424945 12
    endloop
  endfacet
  facet normal 0 0 -1
    outer loop
      vertex 4.8480962024633705 -8.746197071393958 12
      vertex 5 -8.660254037844386 12
      vertex 12.394579788884824 -9.708872603424945 12
    endloop
  endfacet
  facet normal 0 0 -1
    outer loop
      vertex 5 -8.660254037844386 12
      vertex 5.150380749100542 -8.571673007021124 12
      vertex 12.394579788884824 -9.708872603424945 12
    endloop
  endfacet
  facet normal 0 0 -1
    outer loop
      vertex 5.150380749100542 -8.571673007021124 12
      vertex 5.299192642332049 -8.48048096156426 12
      vertex 12.394579788884824 -9.708872603424945 12
    endloop
  endfacet
  facet normal 0 0 -1
    outer loop
      vertex 5.299192642332049 -8.48048096156426 12
      vertex 5.446390350150271 -8.386705679454241 12
      vertex 12.394579788884824 -9.708872603424945 12
    endloop
  endfacet
  facet normal 0 0 -1
    outer loop
      vertex 5.446390350150271 -8.386705679454241 12
      vertex 5.591929034707469 -8.290375725550415 12
      vertex 12.394579788884824 -9.708872603424945 12
    endloop
  endfacet
  facet normal 0 0 -1
    outer loop
      vertex 5.591929034707469 -8.290375725550415 12
      vertex 5.7357643635104605 -8.191520442889917 12
      vertex 12.394579788884824 -9.708872603424945 12
    endloop
  endfacet
  facet normal 0 0 -1
    outer loop
      vertex 5.7357643635104605 -8.191520442889917 12
      vertex 5.877852522924732 -8.090169943749475 12
      vertex 12.394579788884824 -9.708872603424945 12
    endloop
  endfacet
  facet normal 0 0 -1
    outer loop
      vertex 5.877852522924732 -8.090169943749475 12
      vertex 6.018150231520483 -7.986355100472928 12
      vertex 12.394579788884824 -9.708872603424945 12
    endloop
  endfacet
  facet normal 0 0 -1
    outer loop
      vertex 6.018150231520483 -7.986355100472928 12
      vertex 6.156614753256583 -7.880107536067219 12
      vertex 12.394579788884824 -9.708872603424945 12
    endloop
  endfacet
  facet normal 0 0 -1
    outer loop
      vertex 6.156614753256583 -7.880107536067219 12
      vertex 6.293203910498374 -7.771459614569709 12
      vertex 12.394579788884824 -9.708872603424945 12
    endloop
  endfacet
  facet normal 0 0 -1
    outer loop
      vertex 6.293203910498374 -7.771459614569709 12
      vertex 6.4278760968653925 -7.66044443118978 12
      vertex 12.394579788884824 -9.708872603424945 12
    endloop
  endfacet
  facet normal 0 0 -1
    outer loop
      vertex 6.4278760968653925 -7.66044443118978 12
      vertex 6.560590289905073 -7.54709580222772 12
      vertex 12.394579788884824 -9.708872603424945 12
    endloop
  endfacet
  facet normal 0 0 -1
    outer loop
      vertex 6.560590289905073 -7.54709580222772 12
      vertex 6.691306063588582 -7.431448254773942 12
      vertex 12.394579788884824 -9.708872603424945 12
    endloop
  endfacet
  facet normal 0 0 -1
    outer loop
      vertex 6.691306063588582 -7.431448254773942 12
      vertex 6.819983600624985 -7.313537016191704 12
      vertex 12.394579788884824 -9.708872603424945 12
    endloop
  endfacet
  facet normal 0 0 -1
    outer loop
      vertex 6.819983600624985 -7.313537016191704 12
      vertex 6.9465837045899725 -7.193398003386512 12
      vertex 12.394579788884824 -9.708872603424945 12
    endloop
  endfacet
  facet normal 0 0 -1
    outer loop
      vertex 6.9465837045899725 -7.193398003386512 12
      vertex 7.0710678118654755 -7.0710678118654755 12
      vertex 12.394579788884824 -9.708872603424945 12
    endloop
  endfacet
  facet normal 0 0 -1
    outer loop
      vertex 7.0710678118654755 -7.0710678118654755 12
      vertex 7.193398003386512 -6.9465837045899725 12
      vertex 12.394579788884824 -9.708872603424945 12
    endloop
  endfacet
  facet normal 0 0 -1
    outer loop
      vertex 7.193398003386512 -6.9465837045899725 12
      vertex 7.313537016191704 -6.819983600624985 12
      vertex 12.394579788884824 -9.708872603424945 12
    endloop
  endfacet
  facet normal -0.008726535498374701 0.9999619230641713 0
    outer loop
      vertex 10 -10 7
      vertex 10.174524064372836 -9.998476951563912 12
      vertex 10.174524064372836 -9.998476951563912 7
    endloop
  endfacet
  facet normal -0.008726535498374701 0.9999619230641713 0
    outer loop
      vertex 10 -10 7
      vertex 10 -10 12
      vertex 10.174524064372836 -9.998476951563912 12
    endloop
  endfacet
  facet normal -0.026176948307874315 0.9996573249755573 0
    outer loop
      vertex 10.174524064372836 -9.998476951563912 7
      vertex 10.174524064372836 -9.998476951563912 12
      vertex 10.34899496702501 -9.993908270190957 7
    endloop
  endfacet
  facet normal -0.04361938736533762 0.9990482215818578 0
    outer loop
      vertex 10.34899496702501 -9.993908270190957 7
      vertex 10.34899496702501 -9.993908270190957 12
      vertex 10.52335956242944 -9.986295347545738 7
    endloop
  endfacet
  facet normal -0.061048539534853966 0.9981347984218671 0
    outer loop
      vertex 10.52335956242944 -9.986295347545738 7
      vertex 10.697564737441253 -9.975640502598242 12
      vertex 10.697564737441253 -9.975640502598242 7
    endloop
  endfacet
  facet normal -0.07845909572784648 0.9969173337331279 0
    outer loop
      vertex 10.697564737441253 -9.975640502598242 7
      vertex 10.871557427476581 -9.961946980917455 12
      vertex 10.871557427476581 -9.961946980917455 7
    endloop
  endfacet
  facet normal -0.09584575252022258 0.9953961983671789 0
    outer loop
      vertex 10.871557427476581 -9.961946980917455 7
      vertex 10.871557427476581 -9.961946980917455 12
      vertex 11.045284632676534 -9.945218953682733 7
    endloop
  endfacet
  facet normal -0.11320321376790832 0.9935718556765872 0
    outer loop
      vertex 11.045284632676534 -9.945218953682733 7
      vertex 11.218693434051474 -9.92546151641322 12
      vertex 11.218693434051474 -9.92546151641322 7
    endloop
  endfacet
  facet normal -0.026176948307874315 0.9996573249755573 0
    outer loop
      vertex 10.34899496702501 -9.993908270190957 7
      vertex 10.174524064372836 -9.998476951563912 12
      vertex 10.34899496702501 -9.993908270190957 12
    endloop
  endfacet
  facet normal -0.04361938736533762 0.9990482215818578 0
    outer loop
      vertex 10.52335956242944 -9.986295347545738 7
      vertex 10.34899496702501 -9.993908270190957 12
      vertex 10.52335956242944 -9.986295347545738 12
    endloop
  endfacet
  facet normal -0.061048539534853966 0.9981347984218671 0
    outer loop
      vertex 10.52335956242944 -9.986295347545738 7
      vertex 10.52335956242944 -9.986295347545738 12
      vertex 10.697564737441253 -9.975640502598242 12
    endloop
  endfacet
  facet normal -0.07845909572784648 0.9969173337331279 0
    outer loop
      vertex 10.697564737441253 -9.975640502598242 7
      vertex 10.697564737441253 -9.975640502598242 12
      vertex 10.871557427476581 -9.961946980917455 12
    endloop
  endfacet
  facet normal -0.09584575252022258 0.9953961983671789 0
    outer loop
      vertex 11.045284632676534 -9.945218953682733 7
      vertex 10.871557427476581 -9.961946980917455 12
      vertex 11.045284632676534 -9.945218953682733 12
    endloop
  endfacet
  facet normal -0.11320321376790832 0.9935718556765872 0
    outer loop
      vertex 11.045284632676534 -9.945218953682733 7
      vertex 11.045284632676534 -9.945218953682733 12
      vertex 11.218693434051474 -9.92546151641322 12
    endloop
  endfacet
  facet normal 0 0 -1
    outer loop
      vertex 10 -10 12
      vertex 12.394579788884824 -9.708872603424945 12
      vertex 10.174524064372836 -9.998476951563912 12
    endloop
  endfacet
  facet normal 0 0 -1
    outer loop
      vertex 10.174524064372836 -9.998476951563912 12
      vertex 12.394579788884824 -9.708872603424945 12
      vertex 10.34899496702501 -9.993908270190957 12
    endloop
  endfacet
  facet normal 0 0 -1
    outer loop
      vertex 10.34899496702501 -9.993908270190957 12
      vertex 12.394579788884824 -9.708872603424945 12
      vertex 10.52335956242944 -9.986295347545738 12
    endloop
  endfacet
  facet normal 0 0 -1
    outer loop
      vertex 10.52335956242944 -9.986295347545738 12
      vertex 12.394579788884824 -9.708872603424945 12
      vertex 10.697564737441253 -9.975640502598242 12
    endloop
  endfacet
  facet normal -0.13052619222004902 0.9914448613738108 0
    outer loop
      vertex 11.218693434051474 -9.92546151641322 7
      vertex 11.218693434051474 -9.92546151641322 12
      vertex 11.391731009600655 -9.902680687415703 7
    endloop
  endfacet
  facet normal -0.1478094111296038 0.9890158633619178 0
    outer loop
      vertex 11.391731009600655 -9.902680687415703 7
      vertex 11.564344650402308 -9.876883405951379 12
      vertex 11.564344650402308 -9.876883405951379 7
    endloop
  endfacet
  facet normal -0.1650476058606913 0.9862856015372291 0
    outer loop
      vertex 11.564344650402308 -9.876883405951379 7
      vertex 11.564344650402308 -9.876883405951379 12
      vertex 11.736481776669303 -9.84807753012208 7
    endloop
  endfacet
  facet normal -0.1822355254921426 0.9832549075639555 0
    outer loop
      vertex 11.736481776669303 -9.84807753012208 7
      vertex 11.736481776669303 -9.84807753012208 12
      vertex 11.908089953765447 -9.81627183447664 7
    endloop
  endfacet
  facet normal -0.1993679344171932 0.9799247046208304 0
    outer loop
      vertex 11.908089953765447 -9.81627183447664 7
      vertex 11.908089953765447 -9.81627183447664 12
      vertex 12.079116908177593 -9.781476007338057 7
    endloop
  endfacet
  facet normal -0.216439613938108 0.9762960071199321 0
    outer loop
      vertex 12.079116908177593 -9.781476007338057 7
      vertex 12.24951054343865 -9.743700647852352 12
      vertex 12.24951054343865 -9.743700647852352 7
    endloop
  endfacet
  facet normal -0.13052619222004902 0.9914448613738108 0
    outer loop
      vertex 11.391731009600655 -9.902680687415703 7
      vertex 11.218693434051474 -9.92546151641322 12
      vertex 11.391731009600655 -9.902680687415703 12
    endloop
  endfacet
  facet normal -0.1478094111296038 0.9890158633619178 0
    outer loop
      vertex 11.391731009600655 -9.902680687415703 7
      vertex 11.391731009600655 -9.902680687415703 12
      vertex 11.564344650402308 -9.876883405951379 12
    endloop
  endfacet
  facet normal -0.1650476058606913 0.9862856015372291 0
    outer loop
      vertex 11.736481776669303 -9.84807753012208 7
      vertex 11.564344650402308 -9.876883405951379 12
      vertex 11.736481776669303 -9.84807753012208 12
    endloop
  endfacet
  facet normal 0 0 -1
    outer loop
      vertex 10.697564737441253 -9.975640502598242 12
      vertex 12.394579788884824 -9.708872603424945 12
      vertex 10.871557427476581 -9.961946980917455 12
    endloop
  endfacet
  facet normal 0 0 -1
    outer loop
      vertex 10.871557427476581 -9.961946980917455 12
      vertex 12.394579788884824 -9.708872603424945 12
      vertex 11.045284632676534 -9.945218953682733 12
    endloop
  endfacet
  facet normal 0 0 -1
    outer loop
      vertex 11.045284632676534 -9.945218953682733 12
      vertex 12.394579788884824 -9.708872603424945 12
      vertex 11.218693434051474 -9.92546151641322 12
    endloop
  endfacet
  facet normal 0 0 -1
    outer loop
      vertex 11.218693434051474 -9.92546151641322 12
      vertex 12.394579788884824 -9.708872603424945 12
      vertex 11.391731009600655 -9.902680687415703 12
    endloop
  endfacet
  facet normal 0 0 -1
    outer loop
      vertex 11.391731009600655 -9.902680687415703 12
      vertex 12.394579788884824 -9.708872603424945 12
      vertex 11.564344650402308 -9.876883405951379 12
    endloop
  endfacet
  facet normal -0.1822355254921426 0.9832549075639555 0
    outer loop
      vertex 11.908089953765447 -9.81627183447664 7
      vertex 11.736481776669303 -9.84807753012208 12
      vertex 11.908089953765447 -9.81627183447664 12
    endloop
  endfacet
  facet normal -0.1993679344171932 0.9799247046208304 0
    outer loop
      vertex 12.079116908177593 -9.781476007338057 7
      vertex 11.908089953765447 -9.81627183447664 12
      vertex 12.079116908177593 -9.781476007338057 12
    endloop
  endfacet
  facet normal -0.216439613938108 0.9762960071199321 0
    outer loop
      vertex 12.079116908177593 -9.781476007338057 7
      vertex 12.079116908177593 -9.781476007338057 12
      vertex 12.24951054343865 -9.743700647852352 12
    endloop
  endfacet
  facet normal 0 0 -1
    outer loop
      vertex 11.564344650402308 -9.876883405951379 12
      vertex 12.394579788884824 -9.708872603424945 12
      vertex 11.736481776669303 -9.84807753012208 12
    endloop
  endfacet
  facet normal 0 0 -1
    outer loop
      vertex 11.736481776669303 -9.84807753012208 12
      vertex 12.394579788884824 -9.708872603424945 12
      vertex 11.908089953765447 -9.81627183447664 12
    endloop
  endfacet
  facet normal 0 0 -1
    outer loop
      vertex 11.908089953765447 -9.81627183447664 12
      vertex 12.394579788884824 -9.708872603424945 12
      vertex 12.079116908177593 -9.781476007338057 12
    endloop
  endfacet
  facet normal 0 0 -1
    outer loop
      vertex 12.079116908177593 -9.781476007338057 12
      vertex 12.394579788884824 -9.708872603424945 12
      vertex 12.24951054343865 -9.743700647852352 12
    endloop
  endfacet
  facet normal -0.2334453638559073 0.9723699203976762 0
    outer loop
      vertex 12.24951054343865 -9.743700647852352 7
      vertex 12.394579788884824 -9.708872603424945 12
      vertex 12.394579788884824 -9.708872603424945 7
    endloop
  endfacet
  facet normal -0.2334453638559073 0.9723699203976762 0
    outer loop
      vertex 12.24951054343865 -9.743700647852352 7
      vertex 12.24951054343865 -9.743700647852352 12
      vertex 12.394579788884824 -9.708872603424945 12
    endloop
  endfacet
  facet normal 0 0 -1
    outer loop
      vertex 7.313537016191704 -6.819983600624985 12
      vertex 7.431448254773942 -6.691306063588582 12
      vertex 12.394579788884824 -9.708872603424945 12
    endloop
  endfacet
  facet normal 0 0 -1
    outer loop
      vertex 7.431448254773942 -6.691306063588582 12
      vertex 7.54709580222772 -6.560590289905073 12
      vertex 12.394579788884824 -9.708872603424945 12
    endloop
  endfacet
  facet normal 0 0 -1
    outer loop
      vertex 7.54709580222772 -6.560590289905073 12
      vertex 7.66044443118978 -6.4278760968653925 12
      vertex 12.394579788884824 -9.708872603424945 12
    endloop
  endfacet
  facet normal 0 0 -1
    outer loop
      vertex 7.66044443118978 -6.4278760968653925 12
      vertex 7.771459614569709 -6.293203910498374 12
      vertex 12.394579788884824 -9.708872603424945 12
    endloop
  endfacet
  facet normal 0 0 -1
    outer loop
      vertex 7.771459614569709 -6.293203910498374 12
      vertex 7.880107536067219 -6.156614753256583 12
      vertex 12.394579788884824 -9.708872603424945 12
    endloop
  endfacet
  facet normal 0 0 -1
    outer loop
      vertex 7.880107536067219 -6.156614753256583 12
      vertex 7.986355100472928 -6.018150231520483 12
      vertex 12.394579788884824 -9.708872603424945 12
    endloop
  endfacet
  facet normal 0 0 -1
    outer loop
      vertex 7.986355100472928 -6.018150231520483 12
      vertex 8.090169943749475 -5.877852522924732 12
      vertex 12.394579788884824 -9.708872603424945 12
    endloop
  endfacet
  facet normal 0 0 -1
    outer loop
      vertex 8.090169943749475 -5.877852522924732 12
      vertex 8.191520442889917 -5.7357643635104605 12
      vertex 12.394579788884824 -9.708872603424945 12
    endloop
  endfacet
  facet normal 0 0 -1
    outer loop
      vertex 8.191520442889917 -5.7357643635104605 12
      vertex 8.290375725550415 -5.591929034707469 12
      vertex 12.394579788884824 -9.708872603424945 12
    endloop
  endfacet
  facet normal 0 0 -1
    outer loop
      vertex 8.290375725550415 -5.591929034707469 12
      vertex 8.386705679454241 -5.446390350150271 12
      vertex 12.394579788884824 -9.708872603424945 12
    endloop
  endfacet
  facet normal 0 0 -1
    outer loop
      vertex 8.386705679454241 -5.446390350150271 12
      vertex 8.48048096156426 -5.299192642332049 12
      vertex 12.394579788884824 -9.708872603424945 12
    endloop
  endfacet
  facet normal 0 0 -1
    outer loop
      vertex 8.48048096156426 -5.299192642332049 12
      vertex 8.571673007021124 -5.150380749100542 12
      vertex 12.394579788884824 -9.708872603424945 12
    endloop
  endfacet
  facet normal 0 0 -1
    outer loop
      vertex 8.571673007021124 -5.150380749100542 12
      vertex 8.660254037844386 -5 12
      vertex 12.394579788884824 -9.708872603424945 12
    endloop
  endfacet
  facet normal 0 0 -1
    outer loop
      vertex 8.660254037844386 -5 12
      vertex 8.746197071393958 -4.8480962024633705 12
      vertex 12.394579788884824 -9.708872603424945 12
    endloop
  endfacet
  facet normal 0 0 -1
    outer loop
      vertex 8.746197071393958 -4.8480962024633705 12
      vertex 8.82947592858927 -4.694715627858908 12
      vertex 12.394579788884824 -9.708872603424945 12
    endloop
  endfacet
  facet normal 0 0 -1
    outer loop
      vertex 8.82947592858927 -4.694715627858908 12
      vertex 8.910065241883679 -4.5399049973954675 12
      vertex 12.394579788884824 -9.708872603424945 12
    endloop
  endfacet
  facet normal 0 0 -1
    outer loop
      vertex 8.910065241883679 -4.5399049973954675 12
      vertex 8.98794046299167 -4.383711467890774 12
      vertex 12.394579788884824 -9.708872603424945 12
    endloop
  endfacet
  facet normal 0 0 -1
    outer loop
      vertex 8.98794046299167 -4.383711467890774 12
      vertex 9.063077870366499 -4.2261826174069945 12
      vertex 12.394579788884824 -9.708872603424945 12
    endloop
  endfacet
  facet normal 0 0 -1
    outer loop
      vertex 9.063077870366499 -4.2261826174069945 12
      vertex 9.135454576426008 -4.067366430758002 12
      vertex 12.394579788884824 -9.708872603424945 12
    endloop
  endfacet
  facet normal 0 0 -1
    outer loop
      vertex 9.135454576426008 -4.067366430758002 12
      vertex 9.205048534524403 -3.907311284892738 12
      vertex 12.394579788884824 -9.708872603424945 12
    endloop
  endfacet
  facet normal 0 0 -1
    outer loop
      vertex 9.205048534524403 -3.907311284892738 12
      vertex 9.271838545667874 -3.74606593415912 12
      vertex 12.394579788884824 -9.708872603424945 12
    endloop
  endfacet
  facet normal 0 0 -1
    outer loop
      vertex 9.271838545667874 -3.74606593415912 12
      vertex 9.335804264972017 -3.5836794954530027 12
      vertex 12.394579788884824 -9.708872603424945 12
    endloop
  endfacet
  facet normal 0 0 -1
    outer loop
      vertex 9.335804264972017 -3.5836794954530027 12
      vertex 9.396926207859085 -3.420201433256687 12
      vertex 12.394579788884824 -9.708872603424945 12
    endloop
  endfacet
  facet normal 0 0 -1
    outer loop
      vertex 9.396926207859085 -3.420201433256687 12
      vertex 9.455185755993169 -3.255681544571567 12
      vertex 12.394579788884824 -9.708872603424945 12
    endloop
  endfacet
  facet normal 0 0 -1
    outer loop
      vertex 9.455185755993169 -3.255681544571567 12
      vertex 9.510565162951535 -3.090169943749474 12
      vertex 12.394579788884824 -9.708872603424945 12
    endloop
  endfacet
  facet normal 0 0 -1
    outer loop
      vertex 9.510565162951535 -3.090169943749474 12
      vertex 9.563047559630354 -2.9237170472273677 12
      vertex 12.394579788884824 -9.708872603424945 12
    endloop
  endfacet
  facet normal 0 0 -1
    outer loop
      vertex 9.563047559630354 -2.9237170472273677 12
      vertex 9.612616959383189 -2.7563735581699915 12
      vertex 12.394579788884824 -9.708872603424945 12
    endloop
  endfacet
  facet normal 0 0 -1
    outer loop
      vertex 9.612616959383189 -2.7563735581699915 12
      vertex 9.659258262890683 -2.5881904510252074 12
      vertex 12.394579788884824 -9.708872603424945 12
    endloop
  endfacet
  facet normal 0 0 -1
    outer loop
      vertex 9.659258262890683 -2.5881904510252074 12
      vertex 9.702957262759965 -2.4192189559966772 12
      vertex 12.394579788884824 -9.708872603424945 12
    endloop
  endfacet
  facet normal 0 0 -1
    outer loop
      vertex 9.702957262759965 -2.4192189559966772 12
      vertex 9.743700647852352 -2.24951054343865 12
      vertex 12.394579788884824 -9.708872603424945 12
    endloop
  endfacet
  facet normal 0 0 -1
    outer loop
      vertex 9.743700647852352 -2.24951054343865 12
      vertex 9.781476007338057 -2.0791169081775935 12
      vertex 12.394579788884824 -9.708872603424945 12
    endloop
  endfacet
  facet normal 0 0 -1
    outer loop
      vertex 9.781476007338057 -2.0791169081775935 12
      vertex 9.81627183447664 -1.908089953765448 12
      vertex 12.394579788884824 -9.708872603424945 12
    endloop
  endfacet
  facet normal 0 0 -1
    outer loop
      vertex 9.81627183447664 -1.908089953765448 12
      vertex 9.84807753012208 -1.7364817766693033 12
      vertex 12.394579788884824 -9.708872603424945 12
    endloop
  endfacet
  facet normal 0 0 -1
    outer loop
      vertex 9.84807753012208 -1.7364817766693033 12
      vertex 9.876883405951379 -1.5643446504023086 12
      vertex 12.394579788884824 -9.708872603424945 12
    endloop
  endfacet
  facet normal 0 0 -1
    outer loop
      vertex 9.876883405951379 -1.5643446504023086 12
      vertex 9.902680687415703 -1.3917310096006543 12
      vertex 12.394579788884824 -9.708872603424945 12
    endloop
  endfacet
  facet normal 0 0 -1
    outer loop
      vertex 9.902680687415703 -1.3917310096006543 12
      vertex 9.92546151641322 -1.2186934340514748 12
      vertex 12.394579788884824 -9.708872603424945 12
    endloop
  endfacet
  facet normal 0 0 -1
    outer loop
      vertex 9.92546151641322 -1.2186934340514748 12
      vertex 9.945218953682733 -1.0452846326765348 12
      vertex 12.394579788884824 -9.708872603424945 12
    endloop
  endfacet
  facet normal 0 0 -1
    outer loop
      vertex 9.945218953682733 -1.0452846326765348 12
      vertex 9.961946980917455 -0.8715574274765816 12
      vertex 12.394579788884824 -9.708872603424945 12
    endloop
  endfacet
  facet normal 0 0 -1
    outer loop
      vertex 9.961946980917455 -0.8715574274765816 12
      vertex 9.975640502598242 -0.697564737441253 12
      vertex 12.394579788884824 -9.708872603424945 12
    endloop
  endfacet
  facet normal 0 0 -1
    outer loop
      vertex 9.975640502598242 -0.697564737441253 12
      vertex 9.986295347545738 -0.5233595624294384 12
      vertex 12.394579788884824 -9.708872603424945 12
    endloop
  endfacet
  facet normal 0 0 -1
    outer loop
      vertex 9.986295347545738 -0.5233595624294384 12
      vertex 9.993908270190957 -0.3489949670250097 12
      vertex 12.394579788884824 -9.708872603424945 12
    endloop
  endfacet
  facet normal 0 0 -1
    outer loop
      vertex 9.993908270190957 -0.3489949670250097 12
      vertex 9.998476951563912 -0.17452406437283513 12
      vertex 12.394579788884824 -9.708872603424945 12
    endloop
  endfacet
  facet normal 0 0 -1
    outer loop
      vertex 9.998476951563912 -0.17452406437283513 12
      vertex 10 0 12
      vertex 12.394579788884824 -9.708872603424945 12
    endloop
  endfacet
  facet normal 0 0 -1
    outer loop
      vertex 10 0 12
      vertex 9.998476951563912 0.17452406437283513 12
      vertex 12.394579788884824 -9.708872603424945 12
    endloop
  endfacet
  facet normal 0 0 -1
    outer loop
      vertex 9.998476951563912 0.17452406437283513 12
      vertex 9.993908270190957 0.3489949670250097 12
      vertex 12.394579788884824 -9.708872603424945 12
    endloop
  endfacet
  facet normal 0 0 -1
    outer loop
      vertex 7.54709580222772 6.560590289905073 12
      vertex 10 10 12
      vertex 7.66044443118978 6.4278760968653925 12
    endloop
  endfacet
  facet normal 0 0 -1
    outer loop
      vertex 7.54709580222772 6.560590289905073 12
      vertex 7.431448254773942 6.691306063588582 12
      vertex 10 10 12
    endloop
  endfacet
  facet normal 0 0 -1
    outer loop
      vertex 8.090169943749475 5.877852522924732 12
      vertex 7.986355100472928 6.018150231520483 12
      vertex 10 10 12
    endloop
  endfacet
  facet normal 0 0 -1
    outer loop
      vertex 8.48048096156426 5.299192642332049 12
      vertex 8.386705679454241 5.446390350150271 12
      vertex 10 10 12
    endloop
  endfacet
  facet normal 0 0 -1
    outer loop
      vertex 8.386705679454241 5.446390350150271 12
      vertex 8.290375725550415 5.591929034707469 12
      vertex 10 10 12
    endloop
  endfacet
  facet normal 0 0 -1
    outer loop
      vertex 8.191520442889917 5.7357643635104605 12
      vertex 10 10 12
      vertex 8.290375725550415 5.591929034707469 12
    endloop
  endfacet
  facet normal 0 0 -1
    outer loop
      vertex 8.191520442889917 5.7357643635104605 12
      vertex 8.090169943749475 5.877852522924732 12
      vertex 10 10 12
    endloop
  endfacet
  facet normal 0 0 -1
    outer loop
      vertex 7.880107536067219 6.156614753256583 12
      vertex 7.771459614569709 6.293203910498374 12
      vertex 10 10 12
    endloop
  endfacet
  facet normal 0 0 -1
    outer loop
      vertex 7.880107536067219 6.156614753256583 12
      vertex 10 10 12
      vertex 7.986355100472928 6.018150231520483 12
    endloop
  endfacet
  facet normal 0 0 -1
    outer loop
      vertex 7.771459614569709 6.293203910498374 12
      vertex 7.66044443118978 6.4278760968653925 12
      vertex 10 10 12
    endloop
  endfacet
  facet normal 0 -1 0
    outer loop
      vertex 0 10 7
      vertex 10 10 7
      vertex 0 10 12
    endloop
  endfacet
  facet normal 0 0 -1
    outer loop
      vertex 0 10 12
      vertex 10 10 12
      vertex 0.17452406437283513 9.998476951563912 12
    endloop
  endfacet
  facet normal 0 0 -1
    outer loop
      vertex 0.17452406437283513 9.998476951563912 12
      vertex 10 10 12
      vertex 0.3489949670250097 9.993908270190957 12
    endloop
  endfacet
  facet normal 0 0 -1
    outer loop
      vertex 0.3489949670250097 9.993908270190957 12
      vertex 10 10 12
      vertex 0.5233595624294384 9.986295347545738 12
    endloop
  endfacet
  facet normal 0 0 -1
    outer loop
      vertex 0.697564737441253 9.975640502598242 12
      vertex 10 10 12
      vertex 0.8715574274765816 9.961946980917455 12
    endloop
  endfacet
  facet normal 0 0 -1
    outer loop
      vertex 0.5233595624294384 9.986295347545738 12
      vertex 10 10 12
      vertex 0.697564737441253 9.975640502598242 12
    endloop
  endfacet
  facet normal 0 0 -1
    outer loop
      vertex 0.8715574274765816 9.961946980917455 12
      vertex 10 10 12
      vertex 1.0452846326765348 9.945218953682733 12
    endloop
  endfacet
  facet normal 0 0 -1
    outer loop
      vertex 1.0452846326765348 9.945218953682733 12
      vertex 10 10 12
      vertex 1.2186934340514748 9.92546151641322 12
    endloop
  endfacet
  facet normal 0 0 -1
    outer loop
      vertex 1.2186934340514748 9.92546151641322 12
      vertex 10 10 12
      vertex 1.3917310096006543 9.902680687415703 12
    endloop
  endfacet
  facet normal 0 0 -1
    outer loop
      vertex 1.3917310096006543 9.902680687415703 12
      vertex 10 10 12
      vertex 1.5643446504023086 9.876883405951379 12
    endloop
  endfacet
  facet normal 0 0 -1
    outer loop
      vertex 1.5643446504023086 9.876883405951379 12
      vertex 10 10 12
      vertex 1.7364817766693033 9.84807753012208 12
    endloop
  endfacet
  facet normal 0 0 -1
    outer loop
      vertex 2.7563735581699915 9.612616959383189 12
      vertex 10 10 12
      vertex 2.9237170472273677 9.563047559630354 12
    endloop
  endfacet
  facet normal 0 0 -1
    outer loop
      vertex 2.9237170472273677 9.563047559630354 12
      vertex 10 10 12
      vertex 3.090169943749474 9.510565162951535 12
    endloop
  endfacet
  facet normal 0 0 -1
    outer loop
      vertex 3.090169943749474 9.510565162951535 12
      vertex 10 10 12
      vertex 3.255681544571567 9.455185755993169 12
    endloop
  endfacet
  facet normal 0 0 -1
    outer loop
      vertex 3.255681544571567 9.455185755993169 12
      vertex 10 10 12
      vertex 3.420201433256687 9.396926207859085 12
    endloop
  endfacet
  facet normal 0 0 -1
    outer loop
      vertex 3.74606593415912 9.271838545667874 12
      vertex 10 10 12
      vertex 3.907311284892738 9.205048534524403 12
    endloop
  endfacet
  facet normal 0 0 -1
    outer loop
      vertex 3.420201433256687 9.396926207859085 12
      vertex 10 10 12
      vertex 3.5836794954530027 9.335804264972017 12
    endloop
  endfacet
  facet normal 0 0 -1
    outer loop
      vertex 3.5836794954530027 9.335804264972017 12
      vertex 10 10 12
      vertex 3.74606593415912 9.271838545667874 12
    endloop
  endfacet
  facet normal 0 0 -1
    outer loop
      vertex 3.907311284892738 9.205048534524403 12
      vertex 10 10 12
      vertex 4.067366430758002 9.135454576426008 12
    endloop
  endfacet
  facet normal 0 0 -1
    outer loop
      vertex 4.2261826174069945 9.063077870366499 12
      vertex 4.067366430758002 9.135454576426008 12
      vertex 10 10 12
    endloop
  endfacet
  facet normal 0 0 -1
    outer loop
      vertex 4.694715627858908 8.82947592858927 12
      vertex 4.5399049973954675 8.910065241883679 12
      vertex 10 10 12
    endloop
  endfacet
  facet normal 0 0 -1
    outer loop
      vertex 4.694715627858908 8.82947592858927 12
      vertex 10 10 12
      vertex 4.8480962024633705 8.746197071393958 12
    endloop
  endfacet
  facet normal 0 0 -1
    outer loop
      vertex 5 8.660254037844386 12
      vertex 10 10 12
      vertex 5.150380749100542 8.571673007021124 12
    endloop
  endfacet
  facet normal 0 0 -1
    outer loop
      vertex 4.8480962024633705 8.746197071393958 12
      vertex 10 10 12
      vertex 5 8.660254037844386 12
    endloop
  endfacet
  facet normal 0 0 -1
    outer loop
      vertex 4.2261826174069945 9.063077870366499 12
      vertex 10 10 12
      vertex 4.383711467890774 8.98794046299167 12
    endloop
  endfacet
  facet normal 0 0 -1
    outer loop
      vertex 4.383711467890774 8.98794046299167 12
      vertex 10 10 12
      vertex 4.5399049973954675 8.910065241883679 12
    endloop
  endfacet
  facet normal 0 0 -1
    outer loop
      vertex 1.7364817766693033 9.84807753012208 12
      vertex 10 10 12
      vertex 1.908089953765448 9.81627183447664 12
    endloop
  endfacet
  facet normal 0 0 -1
    outer loop
      vertex 2.0791169081775935 9.781476007338057 12
      vertex 10 10 12
      vertex 2.24951054343865 9.743700647852352 12
    endloop
  endfacet
  facet normal 0 0 -1
    outer loop
      vertex 1.908089953765448 9.81627183447664 12
      vertex 10 10 12
      vertex 2.0791169081775935 9.781476007338057 12
    endloop
  endfacet
  facet normal 0 0 -1
    outer loop
      vertex 2.4192189559966772 9.702957262759965 12
      vertex 2.24951054343865 9.743700647852352 12
      vertex 10 10 12
    endloop
  endfacet
  facet normal 0 0 -1
    outer loop
      vertex 2.4192189559966772 9.702957262759965 12
      vertex 10 10 12
      vertex 2.5881904510252074 9.659258262890683 12
    endloop
  endfacet
  facet normal 0 0 -1
    outer loop
      vertex 2.5881904510252074 9.659258262890683 12
      vertex 10 10 12
      vertex 2.7563735581699915 9.612616959383189 12
    endloop
  endfacet
  facet normal 0 -1 0
    outer loop
      vertex 0 10 12
      vertex 10 10 7
      vertex 10 10 12
    endloop
  endfacet
  facet normal 0 0 -1
    outer loop
      vertex 5.7357643635104605 8.191520442889917 12
      vertex 10 10 12
      vertex 5.877852522924732 8.090169943749475 12
    endloop
  endfacet
  facet normal 0 0 -1
    outer loop
      vertex 6.018150231520483 7.986355100472928 12
      vertex 5.877852522924732 8.090169943749475 12
      vertex 10 10 12
    endloop
  endfacet
  facet normal 0 0 -1
    outer loop
      vertex 6.819983600624985 7.313537016191704 12
      vertex 6.691306063588582 7.431448254773942 12
      vertex 10 10 12
    endloop
  endfacet
  facet normal 0 0 -1
    outer loop
      vertex 6.4278760968653925 7.66044443118978 12
      vertex 6.293203910498374 7.771459614569709 12
      vertex 10 10 12
    endloop
  endfacet
  facet normal 0 0 -1
    outer loop
      vertex 6.018150231520483 7.986355100472928 12
      vertex 10 10 12
      vertex 6.156614753256583 7.880107536067219 12
    endloop
  endfacet
  facet normal 0 0 -1
    outer loop
      vertex 6.156614753256583 7.880107536067219 12
      vertex 10 10 12
      vertex 6.293203910498374 7.771459614569709 12
    endloop
  endfacet
  facet normal 0 0 -1
    outer loop
      vertex 6.560590289905073 7.54709580222772 12
      vertex 6.4278760968653925 7.66044443118978 12
      vertex 10 10 12
    endloop
  endfacet
  facet normal 0 0 -1
    outer loop
      vertex 6.560590289905073 7.54709580222772 12
      vertex 10 10 12
      vertex 6.691306063588582 7.431448254773942 12
    endloop
  endfacet
  facet normal 0 0 -1
    outer loop
      vertex 5.446390350150271 8.386705679454241 12
      vertex 5.299192642332049 8.48048096156426 12
      vertex 10 10 12
    endloop
  endfacet
  facet normal 0 0 -1
    outer loop
      vertex 5.446390350150271 8.386705679454241 12
      vertex 10 10 12
      vertex 5.591929034707469 8.290375725550415 12
    endloop
  endfacet
  facet normal 0 0 -1
    outer loop
      vertex 5.150380749100542 8.571673007021124 12
      vertex 10 10 12
      vertex 5.299192642332049 8.48048096156426 12
    endloop
  endfacet
  facet normal 0 0 -1
    outer loop
      vertex 5.591929034707469 8.290375725550415 12
      vertex 10 10 12
      vertex 5.7357643635104605 8.191520442889917 12
    endloop
  endfacet
  facet normal 0 0 -1
    outer loop
      vertex 7.193398003386512 6.9465837045899725 12
      vertex 7.0710678118654755 7.0710678118654755 12
      vertex 10 10 12
    endloop
  endfacet
  facet normal 0 0 -1
    outer loop
      vertex 7.0710678118654755 7.0710678118654755 12
      vertex 6.9465837045899725 7.193398003386512 12
      vertex 10 10 12
    endloop
  endfacet
  facet normal 0 0 -1
    outer loop
      vertex 6.819983600624985 7.313537016191704 12
      vertex 10 10 12
      vertex 6.9465837045899725 7.193398003386512 12
    endloop
  endfacet
  facet normal 0 0 -1
    outer loop
      vertex 7.431448254773942 6.691306063588582 12
      vertex 7.313537016191704 6.819983600624985 12
      vertex 10 10 12
    endloop
  endfacet
  facet normal 0 0 -1
    outer loop
      vertex 7.193398003386512 6.9465837045899725 12
      vertex 10 10 12
      vertex 7.313537016191704 6.819983600624985 12
    endloop
  endfacet
  facet normal 0 0 -1
    outer loop
      vertex 9.993908270190957 0.3489949670250097 12
      vertex 10 10 12
      vertex 12.394579788884824 -9.708872603424945 12
    endloop
  endfacet
  facet normal 0 0 -1
    outer loop
      vertex 9.993908270190957 0.3489949670250097 12
      vertex 9.986295347545738 0.5233595624294384 12
      vertex 10 10 12
    endloop
  endfacet
  facet normal 0 0 -1
    outer loop
      vertex 9.975640502598242 0.697564737441253 12
      vertex 9.961946980917455 0.8715574274765816 12
      vertex 10 10 12
    endloop
  endfacet
  facet normal 0 0 -1
    outer loop
      vertex 9.986295347545738 0.5233595624294384 12
      vertex 9.975640502598242 0.697564737441253 12
      vertex 10 10 12
    endloop
  endfacet
  facet normal 0 0 -1
    outer loop
      vertex 10 10 12
      vertex 10.174524064372836 9.998476951563912 12
      vertex 12.394579788884824 -9.708872603424945 12
    endloop
  endfacet
  facet normal 0 0 -1
    outer loop
      vertex 10.174524064372836 9.998476951563912 12
      vertex 10.34899496702501 9.993908270190957 12
      vertex 12.394579788884824 -9.708872603424945 12
    endloop
  endfacet
  facet normal 0 0 -1
    outer loop
      vertex 10.34899496702501 9.993908270190957 12
      vertex 10.52335956242944 9.986295347545738 12
      vertex 12.394579788884824 -9.708872603424945 12
    endloop
  endfacet
  facet normal 0 0 -1
    outer loop
      vertex 10.52335956242944 9.986295347545738 12
      vertex 10.697564737441253 9.975640502598242 12
      vertex 12.394579788884824 -9.708872603424945 12
    endloop
  endfacet
  facet normal 0 0 -1
    outer loop
      vertex 10.697564737441253 9.975640502598242 12
      vertex 10.871557427476581 9.961946980917455 12
      vertex 12.394579788884824 -9.708872603424945 12
    endloop
  endfacet
  facet normal 0 0 -1
    outer loop
      vertex 10.871557427476581 9.961946980917455 12
      vertex 11.045284632676534 9.945218953682733 12
      vertex 12.394579788884824 -9.708872603424945 12
    endloop
  endfacet
  facet normal 0 0 -1
    outer loop
      vertex 11.045284632676534 9.945218953682733 12
      vertex 11.218693434051474 9.92546151641322 12
      vertex 12.394579788884824 -9.708872603424945 12
    endloop
  endfacet
  facet normal 0 0 -1
    outer loop
      vertex 11.218693434051474 9.92546151641322 12
      vertex 11.391731009600655 9.902680687415703 12
      vertex 12.394579788884824 -9.708872603424945 12
    endloop
  endfacet
  facet normal 0 0 -1
    outer loop
      vertex 11.391731009600655 9.902680687415703 12
      vertex 11.564344650402308 9.876883405951379 12
      vertex 12.394579788884824 -9.708872603424945 12
    endloop
  endfacet
  facet normal 0 0 -1
    outer loop
      vertex 11.564344650402308 9.876883405951379 12
      vertex 11.736481776669303 9.84807753012208 12
      vertex 12.394579788884824 -9.708872603424945 12
    endloop
  endfacet
  facet normal 0 0 -1
    outer loop
      vertex 11.736481776669303 9.84807753012208 12
      vertex 11.908089953765447 9.81627183447664 12
      vertex 12.394579788884824 -9.708872603424945 12
    endloop
  endfacet
  facet normal 0 0 -1
    outer loop
      vertex 11.908089953765447 9.81627183447664 12
      vertex 12.079116908177593 9.781476007338057 12
      vertex 12.394579788884824 -9.708872603424945 12
    endloop
  endfacet
  facet normal 0 0 -1
    outer loop
      vertex 12.079116908177593 9.781476007338057 12
      vertex 12.24951054343865 9.743700647852352 12
      vertex 12.394579788884824 -9.708872603424945 12
    endloop
  endfacet
  facet normal 0 0 -1
    outer loop
      vertex 12.24951054343865 9.743700647852352 12
      vertex 12.394579788884824 9.708872603424945 12
      vertex 12.394579788884824 -9.708872603424945 12
    endloop
  endfacet
  facet normal 0 0 -1
    outer loop
      vertex 9.961946980917455 0.8715574274765816 12
      vertex 9.945218953682733 1.0452846326765348 12
      vertex 10 10 12
    endloop
  endfacet
  facet normal 0 0 -1
    outer loop
      vertex 9.945218953682733 1.0452846326765348 12
      vertex 9.92546151641322 1.2186934340514748 12
      vertex 10 10 12
    endloop
  endfacet
  facet normal 0 0 -1
    outer loop
      vertex 9.92546151641322 1.2186934340514748 12
      vertex 9.902680687415703 1.3917310096006543 12
      vertex 10 10 12
    endloop
  endfacet
  facet normal 0 0 -1
    outer loop
      vertex 9.902680687415703 1.3917310096006543 12
      vertex 9.876883405951379 1.5643446504023086 12
      vertex 10 10 12
    endloop
  endfacet
  facet normal 0 0 -1
    outer loop
      vertex 9.781476007338057 2.0791169081775935 12
      vertex 9.743700647852352 2.24951054343865 12
      vertex 10 10 12
    endloop
  endfacet
  facet normal 0 0 -1
    outer loop
      vertex 9.876883405951379 1.5643446504023086 12
      vertex 9.84807753012208 1.7364817766693033 12
      vertex 10 10 12
    endloop
  endfacet
  facet normal 0 0 -1
    outer loop
      vertex 9.81627183447664 1.908089953765448 12
      vertex 10 10 12
      vertex 9.84807753012208 1.7364817766693033 12
    endloop
  endfacet
  facet normal 0 0 -1
    outer loop
      vertex 9.81627183447664 1.908089953765448 12
      vertex 9.781476007338057 2.0791169081775935 12
      vertex 10 10 12
    endloop
  endfacet
  facet normal 0 0 -1
    outer loop
      vertex 9.335804264972017 3.5836794954530027 12
      vertex 9.271838545667874 3.74606593415912 12
      vertex 10 10 12
    endloop
  endfacet
  facet normal 0 0 -1
    outer loop
      vertex 9.743700647852352 2.24951054343865 12
      vertex 9.702957262759965 2.4192189559966772 12
      vertex 10 10 12
    endloop
  endfacet
  facet normal 0 0 -1
    outer loop
      vertex 9.659258262890683 2.5881904510252074 12
      vertex 9.612616959383189 2.7563735581699915 12
      vertex 10 10 12
    endloop
  endfacet
  facet normal 0 0 -1
    outer loop
      vertex 9.702957262759965 2.4192189559966772 12
      vertex 9.659258262890683 2.5881904510252074 12
      vertex 10 10 12
    endloop
  endfacet
  facet normal 0 0 -1
    outer loop
      vertex 9.510565162951535 3.090169943749474 12
      vertex 10 10 12
      vertex 9.563047559630354 2.9237170472273677 12
    endloop
  endfacet
  facet normal 0 0 -1
    outer loop
      vertex 9.612616959383189 2.7563735581699915 12
      vertex 9.563047559630354 2.9237170472273677 12
      vertex 10 10 12
    endloop
  endfacet
  facet normal 0 0 -1
    outer loop
      vertex 9.510565162951535 3.090169943749474 12
      vertex 9.455185755993169 3.255681544571567 12
      vertex 10 10 12
    endloop
  endfacet
  facet normal 0 0 -1
    outer loop
      vertex 9.455185755993169 3.255681544571567 12
      vertex 9.396926207859085 3.420201433256687 12
      vertex 10 10 12
    endloop
  endfacet
  facet normal 0 0 -1
    outer loop
      vertex 9.335804264972017 3.5836794954530027 12
      vertex 10 10 12
      vertex 9.396926207859085 3.420201433256687 12
    endloop
  endfacet
  facet normal 0 0 -1
    outer loop
      vertex 9.271838545667874 3.74606593415912 12
      vertex 9.205048534524403 3.907311284892738 12
      vertex 10 10 12
    endloop
  endfacet
  facet normal 0 0 -1
    outer loop
      vertex 9.135454576426008 4.067366430758002 12
      vertex 10 10 12
      vertex 9.205048534524403 3.907311284892738 12
    endloop
  endfacet
  facet normal 0 0 -1
    outer loop
      vertex 9.063077870366499 4.2261826174069945 12
      vertex 8.98794046299167 4.383711467890774 12
      vertex 10 10 12
    endloop
  endfacet
  facet normal 0 0 -1
    outer loop
      vertex 9.135454576426008 4.067366430758002 12
      vertex 9.063077870366499 4.2261826174069945 12
      vertex 10 10 12
    endloop
  endfacet
  facet normal 0 0 -1
    outer loop
      vertex 8.98794046299167 4.383711467890774 12
      vertex 8.910065241883679 4.5399049973954675 12
      vertex 10 10 12
    endloop
  endfacet
  facet normal 0 0 -1
    outer loop
      vertex 8.82947592858927 4.694715627858908 12
      vertex 10 10 12
      vertex 8.910065241883679 4.5399049973954675 12
    endloop
  endfacet
  facet normal 0 0 -1
    outer loop
      vertex 8.82947592858927 4.694715627858908 12
      vertex 8.746197071393958 4.8480962024633705 12
      vertex 10 10 12
    endloop
  endfacet
  facet normal 0 0 -1
    outer loop
      vertex 8.746197071393958 4.8480962024633705 12
      vertex 8.660254037844386 5 12
      vertex 10 10 12
    endloop
  endfacet
  facet normal 0 0 -1
    outer loop
      vertex 8.48048096156426 5.299192642332049 12
      vertex 10 10 12
      vertex 8.571673007021124 5.150380749100542 12
    endloop
  endfacet
  facet normal 0 0 -1
    outer loop
      vertex 8.660254037844386 5 12
      vertex 8.571673007021124 5.150380749100542 12
      vertex 10 10 12
    endloop
  endfacet
  facet normal 0 0 -1
    outer loop
      vertex 18 0 12
      vertex 12.394579788884824 -9.708872603424945 12
      vertex 12.394579788884824 9.708872603424945 12
    endloop
  endfacet
  facet normal -0.008726535498374701 -0.9999619230641713 0
    outer loop
      vertex 10 10 7
      vertex 10.174524064372836 9.998476951563912 7
      vertex 10.174524064372836 9.998476951563912 12
    endloop
  endfacet
  facet normal -0.008726535498374701 -0.9999619230641713 0
    outer loop
      vertex 10 10 7
      vertex 10.174524064372836 9.998476951563912 12
      vertex 10 10 12
    endloop
  endfacet
  facet normal -0.026176948307874315 -0.9996573249755573 0
    outer loop
      vertex 10.174524064372836 9.998476951563912 7
      vertex 10.34899496702501 9.993908270190957 7
      vertex 10.174524064372836 9.998476951563912 12
    endloop
  endfacet
  facet normal -0.061048539534853966 -0.9981347984218671 0
    outer loop
      vertex 10.52335956242944 9.986295347545738 7
      vertex 10.697564737441253 9.975640502598242 7
      vertex 10.52335956242944 9.986295347545738 12
    endloop
  endfacet
  facet normal -0.04361938736533762 -0.9990482215818578 0
    outer loop
      vertex 10.34899496702501 9.993908270190957 7
      vertex 10.52335956242944 9.986295347545738 7
      vertex 10.52335956242944 9.986295347545738 12
    endloop
  endfacet
  facet normal -0.07845909572784648 -0.9969173337331279 0
    outer loop
      vertex 10.697564737441253 9.975640502598242 7
      vertex 10.871557427476581 9.961946980917455 7
      vertex 10.697564737441253 9.975640502598242 12
    endloop
  endfacet
  facet normal -0.09584575252022258 -0.9953961983671789 0
    outer loop
      vertex 10.871557427476581 9.961946980917455 7
      vertex 11.045284632676534 9.945218953682733 7
      vertex 11.045284632676534 9.945218953682733 12
    endloop
  endfacet
  facet normal -0.11320321376790832 -0.9935718556765872 0
    outer loop
      vertex 11.045284632676534 9.945218953682733 7
      vertex 11.218693434051474 9.92546151641322 7
      vertex 11.045284632676534 9.945218953682733 12
    endloop
  endfacet
  facet normal -0.026176948307874315 -0.9996573249755573 0
    outer loop
      vertex 10.34899496702501 9.993908270190957 7
      vertex 10.34899496702501 9.993908270190957 12
      vertex 10.174524064372836 9.998476951563912 12
    endloop
  endfacet
  facet normal -0.061048539534853966 -0.9981347984218671 0
    outer loop
      vertex 10.697564737441253 9.975640502598242 7
      vertex 10.697564737441253 9.975640502598242 12
      vertex 10.52335956242944 9.986295347545738 12
    endloop
  endfacet
  facet normal -0.04361938736533762 -0.9990482215818578 0
    outer loop
      vertex 10.34899496702501 9.993908270190957 7
      vertex 10.52335956242944 9.986295347545738 12
      vertex 10.34899496702501 9.993908270190957 12
    endloop
  endfacet
  facet normal -0.07845909572784648 -0.9969173337331279 0
    outer loop
      vertex 10.871557427476581 9.961946980917455 7
      vertex 10.871557427476581 9.961946980917455 12
      vertex 10.697564737441253 9.975640502598242 12
    endloop
  endfacet
  facet normal -0.09584575252022258 -0.9953961983671789 0
    outer loop
      vertex 10.871557427476581 9.961946980917455 7
      vertex 11.045284632676534 9.945218953682733 12
      vertex 10.871557427476581 9.961946980917455 12
    endloop
  endfacet
  facet normal -0.11320321376790832 -0.9935718556765872 0
    outer loop
      vertex 11.218693434051474 9.92546151641322 7
      vertex 11.218693434051474 9.92546151641322 12
      vertex 11.045284632676534 9.945218953682733 12
    endloop
  endfacet
  facet normal -0.2334453638559073 -0.9723699203976762 0
    outer loop
      vertex 12.24951054343865 9.743700647852352 7
      vertex 12.394579788884824 9.708872603424945 7
      vertex 12.24951054343865 9.743700647852352 12
    endloop
  endfacet
  facet normal -0.2334453638559073 -0.9723699203976762 0
    outer loop
      vertex 12.24951054343865 9.743700647852352 12
      vertex 12.394579788884824 9.708872603424945 7
      vertex 12.394579788884824 9.708872603424945 12
    endloop
  endfacet
  facet normal -0.13052619222004902 -0.9914448613738108 0
    outer loop
      vertex 11.218693434051474 9.92546151641322 7
      vertex 11.391731009600655 9.902680687415703 7
      vertex 11.218693434051474 9.92546151641322 12
    endloop
  endfacet
  facet normal -0.1478094111296038 -0.9890158633619178 0
    outer loop
      vertex 11.391731009600655 9.902680687415703 7
      vertex 11.564344650402308 9.876883405951379 7
      vertex 11.564344650402308 9.876883405951379 12
    endloop
  endfacet
  facet normal -0.1650476058606913 -0.9862856015372291 0
    outer loop
      vertex 11.564344650402308 9.876883405951379 7
      vertex 11.736481776669303 9.84807753012208 7
      vertex 11.736481776669303 9.84807753012208 12
    endloop
  endfacet
  facet normal -0.1822355254921426 -0.9832549075639555 0
    outer loop
      vertex 11.736481776669303 9.84807753012208 7
      vertex 11.908089953765447 9.81627183447664 7
      vertex 11.908089953765447 9.81627183447664 12
    endloop
  endfacet
  facet normal -0.1993679344171932 -0.9799247046208304 0
    outer loop
      vertex 11.908089953765447 9.81627183447664 7
      vertex 12.079116908177593 9.781476007338057 7
      vertex 11.908089953765447 9.81627183447664 12
    endloop
  endfacet
  facet normal -0.216439613938108 -0.9762960071199321 0
    outer loop
      vertex 12.079116908177593 9.781476007338057 7
      vertex 12.24951054343865 9.743700647852352 7
      vertex 12.24951054343865 9.743700647852352 12
    endloop
  endfacet
  facet normal -0.13052619222004902 -0.9914448613738108 0
    outer loop
      vertex 11.391731009600655 9.902680687415703 7
      vertex 11.391731009600655 9.902680687415703 12
      vertex 11.218693434051474 9.92546151641322 12
    endloop
  endfacet
  facet normal -0.1478094111296038 -0.9890158633619178 0
    outer loop
      vertex 11.391731009600655 9.902680687415703 7
      vertex 11.564344650402308 9.876883405951379 12
      vertex 11.391731009600655 9.902680687415703 12
    endloop
  endfacet
  facet normal -0.1650476058606913 -0.9862856015372291 0
    outer loop
      vertex 11.564344650402308 9.876883405951379 7
      vertex 11.736481776669303 9.84807753012208 12
      vertex 11.564344650402308 9.876883405951379 12
    endloop
  endfacet
  facet normal -0.1822355254921426 -0.9832549075639555 0
    outer loop
      vertex 11.736481776669303 9.84807753012208 7
      vertex 11.908089953765447 9.81627183447664 12
      vertex 11.736481776669303 9.84807753012208 12
    endloop
  endfacet
  facet normal -0.1993679344171932 -0.9799247046208304 0
    outer loop
      vertex 12.079116908177593 9.781476007338057 7
      vertex 12.079116908177593 9.781476007338057 12
      vertex 11.908089953765447 9.81627183447664 12
    endloop
  endfacet
  facet normal -0.216439613938108 -0.9762960071199321 0
    outer loop
      vertex 12.079116908177593 9.781476007338057 7
      vertex 12.24951054343865 9.743700647852352 12
      vertex 12.079116908177593 9.781476007338057 12
    endloop
  endfacet
endsolid OpenSCAD_Model
